$date
	Wed Aug 12 09:30:58 2026
$end
$version
	Icarus Verilog
$end
$timescale
	1ps
$end
$scope module tb_sync_fifo $end
$var wire 1 ! underflow $end
$var wire 8 " rd_data [7:0] $end
$var wire 1 # overflow $end
$var wire 1 $ full $end
$var wire 1 % empty $end
$var wire 5 & count [4:0] $end
$var wire 1 ' almost_full $end
$var wire 1 ( almost_empty $end
$var parameter 32 ) ADDR_WIDTH $end
$var parameter 32 * DATA_WIDTH $end
$var parameter 32 + DEPTH $end
$var parameter 32 , NUM_RANDOM_TXNS $end
$var parameter 32 - REF_SIZE $end
$var reg 1 . clk $end
$var reg 1 / cmp_pending $end
$var reg 8 0 cmp_val [7:0] $end
$var reg 1 1 do_rd $end
$var reg 1 2 do_wr $end
$var reg 1 3 rd_accept $end
$var reg 1 4 rd_en $end
$var reg 8 5 rnd_data [7:0] $end
$var reg 1 6 rst_n $end
$var reg 1 7 wr_accept $end
$var reg 8 8 wr_data [7:0] $end
$var reg 1 9 wr_en $end
$var integer 32 : consec_rd [31:0] $end
$var integer 32 ; consec_wr [31:0] $end
$var integer 32 < cov_hit_almost_empty [31:0] $end
$var integer 32 = cov_hit_almost_full [31:0] $end
$var integer 32 > cov_hit_back_to_back_rd [31:0] $end
$var integer 32 ? cov_hit_back_to_back_wr [31:0] $end
$var integer 32 @ cov_hit_empty [31:0] $end
$var integer 32 A cov_hit_full [31:0] $end
$var integer 32 B cov_hit_rd_reject [31:0] $end
$var integer 32 C cov_hit_simul_rw [31:0] $end
$var integer 32 D cov_hit_simul_rw_full [31:0] $end
$var integer 32 E cov_hit_wr_reject [31:0] $end
$var integer 32 F i [31:0] $end
$var integer 32 G overflow_events [31:0] $end
$var integer 32 H reads_accepted [31:0] $end
$var integer 32 I ref_count [31:0] $end
$var integer 32 J ref_head [31:0] $end
$var integer 32 K ref_tail [31:0] $end
$var integer 32 L total_checks [31:0] $end
$var integer 32 M total_errors [31:0] $end
$var integer 32 N underflow_events [31:0] $end
$var integer 32 O writes_accepted [31:0] $end
$scope module dut $end
$var wire 1 . clk $end
$var wire 1 $ full $end
$var wire 1 4 rd_en $end
$var wire 1 P rd_valid $end
$var wire 1 6 rst_n $end
$var wire 8 Q wr_data [7:0] $end
$var wire 1 9 wr_en $end
$var wire 1 R wr_valid $end
$var wire 4 S wr_addr [3:0] $end
$var wire 4 T rd_addr [3:0] $end
$var wire 1 % empty $end
$var wire 5 U count [4:0] $end
$var wire 1 ' almost_full $end
$var wire 1 ( almost_empty $end
$var parameter 32 V ADDR_WIDTH $end
$var parameter 32 W DATA_WIDTH $end
$var parameter 32 X DEPTH $end
$var reg 1 # overflow $end
$var reg 8 Y rd_data [7:0] $end
$var reg 5 Z rd_ptr [4:0] $end
$var reg 1 ! underflow $end
$var reg 5 [ wr_ptr [4:0] $end
$upscope $end
$scope begin $unm_blk_41 $end
$var integer 32 \ bins_hit [31:0] $end
$upscope $end
$scope task apply_reset $end
$upscope $end
$scope task check_and_score $end
$upscope $end
$scope task drive_cycle $end
$upscope $end
$scope task ref_pop $end
$upscope $end
$scope task ref_push $end
$upscope $end
$scope task report_coverage_bin $end
$upscope $end
$upscope $end
$enddefinitions $end
$comment Show the parameter values. $end
$dumpall
b10000 X
b1000 W
b100 V
b1000000000000 -
b11111010000 ,
b10000 +
b1000 *
b100 )
$end
#0
$dumpvars
bx \
bx [
bx Z
bx Y
bx U
bx T
bx S
0R
b0 Q
0P
b0 O
b0 N
b0 M
b0 L
b0 K
b0 J
b0 I
b0 H
b0 G
bx F
b0 E
b0 D
b0 C
b0 B
b0 A
b0 @
b0 ?
b0 >
b0 =
b0 <
b0 ;
b0 :
09
b0 8
x7
06
bx 5
04
x3
x2
x1
bx 0
0/
0.
x(
x'
bx &
x%
x$
x#
bx "
x!
$end
#5000
0$
b0 S
b0 T
1%
0'
0(
b0 &
b0 U
b0 [
b0 "
b0 Y
b0 Z
0!
0#
1.
#10000
0.
#15000
1.
#20000
0.
#25000
16
1.
#30000
0.
#35000
1.
#36000
1R
19
03
17
b0 F
#40000
0.
#45000
b1 S
0%
1(
b1 &
b1 U
b1 [
1.
#46000
b1 8
b1 Q
b1 F
b1 ;
b1 <
b1 O
b1 I
b1 K
#50000
0.
#55000
b10 S
0(
b10 &
b10 U
b10 [
1.
#56000
b10 8
b10 Q
b10 F
b10 ;
b10 O
b10 I
b10 K
#60000
0.
#65000
b11 S
b11 &
b11 U
b11 [
1.
#66000
b11 8
b11 Q
b11 F
b11 ;
b11 O
b11 I
b11 K
#70000
0.
#75000
b100 S
b100 &
b100 U
b100 [
1.
#76000
b100 8
b100 Q
b100 F
b1 ?
b100 ;
b100 O
b100 I
b100 K
#80000
0.
#85000
b101 S
b101 &
b101 U
b101 [
1.
#86000
b101 8
b101 Q
b101 F
b10 ?
b101 ;
b101 O
b101 I
b101 K
#90000
0.
#95000
b110 S
b110 &
b110 U
b110 [
1.
#96000
b110 8
b110 Q
b110 F
b11 ?
b110 ;
b110 O
b110 I
b110 K
#100000
0.
#105000
b111 S
b111 &
b111 U
b111 [
1.
#106000
b111 8
b111 Q
b111 F
b100 ?
b111 ;
b111 O
b111 I
b111 K
#110000
0.
#115000
b1000 S
b1000 &
b1000 U
b1000 [
1.
#116000
b1000 8
b1000 Q
b1000 F
b101 ?
b1000 ;
b1000 O
b1000 I
b1000 K
#120000
0.
#125000
b1001 S
b1001 &
b1001 U
b1001 [
1.
#126000
b1001 8
b1001 Q
b1001 F
b110 ?
b1001 ;
b1001 O
b1001 I
b1001 K
#130000
0.
#135000
b1010 S
b1010 &
b1010 U
b1010 [
1.
#136000
b1010 8
b1010 Q
b1010 F
b111 ?
b1010 ;
b1010 O
b1010 I
b1010 K
#140000
0.
#145000
b1011 S
b1011 &
b1011 U
b1011 [
1.
#146000
b1011 8
b1011 Q
b1011 F
b1000 ?
b1011 ;
b1011 O
b1011 I
b1011 K
#150000
0.
#155000
b1100 S
b1100 &
b1100 U
b1100 [
1.
#156000
b1100 8
b1100 Q
b1100 F
b1001 ?
b1100 ;
b1100 O
b1100 I
b1100 K
#160000
0.
#165000
b1101 S
b1101 &
b1101 U
b1101 [
1.
#166000
b1101 8
b1101 Q
b1101 F
b1010 ?
b1101 ;
b1101 O
b1101 I
b1101 K
#170000
0.
#175000
b1110 S
b1110 &
b1110 U
b1110 [
1.
#176000
b1110 8
b1110 Q
b1110 F
b1011 ?
b1110 ;
b1110 O
b1110 I
b1110 K
#180000
0.
#185000
b1111 S
1'
b1111 &
b1111 U
b1111 [
1.
#186000
b1111 8
b1111 Q
b1111 F
b1100 ?
b1111 ;
b1 =
b1111 O
b1111 I
b1111 K
#190000
0.
#195000
0R
1$
b0 S
0'
b10000 &
b10000 U
b10000 [
1.
#196000
b11111111 8
b11111111 Q
07
b10000 F
b1101 ?
b10000 ;
b1 A
b10000 O
b10000 I
b10000 K
#200000
0.
#205000
1#
1.
#206000
1P
14
b0 8
b0 Q
09
13
b0 F
b0 ;
b10 A
b1 E
b1 G
#210000
0.
#215000
0$
b1 T
0#
1'
b1111 &
b1111 U
b1 Z
1.
#216000
b1 F
b1 :
b10 =
b1 L
b1 H
b1111 I
b1 J
#220000
0.
#225000
b10 T
0'
b1110 &
b1110 U
b10 Z
b1 "
b1 Y
1.
#226000
b10 F
b10 :
b10 L
b10 H
b1110 I
b10 J
#230000
0.
#235000
b11 T
b1101 &
b1101 U
b11 Z
b10 "
b10 Y
1.
#236000
b11 F
b11 :
b11 L
b11 H
b1101 I
b11 J
#240000
0.
#245000
b100 T
b1100 &
b1100 U
b100 Z
b11 "
b11 Y
1.
#246000
b100 F
b1 >
b100 :
b100 L
b100 H
b1100 I
b100 J
#250000
0.
#255000
b101 T
b1011 &
b1011 U
b101 Z
b100 "
b100 Y
1.
#256000
b101 F
b10 >
b101 :
b101 L
b101 H
b1011 I
b101 J
#260000
0.
#265000
b110 T
b1010 &
b1010 U
b110 Z
b101 "
b101 Y
1.
#266000
b110 F
b11 >
b110 :
b110 L
b110 H
b1010 I
b110 J
#270000
0.
#275000
b111 T
b1001 &
b1001 U
b111 Z
b110 "
b110 Y
1.
#276000
b111 F
b100 >
b111 :
b111 L
b111 H
b1001 I
b111 J
#280000
0.
#285000
b1000 T
b1000 &
b1000 U
b1000 Z
b111 "
b111 Y
1.
#286000
b1000 F
b101 >
b1000 :
b1000 L
b1000 H
b1000 I
b1000 J
#290000
0.
#295000
b1001 T
b111 &
b111 U
b1001 Z
b1000 "
b1000 Y
1.
#296000
b1001 F
b110 >
b1001 :
b1001 L
b1001 H
b111 I
b1001 J
#300000
0.
#305000
b1010 T
b110 &
b110 U
b1010 Z
b1001 "
b1001 Y
1.
#306000
b1010 F
b111 >
b1010 :
b1010 L
b1010 H
b110 I
b1010 J
#310000
0.
#315000
b1011 T
b101 &
b101 U
b1011 Z
b1010 "
b1010 Y
1.
#316000
b1011 F
b1000 >
b1011 :
b1011 L
b1011 H
b101 I
b1011 J
#320000
0.
#325000
b1100 T
b100 &
b100 U
b1100 Z
b1011 "
b1011 Y
1.
#326000
b1100 F
b1001 >
b1100 :
b1100 L
b1100 H
b100 I
b1100 J
#330000
0.
#335000
b1101 T
b11 &
b11 U
b1101 Z
b1100 "
b1100 Y
1.
#336000
b1101 F
b1010 >
b1101 :
b1101 L
b1101 H
b11 I
b1101 J
#340000
0.
#345000
b1110 T
b10 &
b10 U
b1110 Z
b1101 "
b1101 Y
1.
#346000
b1110 F
b1011 >
b1110 :
b1110 L
b1110 H
b10 I
b1110 J
#350000
0.
#355000
b1111 T
1(
b1 &
b1 U
b1111 Z
b1110 "
b1110 Y
1.
#356000
b1111 F
b1100 >
b1111 :
b10 <
b1111 L
b1111 H
b1 I
b1111 J
#360000
0.
#365000
0$
b0 T
0P
1%
0(
b0 &
b0 U
b10000 Z
b1111 "
b1111 Y
1.
#366000
03
b10000 F
b1101 >
b10000 :
b1 @
b10000 L
b10000 H
b0 I
b10000 J
#370000
0.
#375000
1!
1.
#376000
1R
04
19
17
b0 F
b0 :
b10 @
b1 B
b1 N
#380000
0.
#385000
b1 S
0%
1(
b1 &
b1 U
b10001 [
0!
1.
#386000
b1 8
b1 Q
b1 F
b1 ;
b11 <
b10001 O
b1 I
b10001 K
#390000
0.
#395000
b10 S
0(
b10 &
b10 U
b10010 [
1.
#396000
b10 8
b10 Q
b10 F
b10 ;
b10010 O
b10 I
b10010 K
#400000
0.
#405000
b11 S
b11 &
b11 U
b10011 [
1.
#406000
b11 8
b11 Q
b11 F
b11 ;
b10011 O
b11 I
b10011 K
#410000
0.
#415000
b100 S
b100 &
b100 U
b10100 [
1.
#416000
1P
14
b1100100 8
b1100100 Q
13
b0 F
b1110 ?
b100 ;
b10100 O
b100 I
b10100 K
#420000
0.
#425000
b101 S
b1 T
b10101 [
b100 &
b100 U
b10001 Z
b0 "
b0 Y
1.
#426000
b1100101 8
b1100101 Q
b1 F
b1111 ?
b1 :
b101 ;
b1 C
b10001 L
b10001 H
b10001 J
b10101 O
b100 I
b10101 K
#430000
0.
#435000
b10 T
b110 S
b10010 Z
b1 "
b1 Y
b100 &
b100 U
b10110 [
1.
#436000
b1100110 8
b1100110 Q
b10 F
b10000 ?
b10 :
b110 ;
b10 C
b10010 L
b10010 H
b10010 J
b10110 O
b100 I
b10110 K
#440000
0.
#445000
b111 S
b11 T
b10111 [
b100 &
b100 U
b10011 Z
b10 "
b10 Y
1.
#446000
b1100111 8
b1100111 Q
b11 F
b10001 ?
b11 :
b111 ;
b11 C
b10011 L
b10011 H
b10011 J
b10111 O
b100 I
b10111 K
#450000
0.
#455000
b100 T
b1000 S
b10100 Z
b11 "
b11 Y
b100 &
b100 U
b11000 [
1.
#456000
b1101000 8
b1101000 Q
b100 F
b1110 >
b10010 ?
b100 :
b1000 ;
b100 C
b10100 L
b10100 H
b10100 J
b11000 O
b100 I
b11000 K
#460000
0.
#465000
b1001 S
b101 T
b11001 [
b100 &
b100 U
b10101 Z
b1100100 "
b1100100 Y
1.
#466000
b1101001 8
b1101001 Q
b101 F
b1111 >
b10011 ?
b101 :
b1001 ;
b101 C
b10101 L
b10101 H
b10101 J
b11001 O
b100 I
b11001 K
#470000
0.
#475000
b110 T
b1010 S
b10110 Z
b1100101 "
b1100101 Y
b100 &
b100 U
b11010 [
1.
#476000
b1101010 8
b1101010 Q
b110 F
b10000 >
b10100 ?
b110 :
b1010 ;
b110 C
b10110 L
b10110 H
b10110 J
b11010 O
b100 I
b11010 K
#480000
0.
#485000
b1011 S
b111 T
b11011 [
b100 &
b100 U
b10111 Z
b1100110 "
b1100110 Y
1.
#486000
b1101011 8
b1101011 Q
b111 F
b10001 >
b10101 ?
b111 :
b1011 ;
b111 C
b10111 L
b10111 H
b10111 J
b11011 O
b100 I
b11011 K
#490000
0.
#495000
b1000 T
b1100 S
b11000 Z
b1100111 "
b1100111 Y
b100 &
b100 U
b11100 [
1.
#496000
0P
04
b11001000 8
b11001000 Q
03
b0 F
b10010 >
b10110 ?
b1000 :
b1100 ;
b1000 C
b11000 L
b11000 H
b11000 J
b11100 O
b100 I
b11100 K
#500000
0.
#505000
b1101 S
b101 &
b101 U
b11101 [
1.
#506000
b11001001 8
b11001001 Q
b1 F
b10111 ?
b0 :
b1101 ;
b11101 O
b101 I
b11101 K
#510000
0.
#515000
b1110 S
b110 &
b110 U
b11110 [
1.
#516000
b11001010 8
b11001010 Q
b10 F
b11000 ?
b1110 ;
b11110 O
b110 I
b11110 K
#520000
0.
#525000
b1111 S
b111 &
b111 U
b11111 [
1.
#526000
b11001011 8
b11001011 Q
b11 F
b11001 ?
b1111 ;
b11111 O
b111 I
b11111 K
#530000
0.
#535000
b0 S
b1000 &
b1000 U
b0 [
1.
#536000
b11001100 8
b11001100 Q
b100 F
b11010 ?
b10000 ;
b100000 O
b1000 I
b100000 K
#540000
0.
#545000
b1 S
b1001 &
b1001 U
b1 [
1.
#546000
b11001101 8
b11001101 Q
b101 F
b11011 ?
b10001 ;
b100001 O
b1001 I
b100001 K
#550000
0.
#555000
b10 S
b1010 &
b1010 U
b10 [
1.
#556000
b11001110 8
b11001110 Q
b110 F
b11100 ?
b10010 ;
b100010 O
b1010 I
b100010 K
#560000
0.
#565000
b11 S
b1011 &
b1011 U
b11 [
1.
#566000
b11001111 8
b11001111 Q
b111 F
b11101 ?
b10011 ;
b100011 O
b1011 I
b100011 K
#570000
0.
#575000
b100 S
b1100 &
b1100 U
b100 [
1.
#576000
b11010000 8
b11010000 Q
b1000 F
b11110 ?
b10100 ;
b100100 O
b1100 I
b100100 K
#580000
0.
#585000
b101 S
b1101 &
b1101 U
b101 [
1.
#586000
b11010001 8
b11010001 Q
b1001 F
b11111 ?
b10101 ;
b100101 O
b1101 I
b100101 K
#590000
0.
#595000
b110 S
b1110 &
b1110 U
b110 [
1.
#596000
b11010010 8
b11010010 Q
b1010 F
b100000 ?
b10110 ;
b100110 O
b1110 I
b100110 K
#600000
0.
#605000
b111 S
1'
b1111 &
b1111 U
b111 [
1.
#606000
b11010011 8
b11010011 Q
b1011 F
b100001 ?
b10111 ;
b11 =
b100111 O
b1111 I
b100111 K
#610000
0.
#615000
0R
1$
b1000 S
0'
b10000 &
b10000 U
b1000 [
1.
#616000
b11010100 8
b11010100 Q
07
b1100 F
b100010 ?
b11000 ;
b11 A
b101000 O
b10000 I
b101000 K
#620000
0.
#625000
1#
1.
#626000
b11010101 8
b11010101 Q
b1101 F
b0 ;
b100 A
b10 E
b10 G
#630000
0.
#635000
1.
#636000
b11010110 8
b11010110 Q
b1110 F
b101 A
b11 E
b11 G
#640000
0.
#645000
1.
#646000
b11010111 8
b11010111 Q
b1111 F
b110 A
b100 E
b100 G
#650000
0.
#655000
1.
#656000
1P
14
b11011100 8
b11011100 Q
13
b0 F
b111 A
b101 E
b101 G
#660000
0.
#665000
1R
0$
b1001 T
1'
b1111 &
b1111 U
b11001 Z
b1101000 "
b1101000 Y
1.
#666000
b11011101 8
b11011101 Q
17
b1 F
b1 :
b1 D
b100 =
b11001 L
b11001 H
b1111 I
b11001 J
b110 E
b110 G
#670000
0.
#675000
b1010 T
b1001 S
0#
b11010 Z
b1101001 "
b1101001 Y
1'
b1111 &
b1111 U
b1001 [
1.
#676000
b11011110 8
b11011110 Q
b10 F
b10 :
b1 ;
b1001 C
b101 =
b11010 L
b11010 H
b11010 J
b101001 O
b1111 I
b101001 K
#680000
0.
#685000
b1010 S
b1011 T
b1010 [
1'
b1111 &
b1111 U
b11011 Z
b1101010 "
b1101010 Y
1.
#686000
b11011111 8
b11011111 Q
b11 F
b11 :
b10 ;
b1010 C
b110 =
b11011 L
b11011 H
b11011 J
b101010 O
b1111 I
b101010 K
#690000
0.
#695000
b1100 T
b1011 S
b11100 Z
b1101011 "
b1101011 Y
1'
b1111 &
b1111 U
b1011 [
1.
#696000
b11100000 8
b11100000 Q
b100 F
b10011 >
b100 :
b11 ;
b1011 C
b111 =
b11100 L
b11100 H
b11100 J
b101011 O
b1111 I
b101011 K
#700000
0.
#705000
b1100 S
b1101 T
b1100 [
1'
b1111 &
b1111 U
b11101 Z
b11001000 "
b11001000 Y
1.
#706000
b11100001 8
b11100001 Q
b101 F
b10100 >
b100011 ?
b101 :
b100 ;
b1100 C
b1000 =
b11101 L
b11101 H
b11101 J
b101100 O
b1111 I
b101100 K
#710000
0.
#715000
b1110 T
b1101 S
b11110 Z
b11001001 "
b11001001 Y
1'
b1111 &
b1111 U
b1101 [
1.
#716000
0P
0R
b0 8
b0 Q
04
09
06
b110 F
b10101 >
b100100 ?
b110 :
b101 ;
b1101 C
b1001 =
b11110 L
b11110 H
b0 J
b101101 O
b0 I
b0 K
#720000
0.
#725000
b0 S
b0 T
1%
b0 [
b0 "
b0 Y
0'
b0 &
b0 U
b0 Z
1.
#730000
0.
#735000
1.
#740000
0.
#745000
16
1.
#750000
0.
#755000
1.
#756000
14
b100 8
b100 Q
03
07
b100 5
11
02
b0 F
#760000
0.
#765000
1!
1.
#766000
1R
b11000110 8
b11000110 Q
19
17
b11000110 5
12
b1 F
b0 :
b0 ;
b11 @
b10 B
b10 N
#770000
0.
#775000
b1 S
1P
0%
1(
b1 &
b1 U
b1 [
1.
#776000
b10000000 8
b10000000 Q
1/
b11000110 0
13
b10000000 5
b10 F
b1 ;
b1110 C
b100 <
b11 B
b11 N
b101110 O
b1 I
b1 K
#780000
0.
#785000
b10 S
b1 T
b10 [
0%
1(
b1 &
b1 U
b1 Z
b11000110 "
b11000110 Y
0!
1.
#786000
0P
04
b10011110 8
b10011110 Q
0/
03
b10011110 5
01
b11 F
b1 :
b10 ;
b1111 C
b101 <
b11111 L
b11111 H
b1 J
b101111 O
b1 I
b10 K
#790000
0.
#795000
b11 S
0(
b10 &
b10 U
b11 [
1.
#796000
0R
b11111100 8
b11111100 Q
09
07
b11111100 5
02
b100 F
b0 :
b11 ;
b110000 O
b10 I
b11 K
#800000
0.
#805000
1.
#806000
1P
1R
14
b1010101 8
b1010101 Q
19
1/
b10000000 0
13
17
b1010101 5
11
12
b101 F
b0 ;
#810000
0.
#815000
b10 T
b100 S
b10 Z
b10000000 "
b10000000 Y
b10 &
b10 U
b100 [
1.
#816000
0R
b1001 8
b1001 Q
09
b10011110 0
07
b1001 5
02
b110 F
b1 :
b1 ;
b10000 C
b100000 L
b100000 H
b10 J
b110001 O
b10 I
b100 K
#820000
0.
#825000
b11 T
1(
b1 &
b1 U
b11 Z
b10011110 "
b10011110 Y
1.
#826000
0P
04
b1100111 8
b1100111 Q
0/
03
b1100111 5
01
b111 F
b10 :
b0 ;
b110 <
b100001 L
b100001 H
b1 I
b11 J
#830000
0.
#835000
1.
#836000
1P
1R
14
b10101110 8
b10101110 Q
19
1/
b1010101 0
13
17
b10101110 5
11
12
b1000 F
b0 :
b111 <
#840000
0.
#845000
b101 S
b100 T
b101 [
0%
1(
b1 &
b1 U
b100 Z
b1010101 "
b1010101 Y
1.
#846000
b110010 8
b110010 Q
b10101110 0
b110010 5
b1001 F
b1 :
b1 ;
b10001 C
b1000 <
b100010 L
b100010 H
b100 J
b110010 O
b1 I
b101 K
#850000
0.
#855000
b101 T
b110 S
b101 Z
b10101110 "
b10101110 Y
1(
b1 &
b1 U
b110 [
1.
#856000
b1000000 8
b1000000 Q
b110010 0
b1000000 5
b1010 F
b10 :
b10 ;
b10010 C
b1001 <
b100011 L
b100011 H
b101 J
b110011 O
b1 I
b110 K
#860000
0.
#865000
b111 S
b110 T
b111 [
0%
1(
b1 &
b1 U
b110 Z
b110010 "
b110010 Y
1.
#866000
0P
0R
04
b1001110 8
b1001110 Q
09
0/
03
07
b1001110 5
01
02
b1011 F
b11 :
b11 ;
b10011 C
b1010 <
b100100 L
b100100 H
b110 J
b110100 O
b1 I
b111 K
#870000
0.
#875000
1.
#876000
1P
1R
14
b110 8
b110 Q
19
1/
b1000000 0
13
17
b110 5
11
12
b1100 F
b0 :
b0 ;
b1011 <
#880000
0.
#885000
b1000 S
b111 T
b1000 [
0%
1(
b1 &
b1 U
b111 Z
b1000000 "
b1000000 Y
1.
#886000
0P
04
b1101010 8
b1101010 Q
0/
03
b1101010 5
01
b1101 F
b1 :
b1 ;
b10100 C
b1100 <
b100101 L
b100101 H
b111 J
b110101 O
b1 I
b1000 K
#890000
0.
#895000
b1001 S
0(
b10 &
b10 U
b1001 [
1.
#896000
1P
14
b10001110 8
b10001110 Q
1/
b110 0
13
b10001110 5
11
b1110 F
b0 :
b10 ;
b110110 O
b10 I
b1001 K
#900000
0.
#905000
b1010 S
b1000 T
b1010 [
0(
b10 &
b10 U
b1000 Z
b110 "
b110 Y
1.
#906000
0P
04
b10000101 8
b10000101 Q
0/
03
b10000101 5
01
b1111 F
b1 :
b11 ;
b10101 C
b100110 L
b100110 H
b1000 J
b110111 O
b10 I
b1010 K
#910000
0.
#915000
b1011 S
b11 &
b11 U
b1011 [
1.
#916000
1P
14
b11111001 8
b11111001 Q
1/
b1101010 0
13
b11111001 5
11
b10000 F
b100101 ?
b0 :
b100 ;
b111000 O
b11 I
b1011 K
#920000
0.
#925000
b1100 S
b1001 T
b1100 [
b11 &
b11 U
b1001 Z
b1101010 "
b1101010 Y
1.
#926000
0P
0R
04
b1101100 8
b1101100 Q
09
0/
03
07
b1101100 5
01
02
b10001 F
b100110 ?
b1 :
b101 ;
b10110 C
b100111 L
b100111 H
b1001 J
b111001 O
b11 I
b1100 K
#930000
0.
#935000
1.
#936000
1P
14
b11110101 8
b11110101 Q
1/
b10001110 0
13
b11110101 5
11
b10010 F
b0 :
b0 ;
#940000
0.
#945000
b1010 T
b10 &
b10 U
b1010 Z
b10001110 "
b10001110 Y
1.
#946000
0P
04
b11010111 8
b11010111 Q
0/
03
b11010111 5
01
b10011 F
b1 :
b101000 L
b101000 H
b10 I
b1010 J
#950000
0.
#955000
1.
#956000
1R
b101 8
b101 Q
19
17
b101 5
12
b10100 F
b0 :
#960000
0.
#965000
b1101 S
b11 &
b11 U
b1101 [
1.
#966000
b10100111 8
b10100111 Q
b10100111 5
b10101 F
b1 ;
b111010 O
b11 I
b1101 K
#970000
0.
#975000
b1110 S
b100 &
b100 U
b1110 [
1.
#976000
b111111 8
b111111 Q
b111111 5
b10110 F
b10 ;
b111011 O
b100 I
b1110 K
#980000
0.
#985000
b1111 S
b101 &
b101 U
b1111 [
1.
#986000
b11101100 8
b11101100 Q
b11101100 5
b10111 F
b11 ;
b111100 O
b101 I
b1111 K
#990000
0.
#995000
b0 S
b110 &
b110 U
b10000 [
1.
#996000
0R
b11001111 8
b11001111 Q
09
07
b11001111 5
02
b11000 F
b100111 ?
b100 ;
b111101 O
b110 I
b10000 K
#1000000
0.
#1005000
1.
#1006000
b1011011 8
b1011011 Q
b1011011 5
b11001 F
b0 ;
#1010000
0.
#1015000
1.
#1016000
1P
1R
14
b101101 8
b101101 Q
19
1/
b10000101 0
13
17
b101101 5
11
12
b11010 F
#1020000
0.
#1025000
b1 S
b1011 T
b10001 [
b110 &
b110 U
b1011 Z
b10000101 "
b10000101 Y
1.
#1026000
0R
b1101000 8
b1101000 Q
09
b11111001 0
07
b1101000 5
02
b11011 F
b1 :
b1 ;
b10111 C
b101001 L
b101001 H
b1011 J
b111110 O
b110 I
b10001 K
#1030000
0.
#1035000
b1100 T
b101 &
b101 U
b1100 Z
b11111001 "
b11111001 Y
1.
#1036000
1R
b11001011 8
b11001011 Q
19
b101 0
17
b11001011 5
12
b11100 F
b10 :
b0 ;
b101010 L
b101010 H
b101 I
b1100 J
#1040000
0.
#1045000
b10 S
b1101 T
b10010 [
b101 &
b101 U
b1101 Z
b101 "
b101 Y
1.
#1046000
b11100100 8
b11100100 Q
b10100111 0
b11100100 5
b11101 F
b11 :
b1 ;
b11000 C
b101011 L
b101011 H
b1101 J
b111111 O
b101 I
b10010 K
#1050000
0.
#1055000
b1110 T
b11 S
b1110 Z
b10100111 "
b10100111 Y
b101 &
b101 U
b10011 [
1.
#1056000
0P
04
b10001001 8
b10001001 Q
0/
03
b10001001 5
01
b11110 F
b10110 >
b100 :
b10 ;
b11001 C
b101100 L
b101100 H
b1110 J
b1000000 O
b101 I
b10011 K
#1060000
0.
#1065000
b100 S
b110 &
b110 U
b10100 [
1.
#1066000
b10011100 8
b10011100 Q
b10011100 5
b11111 F
b0 :
b11 ;
b1000001 O
b110 I
b10100 K
#1070000
0.
#1075000
b101 S
b111 &
b111 U
b10101 [
1.
#1076000
1P
0R
14
b11000010 8
b11000010 Q
09
1/
b111111 0
13
07
b11000010 5
11
02
b100000 F
b101000 ?
b100 ;
b1000010 O
b111 I
b10101 K
#1080000
0.
#1085000
b1111 T
b110 &
b110 U
b1111 Z
b111111 "
b111111 Y
1.
#1086000
0P
1R
04
b10100100 8
b10100100 Q
19
0/
03
17
b10100100 5
01
12
b100001 F
b1 :
b0 ;
b101101 L
b101101 H
b110 I
b1111 J
#1090000
0.
#1095000
b110 S
b111 &
b111 U
b10110 [
1.
#1096000
b10101100 8
b10101100 Q
b10101100 5
b100010 F
b0 :
b1 ;
b1000011 O
b111 I
b10110 K
#1100000
0.
#1105000
b111 S
b1000 &
b1000 U
b10111 [
1.
#1106000
1P
14
b1001110 8
b1001110 Q
1/
b11101100 0
13
b1001110 5
11
b100011 F
b10 ;
b1000100 O
b1000 I
b10111 K
#1110000
0.
#1115000
b0 T
b1000 S
b10000 Z
b11101100 "
b11101100 Y
b1000 &
b1000 U
b11000 [
1.
#1116000
0R
b10111001 8
b10111001 Q
09
b101101 0
07
b10111001 5
02
b100100 F
b1 :
b11 ;
b11010 C
b101110 L
b101110 H
b10000 J
b1000101 O
b1000 I
b11000 K
#1120000
0.
#1125000
b1 T
b111 &
b111 U
b10001 Z
b101101 "
b101101 Y
1.
#1126000
1R
b1011001 8
b1011001 Q
19
b11001011 0
17
b1011001 5
12
b100101 F
b10 :
b0 ;
b101111 L
b101111 H
b111 I
b10001 J
#1130000
0.
#1135000
b10 T
b1001 S
b10010 Z
b11001011 "
b11001011 Y
b111 &
b111 U
b11001 [
1.
#1136000
0P
04
b11111011 8
b11111011 Q
0/
03
b11111011 5
01
b100110 F
b11 :
b1 ;
b11011 C
b110000 L
b110000 H
b10010 J
b1000110 O
b111 I
b11001 K
#1140000
0.
#1145000
b1010 S
b1000 &
b1000 U
b11010 [
1.
#1146000
1P
14
b10101101 8
b10101101 Q
1/
b11100100 0
13
b10101101 5
11
b100111 F
b0 :
b10 ;
b1000111 O
b1000 I
b11010 K
#1150000
0.
#1155000
b11 T
b1011 S
b10011 Z
b11100100 "
b11100100 Y
b1000 &
b1000 U
b11011 [
1.
#1156000
0R
b1101101 8
b1101101 Q
09
b10001001 0
07
b1101101 5
02
b101000 F
b1 :
b11 ;
b11100 C
b110001 L
b110001 H
b10011 J
b1001000 O
b1000 I
b11011 K
#1160000
0.
#1165000
b100 T
b111 &
b111 U
b10100 Z
b10001001 "
b10001001 Y
1.
#1166000
1R
b1101111 8
b1101111 Q
19
b10011100 0
17
b1101111 5
12
b101001 F
b10 :
b0 ;
b110010 L
b110010 H
b111 I
b10100 J
#1170000
0.
#1175000
b101 T
b1100 S
b10101 Z
b10011100 "
b10011100 Y
b111 &
b111 U
b11100 [
1.
#1176000
0P
0R
04
b1101000 8
b1101000 Q
09
0/
03
07
b1101000 5
01
02
b101010 F
b11 :
b1 ;
b11101 C
b110011 L
b110011 H
b10101 J
b1001001 O
b111 I
b11100 K
#1180000
0.
#1185000
1.
#1186000
b10000111 8
b10000111 Q
b10000111 5
b101011 F
b0 :
b0 ;
#1190000
0.
#1195000
1.
#1196000
1P
14
b1111110 8
b1111110 Q
1/
b10100100 0
13
b1111110 5
11
b101100 F
#1200000
0.
#1205000
b110 T
b110 &
b110 U
b10110 Z
b10100100 "
b10100100 Y
1.
#1206000
0P
1R
04
b10100111 8
b10100111 Q
19
0/
03
17
b10100111 5
01
12
b101101 F
b1 :
b110100 L
b110100 H
b110 I
b10110 J
#1210000
0.
#1215000
b1101 S
b111 &
b111 U
b11101 [
1.
#1216000
1P
14
b11011011 8
b11011011 Q
1/
b10101100 0
13
b11011011 5
11
b101110 F
b0 :
b1 ;
b1001010 O
b111 I
b11101 K
#1220000
0.
#1225000
b1110 S
b111 T
b11110 [
b111 &
b111 U
b10111 Z
b10101100 "
b10101100 Y
1.
#1226000
0P
04
b1011100 8
b1011100 Q
0/
03
b1011100 5
01
b101111 F
b1 :
b10 ;
b11110 C
b110101 L
b110101 H
b10111 J
b1001011 O
b111 I
b11110 K
#1230000
0.
#1235000
b1111 S
b1000 &
b1000 U
b11111 [
1.
#1236000
0R
b10 8
b10 Q
09
07
b10 5
02
b110000 F
b0 :
b11 ;
b1001100 O
b1000 I
b11111 K
#1240000
0.
#1245000
1.
#1246000
1R
b100110 8
b100110 Q
19
17
b100110 5
12
b110001 F
b0 ;
#1250000
0.
#1255000
b0 S
b1001 &
b1001 U
b0 [
1.
#1256000
1P
0R
14
b111011 8
b111011 Q
09
1/
b1001110 0
13
07
b111011 5
11
02
b110010 F
b1 ;
b1001101 O
b1001 I
b100000 K
#1260000
0.
#1265000
b1000 T
b1000 &
b1000 U
b11000 Z
b1001110 "
b1001110 Y
1.
#1266000
0P
04
b11001010 8
b11001010 Q
0/
03
b11001010 5
01
b110011 F
b1 :
b0 ;
b110110 L
b110110 H
b1000 I
b11000 J
#1270000
0.
#1275000
1.
#1276000
1P
1R
14
b11111011 8
b11111011 Q
19
1/
b1011001 0
13
17
b11111011 5
11
12
b110100 F
b0 :
#1280000
0.
#1285000
b1 S
b1001 T
b1 [
b1000 &
b1000 U
b11001 Z
b1011001 "
b1011001 Y
1.
#1286000
0R
b11000100 8
b11000100 Q
09
b11111011 0
07
b11000100 5
02
b110101 F
b1 :
b1 ;
b11111 C
b110111 L
b110111 H
b11001 J
b1001110 O
b1000 I
b100001 K
#1290000
0.
#1295000
b1010 T
b111 &
b111 U
b11010 Z
b11111011 "
b11111011 Y
1.
#1296000
b1100011 8
b1100011 Q
b10101101 0
b1100011 5
b110110 F
b10 :
b0 ;
b111000 L
b111000 H
b111 I
b11010 J
#1300000
0.
#1305000
b1011 T
b110 &
b110 U
b11011 Z
b10101101 "
b10101101 Y
1.
#1306000
1R
b10001110 8
b10001110 Q
19
b1101111 0
17
b10001110 5
12
b110111 F
b11 :
b111001 L
b111001 H
b110 I
b11011 J
#1310000
0.
#1315000
b1100 T
b10 S
b11100 Z
b1101111 "
b1101111 Y
b110 &
b110 U
b10 [
1.
#1316000
0P
04
b1110 8
b1110 Q
0/
03
b1110 5
01
b111000 F
b10111 >
b100 :
b1 ;
b100000 C
b111010 L
b111010 H
b11100 J
b1001111 O
b110 I
b100010 K
#1320000
0.
#1325000
b11 S
b111 &
b111 U
b11 [
1.
#1326000
1P
0R
14
b11110 8
b11110 Q
09
1/
b10100111 0
13
07
b11110 5
11
02
b111001 F
b0 :
b10 ;
b1010000 O
b111 I
b100011 K
#1330000
0.
#1335000
b1101 T
b110 &
b110 U
b11101 Z
b10100111 "
b10100111 Y
1.
#1336000
b111001 8
b111001 Q
b11011011 0
b111001 5
b111010 F
b1 :
b0 ;
b111011 L
b111011 H
b110 I
b11101 J
#1340000
0.
#1345000
b1110 T
b101 &
b101 U
b11110 Z
b11011011 "
b11011011 Y
1.
#1346000
0P
04
b11111101 8
b11111101 Q
0/
03
b11111101 5
01
b111011 F
b10 :
b111100 L
b111100 H
b101 I
b11110 J
#1350000
0.
#1355000
1.
#1356000
1P
14
b1011100 8
b1011100 Q
1/
b1011100 0
13
b1011100 5
11
b111100 F
b0 :
#1360000
0.
#1365000
b1111 T
b100 &
b100 U
b11111 Z
b1011100 "
b1011100 Y
1.
#1366000
0P
04
b11100000 8
b11100000 Q
0/
03
b11100000 5
01
b111101 F
b1 :
b111101 L
b111101 H
b100 I
b11111 J
#1370000
0.
#1375000
1.
#1376000
1P
14
b10111110 8
b10111110 Q
1/
b100110 0
13
b10111110 5
11
b111110 F
b0 :
#1380000
0.
#1385000
b0 T
b11 &
b11 U
b0 Z
b100110 "
b100110 Y
1.
#1386000
0P
04
b10111100 8
b10111100 Q
0/
03
b10111100 5
01
b111111 F
b1 :
b111110 L
b111110 H
b11 I
b100000 J
#1390000
0.
#1395000
1.
#1396000
1P
14
b1100111 8
b1100111 Q
1/
b11111011 0
13
b1100111 5
11
b1000000 F
b0 :
#1400000
0.
#1405000
b1 T
b10 &
b10 U
b1 Z
b11111011 "
b11111011 Y
1.
#1406000
b110000 8
b110000 Q
b10001110 0
b110000 5
b1000001 F
b1 :
b111111 L
b111111 H
b10 I
b100001 J
#1410000
0.
#1415000
b10 T
1(
b1 &
b1 U
b10 Z
b10001110 "
b10001110 Y
1.
#1416000
1R
b11000011 8
b11000011 Q
19
b1110 0
17
b11000011 5
12
b1000010 F
b10 :
b1101 <
b1000000 L
b1000000 H
b1 I
b100010 J
#1420000
0.
#1425000
b100 S
b11 T
b100 [
0%
1(
b1 &
b1 U
b11 Z
b1110 "
b1110 Y
1.
#1426000
0P
04
b11010 8
b11010 Q
0/
03
b11010 5
01
b1000011 F
b11 :
b1 ;
b100001 C
b1110 <
b1000001 L
b1000001 H
b100011 J
b1010001 O
b1 I
b100100 K
#1430000
0.
#1435000
b101 S
0(
b10 &
b10 U
b101 [
1.
#1436000
b1100010 8
b1100010 Q
b1100010 5
b1000100 F
b0 :
b10 ;
b1010010 O
b10 I
b100101 K
#1440000
0.
#1445000
b110 S
b11 &
b11 U
b110 [
1.
#1446000
b111001 8
b111001 Q
b111001 5
b1000101 F
b11 ;
b1010011 O
b11 I
b100110 K
#1450000
0.
#1455000
b111 S
b100 &
b100 U
b111 [
1.
#1456000
1P
14
b10100111 8
b10100111 Q
1/
b11000011 0
13
b10100111 5
11
b1000110 F
b101001 ?
b100 ;
b1010100 O
b100 I
b100111 K
#1460000
0.
#1465000
b1000 S
b100 T
b1000 [
b100 &
b100 U
b100 Z
b11000011 "
b11000011 Y
1.
#1466000
0P
04
b1010000 8
b1010000 Q
0/
03
b1010000 5
01
b1000111 F
b101010 ?
b1 :
b101 ;
b100010 C
b1000010 L
b1000010 H
b100100 J
b1010101 O
b100 I
b101000 K
#1470000
0.
#1475000
b1001 S
b101 &
b101 U
b1001 [
1.
#1476000
1P
14
b1001111 8
b1001111 Q
1/
b11010 0
13
b1001111 5
11
b1001000 F
b101011 ?
b0 :
b110 ;
b1010110 O
b101 I
b101001 K
#1480000
0.
#1485000
b1010 S
b101 T
b1010 [
b101 &
b101 U
b101 Z
b11010 "
b11010 Y
1.
#1486000
0P
0R
04
b1000110 8
b1000110 Q
09
0/
03
07
b1000110 5
01
02
b1001001 F
b101100 ?
b1 :
b111 ;
b100011 C
b1000011 L
b1000011 H
b100101 J
b1010111 O
b101 I
b101010 K
#1490000
0.
#1495000
1.
#1496000
1P
14
b111100 8
b111100 Q
1/
b1100010 0
13
b111100 5
11
b1001010 F
b0 :
b0 ;
#1500000
0.
#1505000
b110 T
b100 &
b100 U
b110 Z
b1100010 "
b1100010 Y
1.
#1506000
0P
04
b10001001 8
b10001001 Q
0/
03
b10001001 5
01
b1001011 F
b1 :
b1000100 L
b1000100 H
b100 I
b100110 J
#1510000
0.
#1515000
1.
#1516000
1P
14
b11011011 8
b11011011 Q
1/
b111001 0
13
b11011011 5
11
b1001100 F
b0 :
#1520000
0.
#1525000
b111 T
b11 &
b11 U
b111 Z
b111001 "
b111001 Y
1.
#1526000
0P
04
b11011100 8
b11011100 Q
0/
03
b11011100 5
01
b1001101 F
b1 :
b1000101 L
b1000101 H
b11 I
b100111 J
#1530000
0.
#1535000
1.
#1536000
1P
14
b10111111 8
b10111111 Q
1/
b10100111 0
13
b10111111 5
11
b1001110 F
b0 :
#1540000
0.
#1545000
b1000 T
b10 &
b10 U
b1000 Z
b10100111 "
b10100111 Y
1.
#1546000
0P
1R
04
b1111001 8
b1111001 Q
19
0/
03
17
b1111001 5
01
12
b1001111 F
b1 :
b1000110 L
b1000110 H
b10 I
b101000 J
#1550000
0.
#1555000
b1011 S
b11 &
b11 U
b1011 [
1.
#1556000
1P
0R
14
b11000010 8
b11000010 Q
09
1/
b1010000 0
13
07
b11000010 5
11
02
b1010000 F
b0 :
b1 ;
b1011000 O
b11 I
b101011 K
#1560000
0.
#1565000
b1001 T
b10 &
b10 U
b1001 Z
b1010000 "
b1010000 Y
1.
#1566000
0P
1R
04
b11010100 8
b11010100 Q
19
0/
03
17
b11010100 5
01
12
b1010001 F
b1 :
b0 ;
b1000111 L
b1000111 H
b10 I
b101001 J
#1570000
0.
#1575000
b1100 S
b11 &
b11 U
b1100 [
1.
#1576000
b1111101 8
b1111101 Q
b1111101 5
b1010010 F
b0 :
b1 ;
b1011001 O
b11 I
b101100 K
#1580000
0.
#1585000
b1101 S
b100 &
b100 U
b1101 [
1.
#1586000
1P
14
b11100100 8
b11100100 Q
1/
b1001111 0
13
b11100100 5
11
b1010011 F
b10 ;
b1011010 O
b100 I
b101101 K
#1590000
0.
#1595000
b1010 T
b1110 S
b1010 Z
b1001111 "
b1001111 Y
b100 &
b100 U
b1110 [
1.
#1596000
0R
b1000111 8
b1000111 Q
09
b1111001 0
07
b1000111 5
02
b1010100 F
b1 :
b11 ;
b100100 C
b1001000 L
b1001000 H
b101010 J
b1011011 O
b100 I
b101110 K
#1600000
0.
#1605000
b1011 T
b11 &
b11 U
b1011 Z
b1111001 "
b1111001 Y
1.
#1606000
0P
04
b1010111 8
b1010111 Q
0/
03
b1010111 5
01
b1010101 F
b10 :
b0 ;
b1001001 L
b1001001 H
b11 I
b101011 J
#1610000
0.
#1615000
1.
#1616000
b10010100 8
b10010100 Q
b10010100 5
b1010110 F
b0 :
#1620000
0.
#1625000
1.
#1626000
1R
b1100001 8
b1100001 Q
19
17
b1100001 5
12
b1010111 F
#1630000
0.
#1635000
b1111 S
b100 &
b100 U
b1111 [
1.
#1636000
1P
14
b11110110 8
b11110110 Q
1/
b11010100 0
13
b11110110 5
11
b1011000 F
b1 ;
b1011100 O
b100 I
b101111 K
#1640000
0.
#1645000
b0 S
b1100 T
b10000 [
b100 &
b100 U
b1100 Z
b11010100 "
b11010100 Y
1.
#1646000
0P
04
b1000011 8
b1000011 Q
0/
03
b1000011 5
01
b1011001 F
b1 :
b10 ;
b100101 C
b1001010 L
b1001010 H
b101100 J
b1011101 O
b100 I
b110000 K
#1650000
0.
#1655000
b1 S
b101 &
b101 U
b10001 [
1.
#1656000
1P
14
b11101100 8
b11101100 Q
1/
b1111101 0
13
b11101100 5
11
b1011010 F
b0 :
b11 ;
b1011110 O
b101 I
b110001 K
#1660000
0.
#1665000
b10 S
b1101 T
b10010 [
b101 &
b101 U
b1101 Z
b1111101 "
b1111101 Y
1.
#1666000
0R
b101101 8
b101101 Q
09
b11100100 0
07
b101101 5
02
b1011011 F
b101101 ?
b1 :
b100 ;
b100110 C
b1001011 L
b1001011 H
b101101 J
b1011111 O
b101 I
b110010 K
#1670000
0.
#1675000
b1110 T
b100 &
b100 U
b1110 Z
b11100100 "
b11100100 Y
1.
#1676000
1R
b10111001 8
b10111001 Q
19
b1100001 0
17
b10111001 5
12
b1011100 F
b10 :
b0 ;
b1001100 L
b1001100 H
b100 I
b101110 J
#1680000
0.
#1685000
b11 S
b1111 T
b10011 [
b100 &
b100 U
b1111 Z
b1100001 "
b1100001 Y
1.
#1686000
b1011100 8
b1011100 Q
b11110110 0
b1011100 5
b1011101 F
b11 :
b1 ;
b100111 C
b1001101 L
b1001101 H
b101111 J
b1100000 O
b100 I
b110011 K
#1690000
0.
#1695000
b0 T
b100 S
b10000 Z
b11110110 "
b11110110 Y
b100 &
b100 U
b10100 [
1.
#1696000
b1010000 8
b1010000 Q
b1000011 0
b1010000 5
b1011110 F
b11000 >
b100 :
b10 ;
b101000 C
b1001110 L
b1001110 H
b110000 J
b1100001 O
b100 I
b110100 K
#1700000
0.
#1705000
b101 S
b1 T
b10101 [
b100 &
b100 U
b10001 Z
b1000011 "
b1000011 Y
1.
#1706000
0P
0R
04
b11100100 8
b11100100 Q
09
0/
03
07
b11100100 5
01
02
b1011111 F
b11001 >
b101 :
b11 ;
b101001 C
b1001111 L
b1001111 H
b110001 J
b1100010 O
b100 I
b110101 K
#1710000
0.
#1715000
1.
#1716000
b1111 8
b1111 Q
b1111 5
b1100000 F
b0 :
b0 ;
#1720000
0.
#1725000
1.
#1726000
1R
b1001011 8
b1001011 Q
19
17
b1001011 5
12
b1100001 F
#1730000
0.
#1735000
b110 S
b101 &
b101 U
b10110 [
1.
#1736000
1P
14
1/
b11101100 0
13
11
b1100010 F
b1 ;
b1100011 O
b101 I
b110110 K
#1740000
0.
#1745000
b111 S
b10 T
b10111 [
b101 &
b101 U
b10010 Z
b11101100 "
b11101100 Y
1.
#1746000
0P
04
b1110110 8
b1110110 Q
0/
03
b1110110 5
01
b1100011 F
b1 :
b10 ;
b101010 C
b1010000 L
b1010000 H
b110010 J
b1100100 O
b101 I
b110111 K
#1750000
0.
#1755000
b1000 S
b110 &
b110 U
b11000 [
1.
#1756000
0R
b11010110 8
b11010110 Q
09
07
b11010110 5
02
b1100100 F
b0 :
b11 ;
b1100101 O
b110 I
b111000 K
#1760000
0.
#1765000
1.
#1766000
1R
b1010011 8
b1010011 Q
19
17
b1010011 5
12
b1100101 F
b0 ;
#1770000
0.
#1775000
b1001 S
b111 &
b111 U
b11001 [
1.
#1776000
1P
14
b100100 8
b100100 Q
1/
b10111001 0
13
b100100 5
11
b1100110 F
b1 ;
b1100110 O
b111 I
b111001 K
#1780000
0.
#1785000
b1010 S
b11 T
b11010 [
b111 &
b111 U
b10011 Z
b10111001 "
b10111001 Y
1.
#1786000
0P
0R
04
b10101000 8
b10101000 Q
09
0/
03
07
b10101000 5
01
02
b1100111 F
b1 :
b10 ;
b101011 C
b1010001 L
b1010001 H
b110011 J
b1100111 O
b111 I
b111010 K
#1790000
0.
#1795000
1.
#1796000
1R
b11111101 8
b11111101 Q
19
17
b11111101 5
12
b1101000 F
b0 :
b0 ;
#1800000
0.
#1805000
b1011 S
b1000 &
b1000 U
b11011 [
1.
#1806000
b111110 8
b111110 Q
b111110 5
b1101001 F
b1 ;
b1101000 O
b1000 I
b111011 K
#1810000
0.
#1815000
b1100 S
b1001 &
b1001 U
b11100 [
1.
#1816000
1P
14
b110100 8
b110100 Q
1/
b1011100 0
13
b110100 5
11
b1101010 F
b10 ;
b1101001 O
b1001 I
b111100 K
#1820000
0.
#1825000
b1101 S
b100 T
b11101 [
b1001 &
b1001 U
b10100 Z
b1011100 "
b1011100 Y
1.
#1826000
0P
04
b11111000 8
b11111000 Q
0/
03
b11111000 5
01
b1101011 F
b1 :
b11 ;
b101100 C
b1010010 L
b1010010 H
b110100 J
b1101010 O
b1001 I
b111101 K
#1830000
0.
#1835000
b1110 S
b1010 &
b1010 U
b11110 [
1.
#1836000
0R
b10100 8
b10100 Q
09
07
b10100 5
02
b1101100 F
b101110 ?
b0 :
b100 ;
b1101011 O
b1010 I
b111110 K
#1840000
0.
#1845000
1.
#1846000
1P
14
b11100000 8
b11100000 Q
1/
b1010000 0
13
b11100000 5
11
b1101101 F
b0 ;
#1850000
0.
#1855000
b101 T
b1001 &
b1001 U
b10101 Z
b1010000 "
b1010000 Y
1.
#1856000
0P
04
b1011000 8
b1011000 Q
0/
03
b1011000 5
01
b1101110 F
b1 :
b1010011 L
b1010011 H
b1001 I
b110101 J
#1860000
0.
#1865000
1.
#1866000
b10110001 8
b10110001 Q
b10110001 5
b1101111 F
b0 :
#1870000
0.
#1875000
1.
#1876000
1P
1R
14
b10001011 8
b10001011 Q
19
1/
b1001011 0
13
17
b10001011 5
11
12
b1110000 F
#1880000
0.
#1885000
b1111 S
b110 T
b11111 [
b1001 &
b1001 U
b10110 Z
b1001011 "
b1001011 Y
1.
#1886000
0P
04
b1000011 8
b1000011 Q
0/
03
b1000011 5
01
b1110001 F
b1 :
b1 ;
b101101 C
b1010100 L
b1010100 H
b110110 J
b1101100 O
b1001 I
b111111 K
#1890000
0.
#1895000
b0 S
b1010 &
b1010 U
b0 [
1.
#1896000
0R
b1000110 8
b1000110 Q
09
07
b1000110 5
02
b1110010 F
b0 :
b10 ;
b1101101 O
b1010 I
b1000000 K
#1900000
0.
#1905000
1.
#1906000
1P
1R
14
b10010110 8
b10010110 Q
19
1/
13
17
b10010110 5
11
12
b1110011 F
b0 ;
#1910000
0.
#1915000
b111 T
b1 S
b10111 Z
b1010 &
b1010 U
b1 [
1.
#1916000
b11101 8
b11101 Q
b1110110 0
b11101 5
b1110100 F
b1 :
b1 ;
b101110 C
b1010101 L
b1010101 H
b110111 J
b1101110 O
b1010 I
b1000001 K
#1920000
0.
#1925000
b10 S
b1000 T
b10 [
b1010 &
b1010 U
b11000 Z
b1110110 "
b1110110 Y
1.
#1926000
0R
b1001111 8
b1001111 Q
09
b1010011 0
07
b1001111 5
02
b1110101 F
b10 :
b10 ;
b101111 C
b1010110 L
b1010110 H
b111000 J
b1101111 O
b1010 I
b1000010 K
#1930000
0.
#1935000
b1001 T
b1001 &
b1001 U
b11001 Z
b1010011 "
b1010011 Y
1.
#1936000
0P
1R
04
b10000 8
b10000 Q
19
0/
03
17
b10000 5
01
12
b1110110 F
b11 :
b0 ;
b1010111 L
b1010111 H
b1001 I
b111001 J
#1940000
0.
#1945000
b11 S
b1010 &
b1010 U
b11 [
1.
#1946000
b1011010 8
b1011010 Q
b1011010 5
b1110111 F
b0 :
b1 ;
b1110000 O
b1010 I
b1000011 K
#1950000
0.
#1955000
b100 S
b1011 &
b1011 U
b100 [
1.
#1956000
1P
0R
14
b10100101 8
b10100101 Q
09
1/
b100100 0
13
07
b10100101 5
11
02
b1111000 F
b10 ;
b1110001 O
b1011 I
b1000100 K
#1960000
0.
#1965000
b1010 T
b1010 &
b1010 U
b11010 Z
b100100 "
b100100 Y
1.
#1966000
1R
b1111110 8
b1111110 Q
19
b11111101 0
17
b1111110 5
12
b1111001 F
b1 :
b0 ;
b1011000 L
b1011000 H
b1010 I
b111010 J
#1970000
0.
#1975000
b1011 T
b101 S
b11011 Z
b11111101 "
b11111101 Y
b1010 &
b1010 U
b101 [
1.
#1976000
0P
04
b1 8
b1 Q
0/
03
b1 5
01
b1111010 F
b10 :
b1 ;
b110000 C
b1011001 L
b1011001 H
b111011 J
b1110010 O
b1010 I
b1000101 K
#1980000
0.
#1985000
b110 S
b1011 &
b1011 U
b110 [
1.
#1986000
0R
b11011000 8
b11011000 Q
09
07
b11011000 5
02
b1111011 F
b0 :
b10 ;
b1110011 O
b1011 I
b1000110 K
#1990000
0.
#1995000
1.
#1996000
1P
14
b1110000 8
b1110000 Q
1/
b111110 0
13
b1110000 5
11
b1111100 F
b0 ;
#2000000
0.
#2005000
b1100 T
b1010 &
b1010 U
b11100 Z
b111110 "
b111110 Y
1.
#2006000
0P
1R
04
b11111100 8
b11111100 Q
19
0/
03
17
b11111100 5
01
12
b1111101 F
b1 :
b1011010 L
b1011010 H
b1010 I
b111100 J
#2010000
0.
#2015000
b111 S
b1011 &
b1011 U
b111 [
1.
#2016000
1P
0R
14
b11000010 8
b11000010 Q
09
1/
b110100 0
13
07
b11000010 5
11
02
b1111110 F
b0 :
b1 ;
b1110100 O
b1011 I
b1000111 K
#2020000
0.
#2025000
b1101 T
b1010 &
b1010 U
b11101 Z
b110100 "
b110100 Y
1.
#2026000
b11001000 8
b11001000 Q
b11111000 0
b11001000 5
b1111111 F
b1 :
b0 ;
b1011011 L
b1011011 H
b1010 I
b111101 J
#2030000
0.
#2035000
b1110 T
b1001 &
b1001 U
b11110 Z
b11111000 "
b11111000 Y
1.
#2036000
0P
1R
04
b11000010 8
b11000010 Q
19
0/
03
17
b11000010 5
01
12
b10000000 F
b10 :
b1011100 L
b1011100 H
b1001 I
b111110 J
#2040000
0.
#2045000
b1000 S
b1010 &
b1010 U
b1000 [
1.
#2046000
b110000 8
b110000 Q
b110000 5
b10000001 F
b0 :
b1 ;
b1110101 O
b1010 I
b1001000 K
#2050000
0.
#2055000
b1001 S
b1011 &
b1011 U
b1001 [
1.
#2056000
1P
0R
14
b1010011 8
b1010011 Q
09
1/
b10001011 0
13
07
b1010011 5
11
02
b10000010 F
b10 ;
b1110110 O
b1011 I
b1001001 K
#2060000
0.
#2065000
b1111 T
b1010 &
b1010 U
b11111 Z
b10001011 "
b10001011 Y
1.
#2066000
0P
1R
04
b1010001 8
b1010001 Q
19
0/
03
17
b1010001 5
01
12
b10000011 F
b1 :
b0 ;
b1011101 L
b1011101 H
b1010 I
b111111 J
#2070000
0.
#2075000
b1010 S
b1011 &
b1011 U
b1010 [
1.
#2076000
1P
14
b11110 8
b11110 Q
1/
b1000011 0
13
b11110 5
11
b10000100 F
b0 :
b1 ;
b1110111 O
b1011 I
b1001010 K
#2080000
0.
#2085000
b1011 S
b0 T
b1011 [
b1011 &
b1011 U
b0 Z
b1000011 "
b1000011 Y
1.
#2086000
0R
b10100011 8
b10100011 Q
09
b10010110 0
07
b10100011 5
02
b10000101 F
b1 :
b10 ;
b110001 C
b1011110 L
b1011110 H
b1000000 J
b1111000 O
b1011 I
b1001011 K
#2090000
0.
#2095000
b1 T
b1010 &
b1010 U
b1 Z
b10010110 "
b10010110 Y
1.
#2096000
b1011010 8
b1011010 Q
b11101 0
b1011010 5
b10000110 F
b10 :
b0 ;
b1011111 L
b1011111 H
b1010 I
b1000001 J
#2100000
0.
#2105000
b10 T
b1001 &
b1001 U
b10 Z
b11101 "
b11101 Y
1.
#2106000
b11000110 8
b11000110 Q
b10000 0
b11000110 5
b10000111 F
b11 :
b1100000 L
b1100000 H
b1001 I
b1000010 J
#2110000
0.
#2115000
b11 T
b1000 &
b1000 U
b11 Z
b10000 "
b10000 Y
1.
#2116000
1R
b10001000 8
b10001000 Q
19
b1011010 0
17
b10001000 5
12
b10001000 F
b11010 >
b100 :
b1100001 L
b1100001 H
b1000 I
b1000011 J
#2120000
0.
#2125000
b1100 S
b100 T
b1100 [
b1000 &
b1000 U
b100 Z
b1011010 "
b1011010 Y
1.
#2126000
0R
b10111001 8
b10111001 Q
09
b1111110 0
07
b10111001 5
02
b10001001 F
b11011 >
b101 :
b1 ;
b110010 C
b1100010 L
b1100010 H
b1000100 J
b1111001 O
b1000 I
b1001100 K
#2130000
0.
#2135000
b101 T
b111 &
b111 U
b101 Z
b1111110 "
b1111110 Y
1.
#2136000
0P
04
b11010010 8
b11010010 Q
0/
03
b11010010 5
01
b10001010 F
b11100 >
b110 :
b0 ;
b1100011 L
b1100011 H
b111 I
b1000101 J
#2140000
0.
#2145000
1.
#2146000
1P
14
b1101111 8
b1101111 Q
1/
b1 0
13
b1101111 5
11
b10001011 F
b0 :
#2150000
0.
#2155000
b110 T
b110 &
b110 U
b110 Z
b1 "
b1 Y
1.
#2156000
0P
1R
04
b11001110 8
b11001110 Q
19
0/
03
17
b11001110 5
01
12
b10001100 F
b1 :
b1100100 L
b1100100 H
b110 I
b1000110 J
#2160000
0.
#2165000
b1101 S
b111 &
b111 U
b1101 [
1.
#2166000
0R
b10100100 8
b10100100 Q
09
07
b10100100 5
02
b10001101 F
b0 :
b1 ;
b1111010 O
b111 I
b1001101 K
#2170000
0.
#2175000
1.
#2176000
1R
b1110 8
b1110 Q
19
17
b1110 5
12
b10001110 F
b0 ;
#2180000
0.
#2185000
b1110 S
b1000 &
b1000 U
b1110 [
1.
#2186000
0R
b10101 8
b10101 Q
09
07
b10101 5
02
b10001111 F
b1 ;
b1111011 O
b1000 I
b1001110 K
#2190000
0.
#2195000
1.
#2196000
1P
1R
14
b10011101 8
b10011101 Q
19
1/
b11111100 0
13
17
b10011101 5
11
12
b10010000 F
b0 ;
#2200000
0.
#2205000
b1111 S
b111 T
b1111 [
b1000 &
b1000 U
b111 Z
b11111100 "
b11111100 Y
1.
#2206000
0R
b10011100 8
b10011100 Q
09
b11000010 0
07
b10011100 5
02
b10010001 F
b1 :
b1 ;
b110011 C
b1100101 L
b1100101 H
b1000111 J
b1111100 O
b1000 I
b1001111 K
#2210000
0.
#2215000
b1000 T
b111 &
b111 U
b1000 Z
b11000010 "
b11000010 Y
1.
#2216000
1R
b10101100 8
b10101100 Q
19
b110000 0
17
b10101100 5
12
b10010010 F
b10 :
b0 ;
b1100110 L
b1100110 H
b111 I
b1001000 J
#2220000
0.
#2225000
b0 S
b1001 T
b10000 [
b111 &
b111 U
b1001 Z
b110000 "
b110000 Y
1.
#2226000
b11001011 8
b11001011 Q
b1010001 0
b11001011 5
b10010011 F
b11 :
b1 ;
b110100 C
b1100111 L
b1100111 H
b1001001 J
b1111101 O
b111 I
b1010000 K
#2230000
0.
#2235000
b1010 T
b1 S
b1010 Z
b1010001 "
b1010001 Y
b111 &
b111 U
b10001 [
1.
#2236000
0P
0R
04
b11011101 8
b11011101 Q
09
0/
03
07
b11011101 5
01
02
b10010100 F
b11101 >
b100 :
b10 ;
b110101 C
b1101000 L
b1101000 H
b1001010 J
b1111110 O
b111 I
b1010001 K
#2240000
0.
#2245000
1.
#2246000
1P
1R
14
b110100 8
b110100 Q
19
1/
b11110 0
13
17
b110100 5
11
12
b10010101 F
b0 :
b0 ;
#2250000
0.
#2255000
b1011 T
b10 S
b1011 Z
b11110 "
b11110 Y
b111 &
b111 U
b10010 [
1.
#2256000
0P
04
b11100010 8
b11100010 Q
0/
03
b11100010 5
01
b10010110 F
b1 :
b1 ;
b110110 C
b1101001 L
b1101001 H
b1001011 J
b1111111 O
b111 I
b1010010 K
#2260000
0.
#2265000
b11 S
b1000 &
b1000 U
b10011 [
1.
#2266000
0R
b101000 8
b101000 Q
09
07
b101000 5
02
b10010111 F
b0 :
b10 ;
b10000000 O
b1000 I
b1010011 K
#2270000
0.
#2275000
1.
#2276000
1R
b10100101 8
b10100101 Q
19
17
b10100101 5
12
b10011000 F
b0 ;
#2280000
0.
#2285000
b100 S
b1001 &
b1001 U
b10100 [
1.
#2286000
b1100010 8
b1100010 Q
b1100010 5
b10011001 F
b1 ;
b10000001 O
b1001 I
b1010100 K
#2290000
0.
#2295000
b101 S
b1010 &
b1010 U
b10101 [
1.
#2296000
1P
0R
14
b1000011 8
b1000011 Q
09
1/
b10001000 0
13
07
b1000011 5
11
02
b10011010 F
b10 ;
b10000010 O
b1010 I
b1010101 K
#2300000
0.
#2305000
b1100 T
b1001 &
b1001 U
b1100 Z
b10001000 "
b10001000 Y
1.
#2306000
0P
1R
04
b11011010 8
b11011010 Q
19
0/
03
17
b11011010 5
01
12
b10011011 F
b1 :
b0 ;
b1101010 L
b1101010 H
b1001 I
b1001100 J
#2310000
0.
#2315000
b110 S
b1010 &
b1010 U
b10110 [
1.
#2316000
1P
0R
14
b10111011 8
b10111011 Q
09
1/
b11001110 0
13
07
b10111011 5
11
02
b10011100 F
b0 :
b1 ;
b10000011 O
b1010 I
b1010110 K
#2320000
0.
#2325000
b1101 T
b1001 &
b1001 U
b1101 Z
b11001110 "
b11001110 Y
1.
#2326000
0P
04
b10000000 8
b10000000 Q
0/
03
b10000000 5
01
b10011101 F
b1 :
b0 ;
b1101011 L
b1101011 H
b1001 I
b1001101 J
#2330000
0.
#2335000
1.
#2336000
1P
14
b11100001 8
b11100001 Q
1/
b1110 0
13
b11100001 5
11
b10011110 F
b0 :
#2340000
0.
#2345000
b1110 T
b1000 &
b1000 U
b1110 Z
b1110 "
b1110 Y
1.
#2346000
1R
b1010111 8
b1010111 Q
19
b10011101 0
17
b1010111 5
12
b10011111 F
b1 :
b1101100 L
b1101100 H
b1000 I
b1001110 J
#2350000
0.
#2355000
b1111 T
b111 S
b1111 Z
b10011101 "
b10011101 Y
b1000 &
b1000 U
b10111 [
1.
#2356000
0P
04
b1110100 8
b1110100 Q
0/
03
b1110100 5
01
b10100000 F
b10 :
b1 ;
b110111 C
b1101101 L
b1101101 H
b1001111 J
b10000100 O
b1000 I
b1010111 K
#2360000
0.
#2365000
b1000 S
b1001 &
b1001 U
b11000 [
1.
#2366000
1P
0R
14
b1110111 8
b1110111 Q
09
1/
b10101100 0
13
07
b1110111 5
11
02
b10100001 F
b0 :
b10 ;
b10000101 O
b1001 I
b1011000 K
#2370000
0.
#2375000
b0 T
b1000 &
b1000 U
b10000 Z
b10101100 "
b10101100 Y
1.
#2376000
b11001011 0
b10100010 F
b1 :
b0 ;
b1101110 L
b1101110 H
b1000 I
b1010000 J
#2380000
0.
#2385000
b1 T
b111 &
b111 U
b10001 Z
b11001011 "
b11001011 Y
1.
#2386000
b10100 8
b10100 Q
b110100 0
b10100 5
b10100011 F
b10 :
b1101111 L
b1101111 H
b111 I
b1010001 J
#2390000
0.
#2395000
b10 T
b110 &
b110 U
b10010 Z
b110100 "
b110100 Y
1.
#2396000
0P
04
b1110000 8
b1110000 Q
0/
03
b1110000 5
01
b10100100 F
b11 :
b1110000 L
b1110000 H
b110 I
b1010010 J
#2400000
0.
#2405000
1.
#2406000
1R
b11000000 8
b11000000 Q
19
17
b11000000 5
12
b10100101 F
b0 :
#2410000
0.
#2415000
b1001 S
b111 &
b111 U
b11001 [
1.
#2416000
0R
b11111000 8
b11111000 Q
09
07
b11111000 5
02
b10100110 F
b1 ;
b10000110 O
b111 I
b1011001 K
#2420000
0.
#2425000
1.
#2426000
1P
1R
14
b1111000 8
b1111000 Q
19
1/
b11100010 0
13
17
b1111000 5
11
12
b10100111 F
b0 ;
#2430000
0.
#2435000
b11 T
b1010 S
b10011 Z
b11100010 "
b11100010 Y
b111 &
b111 U
b11010 [
1.
#2436000
0P
04
b1110001 8
b1110001 Q
0/
03
b1110001 5
01
b10101000 F
b1 :
b1 ;
b111000 C
b1110001 L
b1110001 H
b1010011 J
b10000111 O
b111 I
b1011010 K
#2440000
0.
#2445000
b1011 S
b1000 &
b1000 U
b11011 [
1.
#2446000
1P
0R
14
b11110111 8
b11110111 Q
09
1/
b10100101 0
13
07
b11110111 5
11
02
b10101001 F
b0 :
b10 ;
b10001000 O
b1000 I
b1011011 K
#2450000
0.
#2455000
b100 T
b111 &
b111 U
b10100 Z
b10100101 "
b10100101 Y
1.
#2456000
1R
b10100101 8
b10100101 Q
19
b1100010 0
17
b10100101 5
12
b10101010 F
b1 :
b0 ;
b1110010 L
b1110010 H
b111 I
b1010100 J
#2460000
0.
#2465000
b1100 S
b101 T
b11100 [
b111 &
b111 U
b10101 Z
b1100010 "
b1100010 Y
1.
#2466000
0R
b10001001 8
b10001001 Q
09
b11011010 0
07
b10001001 5
02
b10101011 F
b10 :
b1 ;
b111001 C
b1110011 L
b1110011 H
b1010101 J
b10001001 O
b111 I
b1011100 K
#2470000
0.
#2475000
b110 T
b110 &
b110 U
b10110 Z
b11011010 "
b11011010 Y
1.
#2476000
0P
04
b1011011 8
b1011011 Q
0/
03
b1011011 5
01
b10101100 F
b11 :
b0 ;
b1110100 L
b1110100 H
b110 I
b1010110 J
#2480000
0.
#2485000
1.
#2486000
1P
1R
14
b111000 8
b111000 Q
19
1/
b1010111 0
13
17
b111000 5
11
12
b10101101 F
b0 :
#2490000
0.
#2495000
b111 T
b1101 S
b10111 Z
b1010111 "
b1010111 Y
b110 &
b110 U
b11101 [
1.
#2496000
0R
b10010101 8
b10010101 Q
09
b1110100 0
07
b10010101 5
02
b10101110 F
b1 :
b1 ;
b111010 C
b1110101 L
b1110101 H
b1010111 J
b10001010 O
b110 I
b1011101 K
#2500000
0.
#2505000
b1000 T
b101 &
b101 U
b11000 Z
b1110100 "
b1110100 Y
1.
#2506000
0P
1R
04
b11110010 8
b11110010 Q
19
0/
03
17
b11110010 5
01
12
b10101111 F
b10 :
b0 ;
b1110110 L
b1110110 H
b101 I
b1011000 J
#2510000
0.
#2515000
b1110 S
b110 &
b110 U
b11110 [
1.
#2516000
1P
0R
14
b100000 8
b100000 Q
09
1/
b11000000 0
13
07
b100000 5
11
02
b10110000 F
b0 :
b1 ;
b10001011 O
b110 I
b1011110 K
#2520000
0.
#2525000
b1001 T
b101 &
b101 U
b11001 Z
b11000000 "
b11000000 Y
1.
#2526000
b1100110 8
b1100110 Q
b1111000 0
b1100110 5
b10110001 F
b1 :
b0 ;
b1110111 L
b1110111 H
b101 I
b1011001 J
#2530000
0.
#2535000
b1010 T
b100 &
b100 U
b11010 Z
b1111000 "
b1111000 Y
1.
#2536000
b1010001 8
b1010001 Q
b1110001 0
b1010001 5
b10110010 F
b10 :
b1111000 L
b1111000 H
b100 I
b1011010 J
#2540000
0.
#2545000
b1011 T
b11 &
b11 U
b11011 Z
b1110001 "
b1110001 Y
1.
#2546000
b11101110 8
b11101110 Q
b10100101 0
b11101110 5
b10110011 F
b11 :
b1111001 L
b1111001 H
b11 I
b1011011 J
#2550000
0.
#2555000
b1100 T
b10 &
b10 U
b11100 Z
b10100101 "
b10100101 Y
1.
#2556000
1R
b10010 8
b10010 Q
19
b111000 0
17
b10010 5
12
b10110100 F
b11110 >
b100 :
b1111010 L
b1111010 H
b10 I
b1011100 J
#2560000
0.
#2565000
b1111 S
b1101 T
b11111 [
0(
b10 &
b10 U
b11101 Z
b111000 "
b111000 Y
1.
#2566000
0P
04
b101110 8
b101110 Q
0/
03
b101110 5
01
b10110101 F
b11111 >
b101 :
b1 ;
b111011 C
b1111011 L
b1111011 H
b1011101 J
b10001100 O
b10 I
b1011111 K
#2570000
0.
#2575000
b0 S
b11 &
b11 U
b0 [
1.
#2576000
0R
b11100100 8
b11100100 Q
09
07
b11100100 5
02
b10110110 F
b0 :
b10 ;
b10001101 O
b11 I
b1100000 K
#2580000
0.
#2585000
1.
#2586000
1P
1R
14
b111001 8
b111001 Q
19
1/
b11110010 0
13
17
b111001 5
11
12
b10110111 F
b0 ;
#2590000
0.
#2595000
b1110 T
b1 S
b11110 Z
b11110010 "
b11110010 Y
b11 &
b11 U
b1 [
1.
#2596000
b11101010 8
b11101010 Q
b10010 0
b11101010 5
b10111000 F
b1 :
b1 ;
b111100 C
b1111100 L
b1111100 H
b1011110 J
b10001110 O
b11 I
b1100001 K
#2600000
0.
#2605000
b10 S
b1111 T
b10 [
b11 &
b11 U
b11111 Z
b10010 "
b10010 Y
1.
#2606000
0P
04
b1011001 8
b1011001 Q
0/
03
b1011001 5
01
b10111001 F
b10 :
b10 ;
b111101 C
b1111101 L
b1111101 H
b1011111 J
b10001111 O
b11 I
b1100010 K
#2610000
0.
#2615000
b11 S
b100 &
b100 U
b11 [
1.
#2616000
1P
0R
14
b10000110 8
b10000110 Q
09
1/
b101110 0
13
07
b10000110 5
11
02
b10111010 F
b0 :
b11 ;
b10010000 O
b100 I
b1100011 K
#2620000
0.
#2625000
b0 T
b11 &
b11 U
b0 Z
b101110 "
b101110 Y
1.
#2626000
1R
b1010 8
b1010 Q
19
b111001 0
17
b1010 5
12
b10111011 F
b1 :
b0 ;
b1111110 L
b1111110 H
b11 I
b1100000 J
#2630000
0.
#2635000
b1 T
b100 S
b1 Z
b111001 "
b111001 Y
b11 &
b11 U
b100 [
1.
#2636000
0P
04
b10000001 8
b10000001 Q
0/
03
b10000001 5
01
b10111100 F
b10 :
b1 ;
b111110 C
b1111111 L
b1111111 H
b1100001 J
b10010001 O
b11 I
b1100100 K
#2640000
0.
#2645000
b101 S
b100 &
b100 U
b101 [
1.
#2646000
1P
0R
14
b11000110 8
b11000110 Q
09
1/
b11101010 0
13
07
b11000110 5
11
02
b10111101 F
b0 :
b10 ;
b10010010 O
b100 I
b1100101 K
#2650000
0.
#2655000
b10 T
b11 &
b11 U
b10 Z
b11101010 "
b11101010 Y
1.
#2656000
0P
1R
04
b11001000 8
b11001000 Q
19
0/
03
17
b11001000 5
01
12
b10111110 F
b1 :
b0 ;
b10000000 L
b10000000 H
b11 I
b1100010 J
#2660000
0.
#2665000
b110 S
b100 &
b100 U
b110 [
1.
#2666000
1P
0R
14
b10111101 8
b10111101 Q
09
1/
b1011001 0
13
07
b10111101 5
11
02
b10111111 F
b0 :
b1 ;
b10010011 O
b100 I
b1100110 K
#2670000
0.
#2675000
b11 T
b11 &
b11 U
b11 Z
b1011001 "
b1011001 Y
1.
#2676000
0P
1R
04
b110 8
b110 Q
19
0/
03
17
b110 5
01
12
b11000000 F
b1 :
b0 ;
b10000001 L
b10000001 H
b11 I
b1100011 J
#2680000
0.
#2685000
b111 S
b100 &
b100 U
b111 [
1.
#2686000
b10100 8
b10100 Q
b10100 5
b11000001 F
b0 :
b1 ;
b10010100 O
b100 I
b1100111 K
#2690000
0.
#2695000
b1000 S
b101 &
b101 U
b1000 [
1.
#2696000
1P
0R
14
b11100000 8
b11100000 Q
09
1/
b1010 0
13
07
b11100000 5
11
02
b11000010 F
b10 ;
b10010101 O
b101 I
b1101000 K
#2700000
0.
#2705000
b100 T
b100 &
b100 U
b100 Z
b1010 "
b1010 Y
1.
#2706000
b10100110 8
b10100110 Q
b10000001 0
b10100110 5
b11000011 F
b1 :
b0 ;
b10000010 L
b10000010 H
b100 I
b1100100 J
#2710000
0.
#2715000
b101 T
b11 &
b11 U
b101 Z
b10000001 "
b10000001 Y
1.
#2716000
0P
1R
04
b101110 8
b101110 Q
19
0/
03
17
b101110 5
01
12
b11000100 F
b10 :
b10000011 L
b10000011 H
b11 I
b1100101 J
#2720000
0.
#2725000
b1001 S
b100 &
b100 U
b1001 [
1.
#2726000
1P
14
b11011110 8
b11011110 Q
1/
b11001000 0
13
b11011110 5
11
b11000101 F
b0 :
b1 ;
b10010110 O
b100 I
b1101001 K
#2730000
0.
#2735000
b110 T
b1010 S
b110 Z
b11001000 "
b11001000 Y
b100 &
b100 U
b1010 [
1.
#2736000
b1111101 8
b1111101 Q
b110 0
b1111101 5
b11000110 F
b1 :
b10 ;
b111111 C
b10000100 L
b10000100 H
b1100110 J
b10010111 O
b100 I
b1101010 K
#2740000
0.
#2745000
b1011 S
b111 T
b1011 [
b100 &
b100 U
b111 Z
b110 "
b110 Y
1.
#2746000
0R
b1001001 8
b1001001 Q
09
b10100 0
07
b1001001 5
02
b11000111 F
b10 :
b11 ;
b1000000 C
b10000101 L
b10000101 H
b1100111 J
b10011000 O
b100 I
b1101011 K
#2750000
0.
#2755000
b1000 T
b11 &
b11 U
b1000 Z
b10100 "
b10100 Y
1.
#2756000
0P
1R
04
b10100010 8
b10100010 Q
19
0/
03
17
b10100010 5
01
12
b11001000 F
b11 :
b0 ;
b10000110 L
b10000110 H
b11 I
b1101000 J
#2760000
0.
#2765000
b1100 S
b100 &
b100 U
b1100 [
1.
#2766000
1P
14
b10011 8
b10011 Q
1/
b101110 0
13
b10011 5
11
b11001001 F
b0 :
b1 ;
b10011001 O
b100 I
b1101100 K
#2770000
0.
#2775000
b1001 T
b1101 S
b1001 Z
b101110 "
b101110 Y
b100 &
b100 U
b1101 [
1.
#2776000
b1001000 8
b1001000 Q
b11011110 0
b1001000 5
b11001010 F
b1 :
b10 ;
b1000001 C
b10000111 L
b10000111 H
b1101001 J
b10011010 O
b100 I
b1101101 K
#2780000
0.
#2785000
b1110 S
b1010 T
b1110 [
b100 &
b100 U
b1010 Z
b11011110 "
b11011110 Y
1.
#2786000
0P
0R
04
b11011100 8
b11011100 Q
09
0/
03
07
b11011100 5
01
02
b11001011 F
b10 :
b11 ;
b1000010 C
b10001000 L
b10001000 H
b1101010 J
b10011011 O
b100 I
b1101110 K
#2790000
0.
#2795000
1.
#2796000
b10110111 8
b10110111 Q
b10110111 5
b11001100 F
b0 :
b0 ;
#2800000
0.
#2805000
1.
#2806000
1P
14
b11000110 8
b11000110 Q
1/
b1111101 0
13
b11000110 5
11
b11001101 F
#2810000
0.
#2815000
b1011 T
b11 &
b11 U
b1011 Z
b1111101 "
b1111101 Y
1.
#2816000
0P
04
b11101110 8
b11101110 Q
0/
03
b11101110 5
01
b11001110 F
b1 :
b10001001 L
b10001001 H
b11 I
b1101011 J
#2820000
0.
#2825000
1.
#2826000
1P
1R
14
b11010010 8
b11010010 Q
19
1/
b10100010 0
13
17
b11010010 5
11
12
b11001111 F
b0 :
#2830000
0.
#2835000
b1100 T
b1111 S
b1100 Z
b10100010 "
b10100010 Y
b11 &
b11 U
b1111 [
1.
#2836000
b101100 8
b101100 Q
b10011 0
b101100 5
b11010000 F
b1 :
b1 ;
b1000011 C
b10001010 L
b10001010 H
b1101100 J
b10011100 O
b11 I
b1101111 K
#2840000
0.
#2845000
b0 S
b1101 T
b10000 [
b11 &
b11 U
b1101 Z
b10011 "
b10011 Y
1.
#2846000
0P
0R
04
b10000011 8
b10000011 Q
09
0/
03
07
b10000011 5
01
02
b11010001 F
b10 :
b10 ;
b1000100 C
b10001011 L
b10001011 H
b1101101 J
b10011101 O
b11 I
b1110000 K
#2850000
0.
#2855000
1.
#2856000
1P
1R
14
b1100010 8
b1100010 Q
19
1/
b1001000 0
13
17
b1100010 5
11
12
b11010010 F
b0 :
b0 ;
#2860000
0.
#2865000
b1 S
b1110 T
b10001 [
b11 &
b11 U
b1110 Z
b1001000 "
b1001000 Y
1.
#2866000
0P
0R
04
b11100001 8
b11100001 Q
09
0/
03
07
b11100001 5
01
02
b11010011 F
b1 :
b1 ;
b1000101 C
b10001100 L
b10001100 H
b1101110 J
b10011110 O
b11 I
b1110001 K
#2870000
0.
#2875000
1.
#2876000
1P
14
b1110100 8
b1110100 Q
1/
b11010010 0
13
b1110100 5
11
b11010100 F
b0 :
b0 ;
#2880000
0.
#2885000
b1111 T
b10 &
b10 U
b1111 Z
b11010010 "
b11010010 Y
1.
#2886000
0P
04
b11111100 8
b11111100 Q
0/
03
b11111100 5
01
b11010101 F
b1 :
b10001101 L
b10001101 H
b10 I
b1101111 J
#2890000
0.
#2895000
1.
#2896000
b10110111 8
b10110111 Q
b10110111 5
b11010110 F
b0 :
#2900000
0.
#2905000
1.
#2906000
1P
14
b10110100 8
b10110100 Q
1/
b101100 0
13
b10110100 5
11
b11010111 F
#2910000
0.
#2915000
b0 T
1(
b1 &
b1 U
b10000 Z
b101100 "
b101100 Y
1.
#2916000
0P
1R
04
b11010101 8
b11010101 Q
19
0/
03
17
b11010101 5
01
12
b11011000 F
b1 :
b1111 <
b10001110 L
b10001110 H
b1 I
b1110000 J
#2920000
0.
#2925000
b10 S
0(
b10 &
b10 U
b10010 [
1.
#2926000
1P
14
b10101110 8
b10101110 Q
1/
b1100010 0
13
b10101110 5
11
b11011001 F
b0 :
b1 ;
b10011111 O
b10 I
b1110010 K
#2930000
0.
#2935000
b1 T
b11 S
b10001 Z
b1100010 "
b1100010 Y
b10 &
b10 U
b10011 [
1.
#2936000
0R
b10101011 8
b10101011 Q
09
b11010101 0
07
b10101011 5
02
b11011010 F
b1 :
b10 ;
b1000110 C
b10001111 L
b10001111 H
b1110001 J
b10100000 O
b10 I
b1110011 K
#2940000
0.
#2945000
b10 T
1(
b1 &
b1 U
b10010 Z
b11010101 "
b11010101 Y
1.
#2946000
0P
04
b111100 8
b111100 Q
0/
03
b111100 5
01
b11011011 F
b10 :
b0 ;
b10000 <
b10010000 L
b10010000 H
b1 I
b1110010 J
#2950000
0.
#2955000
1.
#2956000
1P
1R
14
b1010101 8
b1010101 Q
19
1/
b10101110 0
13
17
b1010101 5
11
12
b11011100 F
b0 :
b10001 <
#2960000
0.
#2965000
b100 S
b11 T
b10100 [
0%
1(
b1 &
b1 U
b10011 Z
b10101110 "
b10101110 Y
1.
#2966000
0R
b11000110 8
b11000110 Q
09
b1010101 0
07
b11000110 5
02
b11011101 F
b1 :
b1 ;
b1000111 C
b10010 <
b10010001 L
b10010001 H
b1110011 J
b10100001 O
b1 I
b1110100 K
#2970000
0.
#2975000
b100 T
0P
1%
0(
b0 &
b0 U
b10100 Z
b1010101 "
b1010101 Y
1.
#2976000
1R
04
b11011110 8
b11011110 Q
19
0/
03
17
b11011110 5
01
12
b11011110 F
b10 :
b0 ;
b100 @
b10010010 L
b10010010 H
b0 I
b1110100 J
#2980000
0.
#2985000
b101 S
0%
1(
b1 &
b1 U
b10101 [
1.
#2986000
1P
14
b1100000 8
b1100000 Q
1/
b11011110 0
13
b1100000 5
11
b11011111 F
b0 :
b1 ;
b10011 <
b10100010 O
b1 I
b1110101 K
#2990000
0.
#2995000
b101 T
b110 S
b10101 Z
b11011110 "
b11011110 Y
1(
b1 &
b1 U
b10110 [
1.
#2996000
0P
0R
04
b1000100 8
b1000100 Q
09
0/
03
07
b1000100 5
01
02
b11100000 F
b1 :
b10 ;
b1001000 C
b10100 <
b10010011 L
b10010011 H
b1110101 J
b10100011 O
b1 I
b1110110 K
#3000000
0.
#3005000
1.
#3006000
1P
1R
14
b1011000 8
b1011000 Q
19
1/
b1100000 0
13
17
b1011000 5
11
12
b11100001 F
b0 :
b0 ;
b10101 <
#3010000
0.
#3015000
b110 T
b111 S
b10110 Z
b1100000 "
b1100000 Y
1(
b1 &
b1 U
b10111 [
1.
#3016000
b1000001 8
b1000001 Q
b1011000 0
b1000001 5
b11100010 F
b1 :
b1 ;
b1001001 C
b10110 <
b10010100 L
b10010100 H
b1110110 J
b10100100 O
b1 I
b1110111 K
#3020000
0.
#3025000
b1000 S
b111 T
b11000 [
0%
1(
b1 &
b1 U
b10111 Z
b1011000 "
b1011000 Y
1.
#3026000
0P
0R
04
b1101011 8
b1101011 Q
09
0/
03
07
b1101011 5
01
02
b11100011 F
b10 :
b10 ;
b1001010 C
b10111 <
b10010101 L
b10010101 H
b1110111 J
b10100101 O
b1 I
b1111000 K
#3030000
0.
#3035000
1.
#3036000
1P
1R
14
b11100110 8
b11100110 Q
19
1/
b1000001 0
13
17
b11100110 5
11
12
b11100100 F
b0 :
b0 ;
b11000 <
#3040000
0.
#3045000
b1001 S
b1000 T
b11001 [
0%
1(
b1 &
b1 U
b11000 Z
b1000001 "
b1000001 Y
1.
#3046000
0P
04
b11001100 8
b11001100 Q
0/
03
b11001100 5
01
b11100101 F
b1 :
b1 ;
b1001011 C
b11001 <
b10010110 L
b10010110 H
b1111000 J
b10100110 O
b1 I
b1111001 K
#3050000
0.
#3055000
b1010 S
0(
b10 &
b10 U
b11010 [
1.
#3056000
1P
14
b110010 8
b110010 Q
1/
b11100110 0
13
b110010 5
11
b11100110 F
b0 :
b10 ;
b10100111 O
b10 I
b1111010 K
#3060000
0.
#3065000
b1011 S
b1001 T
b11011 [
0(
b10 &
b10 U
b11001 Z
b11100110 "
b11100110 Y
1.
#3066000
0R
b1111111 8
b1111111 Q
09
b11001100 0
07
b1111111 5
02
b11100111 F
b1 :
b11 ;
b1001100 C
b10010111 L
b10010111 H
b1111001 J
b10101000 O
b10 I
b1111011 K
#3070000
0.
#3075000
b1010 T
1(
b1 &
b1 U
b11010 Z
b11001100 "
b11001100 Y
1.
#3076000
1R
b1110100 8
b1110100 Q
19
b110010 0
17
b1110100 5
12
b11101000 F
b10 :
b0 ;
b11010 <
b10011000 L
b10011000 H
b1 I
b1111010 J
#3080000
0.
#3085000
b1100 S
b1011 T
b11100 [
0%
1(
b1 &
b1 U
b11011 Z
b110010 "
b110010 Y
1.
#3086000
0P
04
b11 8
b11 Q
0/
03
b11 5
01
b11101001 F
b11 :
b1 ;
b1001101 C
b11011 <
b10011001 L
b10011001 H
b1111011 J
b10101001 O
b1 I
b1111100 K
#3090000
0.
#3095000
b1101 S
0(
b10 &
b10 U
b11101 [
1.
#3096000
1P
14
b1100010 8
b1100010 Q
1/
b1110100 0
13
b1100010 5
11
b11101010 F
b0 :
b10 ;
b10101010 O
b10 I
b1111101 K
#3100000
0.
#3105000
b1110 S
b1100 T
b11110 [
0(
b10 &
b10 U
b11100 Z
b1110100 "
b1110100 Y
1.
#3106000
0P
04
b11111001 8
b11111001 Q
0/
03
b11111001 5
01
b11101011 F
b1 :
b11 ;
b1001110 C
b10011010 L
b10011010 H
b1111100 J
b10101011 O
b10 I
b1111110 K
#3110000
0.
#3115000
b1111 S
b11 &
b11 U
b11111 [
1.
#3116000
1P
0R
14
b10001011 8
b10001011 Q
09
1/
b11 0
13
07
b10001011 5
11
02
b11101100 F
b101111 ?
b0 :
b100 ;
b10101100 O
b11 I
b1111111 K
#3120000
0.
#3125000
b1101 T
b10 &
b10 U
b11101 Z
b11 "
b11 Y
1.
#3126000
1R
b10010101 8
b10010101 Q
19
b1100010 0
17
b10010101 5
12
b11101101 F
b1 :
b0 ;
b10011011 L
b10011011 H
b10 I
b1111101 J
#3130000
0.
#3135000
b1110 T
b0 S
b11110 Z
b1100010 "
b1100010 Y
b10 &
b10 U
b0 [
1.
#3136000
b1100101 8
b1100101 Q
b11111001 0
b1100101 5
b11101110 F
b10 :
b1 ;
b1001111 C
b10011100 L
b10011100 H
b1111110 J
b10101101 O
b10 I
b10000000 K
#3140000
0.
#3145000
b1 S
b1111 T
b1 [
0(
b10 &
b10 U
b11111 Z
b11111001 "
b11111001 Y
1.
#3146000
b1111010 8
b1111010 Q
b10010101 0
b1111010 5
b11101111 F
b11 :
b10 ;
b1010000 C
b10011101 L
b10011101 H
b1111111 J
b10101110 O
b10 I
b10000001 K
#3150000
0.
#3155000
b0 T
b10 S
b0 Z
b10010101 "
b10010101 Y
b10 &
b10 U
b10 [
1.
#3156000
0R
b11000010 8
b11000010 Q
09
b1100101 0
07
b11000010 5
02
b11110000 F
b100000 >
b100 :
b11 ;
b1010001 C
b10011110 L
b10011110 H
b10000000 J
b10101111 O
b10 I
b10000010 K
#3160000
0.
#3165000
b1 T
1(
b1 &
b1 U
b1 Z
b1100101 "
b1100101 Y
1.
#3166000
1R
b110000 8
b110000 Q
19
b1111010 0
17
b110000 5
12
b11110001 F
b100001 >
b101 :
b0 ;
b11100 <
b10011111 L
b10011111 H
b1 I
b10000001 J
#3170000
0.
#3175000
b10 T
b11 S
b10 Z
b1111010 "
b1111010 Y
1(
b1 &
b1 U
b11 [
1.
#3176000
0P
04
b10011011 8
b10011011 Q
0/
03
b10011011 5
01
b11110010 F
b100010 >
b110 :
b1 ;
b1010010 C
b11101 <
b10100000 L
b10100000 H
b10000010 J
b10110000 O
b1 I
b10000011 K
#3180000
0.
#3185000
b100 S
0(
b10 &
b10 U
b100 [
1.
#3186000
0R
b111 8
b111 Q
09
07
b111 5
02
b11110011 F
b0 :
b10 ;
b10110001 O
b10 I
b10000100 K
#3190000
0.
#3195000
1.
#3196000
b11101000 8
b11101000 Q
b11101000 5
b11110100 F
b0 ;
#3200000
0.
#3205000
1.
#3206000
1R
b11111100 8
b11111100 Q
19
17
b11111100 5
12
b11110101 F
#3210000
0.
#3215000
b101 S
b11 &
b11 U
b101 [
1.
#3216000
b11001100 8
b11001100 Q
b11001100 5
b11110110 F
b1 ;
b10110010 O
b11 I
b10000101 K
#3220000
0.
#3225000
b110 S
b100 &
b100 U
b110 [
1.
#3226000
1P
0R
14
b1111101 8
b1111101 Q
09
1/
b110000 0
13
07
b1111101 5
11
02
b11110111 F
b10 ;
b10110011 O
b100 I
b10000110 K
#3230000
0.
#3235000
b11 T
b11 &
b11 U
b11 Z
b110000 "
b110000 Y
1.
#3236000
b110101 8
b110101 Q
b10011011 0
b110101 5
b11111000 F
b1 :
b0 ;
b10100001 L
b10100001 H
b11 I
b10000011 J
#3240000
0.
#3245000
b100 T
b10 &
b10 U
b100 Z
b10011011 "
b10011011 Y
1.
#3246000
1R
b10000110 8
b10000110 Q
19
b11111100 0
17
b10000110 5
12
b11111001 F
b10 :
b10100010 L
b10100010 H
b10 I
b10000100 J
#3250000
0.
#3255000
b101 T
b111 S
b101 Z
b11111100 "
b11111100 Y
b10 &
b10 U
b111 [
1.
#3256000
b10100000 8
b10100000 Q
b11001100 0
b10100000 5
b11111010 F
b11 :
b1 ;
b1010011 C
b10100011 L
b10100011 H
b10000101 J
b10110100 O
b10 I
b10000111 K
#3260000
0.
#3265000
b1000 S
b110 T
b1000 [
0(
b10 &
b10 U
b110 Z
b11001100 "
b11001100 Y
1.
#3266000
0P
0R
04
b1000000 8
b1000000 Q
09
0/
03
07
b1000000 5
01
02
b11111011 F
b100011 >
b100 :
b10 ;
b1010100 C
b10100100 L
b10100100 H
b10000110 J
b10110101 O
b10 I
b10001000 K
#3270000
0.
#3275000
1.
#3276000
1P
1R
14
b1110110 8
b1110110 Q
19
1/
b10000110 0
13
17
b1110110 5
11
12
b11111100 F
b0 :
b0 ;
#3280000
0.
#3285000
b1001 S
b111 T
b1001 [
0(
b10 &
b10 U
b111 Z
b10000110 "
b10000110 Y
1.
#3286000
b10010011 8
b10010011 Q
b10100000 0
b10010011 5
b11111101 F
b1 :
b1 ;
b1010101 C
b10100101 L
b10100101 H
b10000111 J
b10110110 O
b10 I
b10001001 K
#3290000
0.
#3295000
b1000 T
b1010 S
b1000 Z
b10100000 "
b10100000 Y
b10 &
b10 U
b1010 [
1.
#3296000
0P
04
b11010101 8
b11010101 Q
0/
03
b11010101 5
01
b11111110 F
b10 :
b10 ;
b1010110 C
b10100110 L
b10100110 H
b10001000 J
b10110111 O
b10 I
b10001010 K
#3300000
0.
#3305000
b1011 S
b11 &
b11 U
b1011 [
1.
#3306000
0R
b11100100 8
b11100100 Q
09
07
b11100100 5
02
b11111111 F
b0 :
b11 ;
b10111000 O
b11 I
b10001011 K
#3310000
0.
#3315000
1.
#3316000
1P
1R
14
b11100111 8
b11100111 Q
19
1/
b1110110 0
13
17
b11100111 5
11
12
b100000000 F
b0 ;
#3320000
0.
#3325000
b1100 S
b1001 T
b1100 [
b11 &
b11 U
b1001 Z
b1110110 "
b1110110 Y
1.
#3326000
b11101101 8
b11101101 Q
b10010011 0
b11101101 5
b100000001 F
b1 :
b1 ;
b1010111 C
b10100111 L
b10100111 H
b10001001 J
b10111001 O
b11 I
b10001100 K
#3330000
0.
#3335000
b1010 T
b1101 S
b1010 Z
b10010011 "
b10010011 Y
b11 &
b11 U
b1101 [
1.
#3336000
0P
04
b11011010 8
b11011010 Q
0/
03
b11011010 5
01
b100000010 F
b10 :
b10 ;
b1011000 C
b10101000 L
b10101000 H
b10001010 J
b10111010 O
b11 I
b10001101 K
#3340000
0.
#3345000
b1110 S
b100 &
b100 U
b1110 [
1.
#3346000
b1000001 8
b1000001 Q
b1000001 5
b100000011 F
b0 :
b11 ;
b10111011 O
b100 I
b10001110 K
#3350000
0.
#3355000
b1111 S
b101 &
b101 U
b1111 [
1.
#3356000
1P
14
b1010001 8
b1010001 Q
1/
b11010101 0
13
b1010001 5
11
b100000100 F
b110000 ?
b100 ;
b10111100 O
b101 I
b10001111 K
#3360000
0.
#3365000
b0 S
b1011 T
b10000 [
b101 &
b101 U
b1011 Z
b11010101 "
b11010101 Y
1.
#3366000
0P
0R
04
b11110101 8
b11110101 Q
09
0/
03
07
b11110101 5
01
02
b100000101 F
b110001 ?
b1 :
b101 ;
b1011001 C
b10101001 L
b10101001 H
b10001011 J
b10111101 O
b101 I
b10010000 K
#3370000
0.
#3375000
1.
#3376000
1P
1R
14
b101101 8
b101101 Q
19
1/
b11100111 0
13
17
b101101 5
11
12
b100000110 F
b0 :
b0 ;
#3380000
0.
#3385000
b1 S
b1100 T
b10001 [
b101 &
b101 U
b1100 Z
b11100111 "
b11100111 Y
1.
#3386000
0P
04
b11011 8
b11011 Q
0/
03
b11011 5
01
b100000111 F
b1 :
b1 ;
b1011010 C
b10101010 L
b10101010 H
b10001100 J
b10111110 O
b101 I
b10010001 K
#3390000
0.
#3395000
b10 S
b110 &
b110 U
b10010 [
1.
#3396000
1P
0R
14
b10101000 8
b10101000 Q
09
1/
b11101101 0
13
07
b10101000 5
11
02
b100001000 F
b0 :
b10 ;
b10111111 O
b110 I
b10010010 K
#3400000
0.
#3405000
b1101 T
b101 &
b101 U
b1101 Z
b11101101 "
b11101101 Y
1.
#3406000
0P
04
b10011010 8
b10011010 Q
0/
03
b10011010 5
01
b100001001 F
b1 :
b0 ;
b10101011 L
b10101011 H
b101 I
b10001101 J
#3410000
0.
#3415000
1.
#3416000
1P
14
b10100111 8
b10100111 Q
1/
b11011010 0
13
b10100111 5
11
b100001010 F
b0 :
#3420000
0.
#3425000
b1110 T
b100 &
b100 U
b1110 Z
b11011010 "
b11011010 Y
1.
#3426000
1R
b1101110 8
b1101110 Q
19
b1000001 0
17
b1101110 5
12
b100001011 F
b1 :
b10101100 L
b10101100 H
b100 I
b10001110 J
#3430000
0.
#3435000
b1111 T
b11 S
b1111 Z
b1000001 "
b1000001 Y
b100 &
b100 U
b10011 [
1.
#3436000
0P
04
b101100 8
b101100 Q
0/
03
b101100 5
01
b100001100 F
b10 :
b1 ;
b1011011 C
b10101101 L
b10101101 H
b10001111 J
b11000000 O
b100 I
b10010011 K
#3440000
0.
#3445000
b100 S
b101 &
b101 U
b10100 [
1.
#3446000
0R
b101 8
b101 Q
09
07
b101 5
02
b100001101 F
b0 :
b10 ;
b11000001 O
b101 I
b10010100 K
#3450000
0.
#3455000
1.
#3456000
1P
1R
14
b10010100 8
b10010100 Q
19
1/
b1010001 0
13
17
b10010100 5
11
12
b100001110 F
b0 ;
#3460000
0.
#3465000
b101 S
b0 T
b10101 [
b101 &
b101 U
b10000 Z
b1010001 "
b1010001 Y
1.
#3466000
0P
0R
04
b11101010 8
b11101010 Q
09
0/
03
07
b11101010 5
01
02
b100001111 F
b1 :
b1 ;
b1011100 C
b10101110 L
b10101110 H
b10010000 J
b11000010 O
b101 I
b10010101 K
#3470000
0.
#3475000
1.
#3476000
b11010010 8
b11010010 Q
b11010010 5
b100010000 F
b0 :
b0 ;
#3480000
0.
#3485000
1.
#3486000
b111 8
b111 Q
b111 5
b100010001 F
#3490000
0.
#3495000
1.
#3496000
1R
b1000001 8
b1000001 Q
19
17
b1000001 5
12
b100010010 F
#3500000
0.
#3505000
b110 S
b110 &
b110 U
b10110 [
1.
#3506000
0R
b111011 8
b111011 Q
09
07
b111011 5
02
b100010011 F
b1 ;
b11000011 O
b110 I
b10010110 K
#3510000
0.
#3515000
1.
#3516000
1P
14
b1111100 8
b1111100 Q
1/
b101101 0
13
b1111100 5
11
b100010100 F
b0 ;
#3520000
0.
#3525000
b1 T
b101 &
b101 U
b10001 Z
b101101 "
b101101 Y
1.
#3526000
0P
04
b101000 8
b101000 Q
0/
03
b101000 5
01
b100010101 F
b1 :
b10101111 L
b10101111 H
b101 I
b10010001 J
#3530000
0.
#3535000
1.
#3536000
1P
14
b1011110 8
b1011110 Q
1/
b11011 0
13
b1011110 5
11
b100010110 F
b0 :
#3540000
0.
#3545000
b10 T
b100 &
b100 U
b10010 Z
b11011 "
b11011 Y
1.
#3546000
1R
b110100 8
b110100 Q
19
b1101110 0
17
b110100 5
12
b100010111 F
b1 :
b10110000 L
b10110000 H
b100 I
b10010010 J
#3550000
0.
#3555000
b11 T
b111 S
b10011 Z
b1101110 "
b1101110 Y
b100 &
b100 U
b10111 [
1.
#3556000
b1000010 8
b1000010 Q
b101100 0
b1000010 5
b100011000 F
b10 :
b1 ;
b1011101 C
b10110001 L
b10110001 H
b10010011 J
b11000100 O
b100 I
b10010111 K
#3560000
0.
#3565000
b1000 S
b100 T
b11000 [
b100 &
b100 U
b10100 Z
b101100 "
b101100 Y
1.
#3566000
0P
0R
04
b11100001 8
b11100001 Q
09
0/
03
07
b11100001 5
01
02
b100011001 F
b11 :
b10 ;
b1011110 C
b10110010 L
b10110010 H
b10010100 J
b11000101 O
b100 I
b10011000 K
#3570000
0.
#3575000
1.
#3576000
b1011101 8
b1011101 Q
b1011101 5
b100011010 F
b0 :
b0 ;
#3580000
0.
#3585000
1.
#3586000
1P
1R
14
b11100001 8
b11100001 Q
19
1/
b10010100 0
13
17
b11100001 5
11
12
b100011011 F
#3590000
0.
#3595000
b101 T
b1001 S
b10101 Z
b10010100 "
b10010100 Y
b100 &
b100 U
b11001 [
1.
#3596000
0P
04
b11001111 8
b11001111 Q
0/
03
b11001111 5
01
b100011100 F
b1 :
b1 ;
b1011111 C
b10110011 L
b10110011 H
b10010101 J
b11000110 O
b100 I
b10011001 K
#3600000
0.
#3605000
b1010 S
b101 &
b101 U
b11010 [
1.
#3606000
1P
0R
14
b1011111 8
b1011111 Q
09
1/
b1000001 0
13
07
b1011111 5
11
02
b100011101 F
b0 :
b10 ;
b11000111 O
b101 I
b10011010 K
#3610000
0.
#3615000
b110 T
b100 &
b100 U
b10110 Z
b1000001 "
b1000001 Y
1.
#3616000
1R
b10101100 8
b10101100 Q
19
b110100 0
17
b10101100 5
12
b100011110 F
b1 :
b0 ;
b10110100 L
b10110100 H
b100 I
b10010110 J
#3620000
0.
#3625000
b1011 S
b111 T
b11011 [
b100 &
b100 U
b10111 Z
b110100 "
b110100 Y
1.
#3626000
0P
04
b101000 8
b101000 Q
0/
03
b101000 5
01
b100011111 F
b10 :
b1 ;
b1100000 C
b10110101 L
b10110101 H
b10010111 J
b11001000 O
b100 I
b10011011 K
#3630000
0.
#3635000
b1100 S
b101 &
b101 U
b11100 [
1.
#3636000
b10010010 8
b10010010 Q
b10010010 5
b100100000 F
b0 :
b10 ;
b11001001 O
b101 I
b10011100 K
#3640000
0.
#3645000
b1101 S
b110 &
b110 U
b11101 [
1.
#3646000
1P
0R
14
b11011100 8
b11011100 Q
09
1/
b1000010 0
13
07
b11011100 5
11
02
b100100001 F
b11 ;
b11001010 O
b110 I
b10011101 K
#3650000
0.
#3655000
b1000 T
b101 &
b101 U
b11000 Z
b1000010 "
b1000010 Y
1.
#3656000
b1111000 8
b1111000 Q
b11100001 0
b1111000 5
b100100010 F
b1 :
b0 ;
b10110110 L
b10110110 H
b101 I
b10011000 J
#3660000
0.
#3665000
b1001 T
b100 &
b100 U
b11001 Z
b11100001 "
b11100001 Y
1.
#3666000
b10000010 8
b10000010 Q
b11001111 0
b10000010 5
b100100011 F
b10 :
b10110111 L
b10110111 H
b100 I
b10011001 J
#3670000
0.
#3675000
b1010 T
b11 &
b11 U
b11010 Z
b11001111 "
b11001111 Y
1.
#3676000
0P
1R
04
b1010101 8
b1010101 Q
19
0/
03
17
b1010101 5
01
12
b100100100 F
b11 :
b10111000 L
b10111000 H
b11 I
b10011010 J
#3680000
0.
#3685000
b1110 S
b100 &
b100 U
b11110 [
1.
#3686000
b1100001 8
b1100001 Q
b1100001 5
b100100101 F
b0 :
b1 ;
b11001011 O
b100 I
b10011110 K
#3690000
0.
#3695000
b1111 S
b101 &
b101 U
b11111 [
1.
#3696000
0R
b1010000 8
b1010000 Q
09
07
b1010000 5
02
b100100110 F
b10 ;
b11001100 O
b101 I
b10011111 K
#3700000
0.
#3705000
1.
#3706000
1R
b11011101 8
b11011101 Q
19
17
b11011101 5
12
b100100111 F
b0 ;
#3710000
0.
#3715000
b0 S
b110 &
b110 U
b0 [
1.
#3716000
1P
0R
14
b1101111 8
b1101111 Q
09
1/
b10101100 0
13
07
b1101111 5
11
02
b100101000 F
b1 ;
b11001101 O
b110 I
b10100000 K
#3720000
0.
#3725000
b1011 T
b101 &
b101 U
b11011 Z
b10101100 "
b10101100 Y
1.
#3726000
0P
1R
04
b10001000 8
b10001000 Q
19
0/
03
17
b10001000 5
01
12
b100101001 F
b1 :
b0 ;
b10111001 L
b10111001 H
b101 I
b10011011 J
#3730000
0.
#3735000
b1 S
b110 &
b110 U
b1 [
1.
#3736000
0R
b11010101 8
b11010101 Q
09
07
b11010101 5
02
b100101010 F
b0 :
b1 ;
b11001110 O
b110 I
b10100001 K
#3740000
0.
#3745000
1.
#3746000
1P
14
b11000100 8
b11000100 Q
1/
b101000 0
13
b11000100 5
11
b100101011 F
b0 ;
#3750000
0.
#3755000
b1100 T
b101 &
b101 U
b11100 Z
b101000 "
b101000 Y
1.
#3756000
0P
1R
04
b10011010 8
b10011010 Q
19
0/
03
17
b10011010 5
01
12
b100101100 F
b1 :
b10111010 L
b10111010 H
b101 I
b10011100 J
#3760000
0.
#3765000
b10 S
b110 &
b110 U
b10 [
1.
#3766000
1P
0R
14
b10010111 8
b10010111 Q
09
1/
b10010010 0
13
07
b10010111 5
11
02
b100101101 F
b0 :
b1 ;
b11001111 O
b110 I
b10100010 K
#3770000
0.
#3775000
b1101 T
b101 &
b101 U
b11101 Z
b10010010 "
b10010010 Y
1.
#3776000
b1011110 8
b1011110 Q
b1010101 0
b1011110 5
b100101110 F
b1 :
b0 ;
b10111011 L
b10111011 H
b101 I
b10011101 J
#3780000
0.
#3785000
b1110 T
b100 &
b100 U
b11110 Z
b1010101 "
b1010101 Y
1.
#3786000
1R
b1100000 8
b1100000 Q
19
b1100001 0
17
b1100000 5
12
b100101111 F
b10 :
b10111100 L
b10111100 H
b100 I
b10011110 J
#3790000
0.
#3795000
b1111 T
b11 S
b11111 Z
b1100001 "
b1100001 Y
b100 &
b100 U
b11 [
1.
#3796000
b110100 8
b110100 Q
b11011101 0
b110100 5
b100110000 F
b11 :
b1 ;
b1100001 C
b10111101 L
b10111101 H
b10011111 J
b11010000 O
b100 I
b10100011 K
#3800000
0.
#3805000
b100 S
b0 T
b100 [
b100 &
b100 U
b0 Z
b11011101 "
b11011101 Y
1.
#3806000
b11111111 8
b11111111 Q
b10001000 0
b11111111 5
b100110001 F
b100100 >
b100 :
b10 ;
b1100010 C
b10111110 L
b10111110 H
b10100000 J
b11010001 O
b100 I
b10100100 K
#3810000
0.
#3815000
b1 T
b101 S
b1 Z
b10001000 "
b10001000 Y
b100 &
b100 U
b101 [
1.
#3816000
b100101 8
b100101 Q
b10011010 0
b100101 5
b100110010 F
b100101 >
b101 :
b11 ;
b1100011 C
b10111111 L
b10111111 H
b10100001 J
b11010010 O
b100 I
b10100101 K
#3820000
0.
#3825000
b110 S
b10 T
b110 [
b100 &
b100 U
b10 Z
b10011010 "
b10011010 Y
1.
#3826000
0P
04
b11010111 8
b11010111 Q
0/
03
b11010111 5
01
b100110011 F
b100110 >
b110010 ?
b110 :
b100 ;
b1100100 C
b11000000 L
b11000000 H
b10100010 J
b11010011 O
b100 I
b10100110 K
#3830000
0.
#3835000
b111 S
b101 &
b101 U
b111 [
1.
#3836000
1P
14
b1101101 8
b1101101 Q
1/
b1100000 0
13
b1101101 5
11
b100110100 F
b110011 ?
b0 :
b101 ;
b11010100 O
b101 I
b10100111 K
#3840000
0.
#3845000
b1000 S
b11 T
b1000 [
b101 &
b101 U
b11 Z
b1100000 "
b1100000 Y
1.
#3846000
0P
04
b10101 8
b10101 Q
0/
03
b10101 5
01
b100110101 F
b110100 ?
b1 :
b110 ;
b1100101 C
b11000001 L
b11000001 H
b10100011 J
b11010101 O
b101 I
b10101000 K
#3850000
0.
#3855000
b1001 S
b110 &
b110 U
b1001 [
1.
#3856000
0R
b1110100 8
b1110100 Q
09
07
b1110100 5
02
b100110110 F
b110101 ?
b0 :
b111 ;
b11010110 O
b110 I
b10101001 K
#3860000
0.
#3865000
1.
#3866000
1P
1R
14
b110111 8
b110111 Q
19
1/
b110100 0
13
17
b110111 5
11
12
b100110111 F
b0 ;
#3870000
0.
#3875000
b100 T
b1010 S
b100 Z
b110100 "
b110100 Y
b110 &
b110 U
b1010 [
1.
#3876000
0P
04
b10100010 8
b10100010 Q
0/
03
b10100010 5
01
b100111000 F
b1 :
b1 ;
b1100110 C
b11000010 L
b11000010 H
b10100100 J
b11010111 O
b110 I
b10101010 K
#3880000
0.
#3885000
b1011 S
b111 &
b111 U
b1011 [
1.
#3886000
1P
14
b10011011 8
b10011011 Q
1/
b11111111 0
13
b10011011 5
11
b100111001 F
b0 :
b10 ;
b11011000 O
b111 I
b10101011 K
#3890000
0.
#3895000
b101 T
b1100 S
b101 Z
b11111111 "
b11111111 Y
b111 &
b111 U
b1100 [
1.
#3896000
b11100111 8
b11100111 Q
b100101 0
b11100111 5
b100111010 F
b1 :
b11 ;
b1100111 C
b11000011 L
b11000011 H
b10100101 J
b11011001 O
b111 I
b10101100 K
#3900000
0.
#3905000
b1101 S
b110 T
b1101 [
b111 &
b111 U
b110 Z
b100101 "
b100101 Y
1.
#3906000
0P
04
b11100110 8
b11100110 Q
0/
03
b11100110 5
01
b100111011 F
b110110 ?
b10 :
b100 ;
b1101000 C
b11000100 L
b11000100 H
b10100110 J
b11011010 O
b111 I
b10101101 K
#3910000
0.
#3915000
b1110 S
b1000 &
b1000 U
b1110 [
1.
#3916000
1P
14
b11110110 8
b11110110 Q
1/
b11010111 0
13
b11110110 5
11
b100111100 F
b110111 ?
b0 :
b101 ;
b11011011 O
b1000 I
b10101110 K
#3920000
0.
#3925000
b1111 S
b111 T
b1111 [
b1000 &
b1000 U
b111 Z
b11010111 "
b11010111 Y
1.
#3926000
0R
b1110110 8
b1110110 Q
09
b1101101 0
07
b1110110 5
02
b100111101 F
b111000 ?
b1 :
b110 ;
b1101001 C
b11000101 L
b11000101 H
b10100111 J
b11011100 O
b1000 I
b10101111 K
#3930000
0.
#3935000
b1000 T
b111 &
b111 U
b1000 Z
b1101101 "
b1101101 Y
1.
#3936000
0P
04
b10101110 8
b10101110 Q
0/
03
b10101110 5
01
b100111110 F
b10 :
b0 ;
b11000110 L
b11000110 H
b111 I
b10101000 J
#3940000
0.
#3945000
1.
#3946000
1P
14
b1000111 8
b1000111 Q
1/
b10101 0
13
b1000111 5
11
b100111111 F
b0 :
#3950000
0.
#3955000
b1001 T
b110 &
b110 U
b1001 Z
b10101 "
b10101 Y
1.
#3956000
0P
04
b11010101 8
b11010101 Q
0/
03
b11010101 5
01
b101000000 F
b1 :
b11000111 L
b11000111 H
b110 I
b10101001 J
#3960000
0.
#3965000
1.
#3966000
b10001001 8
b10001001 Q
b10001001 5
b101000001 F
b0 :
#3970000
0.
#3975000
1.
#3976000
1R
b1110011 8
b1110011 Q
19
17
b1110011 5
12
b101000010 F
#3980000
0.
#3985000
b0 S
b111 &
b111 U
b10000 [
1.
#3986000
b101 8
b101 Q
b101 5
b101000011 F
b1 ;
b11011101 O
b111 I
b10110000 K
#3990000
0.
#3995000
b1 S
b1000 &
b1000 U
b10001 [
1.
#3996000
b100 8
b100 Q
b100 5
b101000100 F
b10 ;
b11011110 O
b1000 I
b10110001 K
#4000000
0.
#4005000
b10 S
b1001 &
b1001 U
b10010 [
1.
#4006000
1P
0R
14
b10110011 8
b10110011 Q
09
1/
b110111 0
13
07
b10110011 5
11
02
b101000101 F
b11 ;
b11011111 O
b1001 I
b10110010 K
#4010000
0.
#4015000
b1010 T
b1000 &
b1000 U
b1010 Z
b110111 "
b110111 Y
1.
#4016000
0P
1R
04
b1000111 8
b1000111 Q
19
0/
03
17
b1000111 5
01
12
b101000110 F
b1 :
b0 ;
b11001000 L
b11001000 H
b1000 I
b10101010 J
#4020000
0.
#4025000
b11 S
b1001 &
b1001 U
b10011 [
1.
#4026000
0R
b111110 8
b111110 Q
09
07
b111110 5
02
b101000111 F
b0 :
b1 ;
b11100000 O
b1001 I
b10110011 K
#4030000
0.
#4035000
1.
#4036000
1P
1R
14
b1100100 8
b1100100 Q
19
1/
b10100010 0
13
17
b1100100 5
11
12
b101001000 F
b0 ;
#4040000
0.
#4045000
b100 S
b1011 T
b10100 [
b1001 &
b1001 U
b1011 Z
b10100010 "
b10100010 Y
1.
#4046000
0P
0R
04
b1010110 8
b1010110 Q
09
0/
03
07
b1010110 5
01
02
b101001001 F
b1 :
b1 ;
b1101010 C
b11001001 L
b11001001 H
b10101011 J
b11100001 O
b1001 I
b10110100 K
#4050000
0.
#4055000
1.
#4056000
1P
14
b10111000 8
b10111000 Q
1/
b10011011 0
13
b10111000 5
11
b101001010 F
b0 :
b0 ;
#4060000
0.
#4065000
b1100 T
b1000 &
b1000 U
b1100 Z
b10011011 "
b10011011 Y
1.
#4066000
b10000010 8
b10000010 Q
b11100111 0
b10000010 5
b101001011 F
b1 :
b11001010 L
b11001010 H
b1000 I
b10101100 J
#4070000
0.
#4075000
b1101 T
b111 &
b111 U
b1101 Z
b11100111 "
b11100111 Y
1.
#4076000
1R
b10000011 8
b10000011 Q
19
b11100110 0
17
b10000011 5
12
b101001100 F
b10 :
b11001011 L
b11001011 H
b111 I
b10101101 J
#4080000
0.
#4085000
b101 S
b1110 T
b10101 [
b111 &
b111 U
b1110 Z
b11100110 "
b11100110 Y
1.
#4086000
b11100100 8
b11100100 Q
b11110110 0
b11100100 5
b101001101 F
b11 :
b1 ;
b1101011 C
b11001100 L
b11001100 H
b10101110 J
b11100010 O
b111 I
b10110101 K
#4090000
0.
#4095000
b1111 T
b110 S
b1111 Z
b11110110 "
b11110110 Y
b111 &
b111 U
b10110 [
1.
#4096000
0R
b11110100 8
b11110100 Q
09
b1110011 0
07
b11110100 5
02
b101001110 F
b100111 >
b100 :
b10 ;
b1101100 C
b11001101 L
b11001101 H
b10101111 J
b11100011 O
b111 I
b10110110 K
#4100000
0.
#4105000
b0 T
b110 &
b110 U
b10000 Z
b1110011 "
b1110011 Y
1.
#4106000
0P
1R
04
b1010110 8
b1010110 Q
19
0/
03
17
b1010110 5
01
12
b101001111 F
b101000 >
b101 :
b0 ;
b11001110 L
b11001110 H
b110 I
b10110000 J
#4110000
0.
#4115000
b111 S
b111 &
b111 U
b10111 [
1.
#4116000
b10110000 8
b10110000 Q
b10110000 5
b101010000 F
b0 :
b1 ;
b11100100 O
b111 I
b10110111 K
#4120000
0.
#4125000
b1000 S
b1000 &
b1000 U
b11000 [
1.
#4126000
b1101001 8
b1101001 Q
b1101001 5
b101010001 F
b10 ;
b11100101 O
b1000 I
b10111000 K
#4130000
0.
#4135000
b1001 S
b1001 &
b1001 U
b11001 [
1.
#4136000
0R
b10100111 8
b10100111 Q
09
07
b10100111 5
02
b101010010 F
b11 ;
b11100110 O
b1001 I
b10111001 K
#4140000
0.
#4145000
1.
#4146000
1P
14
b10101110 8
b10101110 Q
1/
b101 0
13
b10101110 5
11
b101010011 F
b0 ;
#4150000
0.
#4155000
b1 T
b1000 &
b1000 U
b10001 Z
b101 "
b101 Y
1.
#4156000
0P
1R
04
b100010 8
b100010 Q
19
0/
03
17
b100010 5
01
12
b101010100 F
b1 :
b11001111 L
b11001111 H
b1000 I
b10110001 J
#4160000
0.
#4165000
b1010 S
b1001 &
b1001 U
b11010 [
1.
#4166000
1P
14
b11110100 8
b11110100 Q
1/
b100 0
13
b11110100 5
11
b101010101 F
b0 :
b1 ;
b11100111 O
b1001 I
b10111010 K
#4170000
0.
#4175000
b10 T
b1011 S
b10010 Z
b100 "
b100 Y
b1001 &
b1001 U
b11011 [
1.
#4176000
0R
b11100011 8
b11100011 Q
09
b1000111 0
07
b11100011 5
02
b101010110 F
b1 :
b10 ;
b1101101 C
b11010000 L
b11010000 H
b10110010 J
b11101000 O
b1001 I
b10111011 K
#4180000
0.
#4185000
b11 T
b1000 &
b1000 U
b10011 Z
b1000111 "
b1000111 Y
1.
#4186000
1R
b10011011 8
b10011011 Q
19
b1100100 0
17
b10011011 5
12
b101010111 F
b10 :
b0 ;
b11010001 L
b11010001 H
b1000 I
b10110011 J
#4190000
0.
#4195000
b100 T
b1100 S
b10100 Z
b1100100 "
b1100100 Y
b1000 &
b1000 U
b11100 [
1.
#4196000
b1100110 8
b1100110 Q
b10000011 0
b1100110 5
b101011000 F
b11 :
b1 ;
b1101110 C
b11010010 L
b11010010 H
b10110100 J
b11101001 O
b1000 I
b10111100 K
#4200000
0.
#4205000
b1101 S
b101 T
b11101 [
b1000 &
b1000 U
b10101 Z
b10000011 "
b10000011 Y
1.
#4206000
0P
0R
04
b1101111 8
b1101111 Q
09
0/
03
07
b1101111 5
01
02
b101011001 F
b101001 >
b100 :
b10 ;
b1101111 C
b11010011 L
b11010011 H
b10110101 J
b11101010 O
b1000 I
b10111101 K
#4210000
0.
#4215000
1.
#4216000
b1001111 8
b1001111 Q
b1001111 5
b101011010 F
b0 :
b0 ;
#4220000
0.
#4225000
1.
#4226000
1P
14
b10100 8
b10100 Q
1/
b11100100 0
13
b10100 5
11
b101011011 F
#4230000
0.
#4235000
b110 T
b111 &
b111 U
b10110 Z
b11100100 "
b11100100 Y
1.
#4236000
b101110 8
b101110 Q
b1010110 0
b101110 5
b101011100 F
b1 :
b11010100 L
b11010100 H
b111 I
b10110110 J
#4240000
0.
#4245000
b111 T
b110 &
b110 U
b10111 Z
b1010110 "
b1010110 Y
1.
#4246000
0P
04
b111111 8
b111111 Q
0/
03
b111111 5
01
b101011101 F
b10 :
b11010101 L
b11010101 H
b110 I
b10110111 J
#4250000
0.
#4255000
1.
#4256000
1R
b1110000 8
b1110000 Q
19
17
b1110000 5
12
b101011110 F
b0 :
#4260000
0.
#4265000
b1110 S
b111 &
b111 U
b11110 [
1.
#4266000
b10011000 8
b10011000 Q
b10011000 5
b101011111 F
b1 ;
b11101011 O
b111 I
b10111110 K
#4270000
0.
#4275000
b1111 S
b1000 &
b1000 U
b11111 [
1.
#4276000
0R
b101110 8
b101110 Q
09
07
b101110 5
02
b101100000 F
b10 ;
b11101100 O
b1000 I
b10111111 K
#4280000
0.
#4285000
1.
#4286000
1R
b10110100 8
b10110100 Q
19
17
b10110100 5
12
b101100001 F
b0 ;
#4290000
0.
#4295000
b0 S
b1001 &
b1001 U
b0 [
1.
#4296000
1P
0R
14
b10101110 8
b10101110 Q
09
1/
b10110000 0
13
07
b10101110 5
11
02
b101100010 F
b1 ;
b11101101 O
b1001 I
b11000000 K
#4300000
0.
#4305000
b1000 T
b1000 &
b1000 U
b11000 Z
b10110000 "
b10110000 Y
1.
#4306000
0P
04
b11101 8
b11101 Q
0/
03
b11101 5
01
b101100011 F
b1 :
b0 ;
b11010110 L
b11010110 H
b1000 I
b10111000 J
#4310000
0.
#4315000
1.
#4316000
1P
14
b10011100 8
b10011100 Q
1/
b1101001 0
13
b10011100 5
11
b101100100 F
b0 :
#4320000
0.
#4325000
b1001 T
b111 &
b111 U
b11001 Z
b1101001 "
b1101001 Y
1.
#4326000
1R
b101011 8
b101011 Q
19
b100010 0
17
b101011 5
12
b101100101 F
b1 :
b11010111 L
b11010111 H
b111 I
b10111001 J
#4330000
0.
#4335000
b1010 T
b1 S
b11010 Z
b100010 "
b100010 Y
b111 &
b111 U
b1 [
1.
#4336000
b10001101 8
b10001101 Q
b11110100 0
b10001101 5
b101100110 F
b10 :
b1 ;
b1110000 C
b11011000 L
b11011000 H
b10111010 J
b11101110 O
b111 I
b11000001 K
#4340000
0.
#4345000
b10 S
b1011 T
b10 [
b111 &
b111 U
b11011 Z
b11110100 "
b11110100 Y
1.
#4346000
0P
04
b1110100 8
b1110100 Q
0/
03
b1110100 5
01
b101100111 F
b11 :
b10 ;
b1110001 C
b11011001 L
b11011001 H
b10111011 J
b11101111 O
b111 I
b11000010 K
#4350000
0.
#4355000
b11 S
b1000 &
b1000 U
b11 [
1.
#4356000
1P
14
b10001110 8
b10001110 Q
1/
b10011011 0
13
b10001110 5
11
b101101000 F
b0 :
b11 ;
b11110000 O
b1000 I
b11000011 K
#4360000
0.
#4365000
b100 S
b1100 T
b100 [
b1000 &
b1000 U
b11100 Z
b10011011 "
b10011011 Y
1.
#4366000
0R
b1101101 8
b1101101 Q
09
b1100110 0
07
b1101101 5
02
b101101001 F
b111001 ?
b1 :
b100 ;
b1110010 C
b11011010 L
b11011010 H
b10111100 J
b11110001 O
b1000 I
b11000100 K
#4370000
0.
#4375000
b1101 T
b111 &
b111 U
b11101 Z
b1100110 "
b1100110 Y
1.
#4376000
0P
04
b100110 8
b100110 Q
0/
03
b100110 5
01
b101101010 F
b10 :
b0 ;
b11011011 L
b11011011 H
b111 I
b10111101 J
#4380000
0.
#4385000
1.
#4386000
1P
1R
14
b101000 8
b101000 Q
19
1/
b1110000 0
13
17
b101000 5
11
12
b101101011 F
b0 :
#4390000
0.
#4395000
b1110 T
b101 S
b11110 Z
b1110000 "
b1110000 Y
b111 &
b111 U
b101 [
1.
#4396000
0P
04
b111111 8
b111111 Q
0/
03
b111111 5
01
b101101100 F
b1 :
b1 ;
b1110011 C
b11011100 L
b11011100 H
b10111110 J
b11110010 O
b111 I
b11000101 K
#4400000
0.
#4405000
b110 S
b1000 &
b1000 U
b110 [
1.
#4406000
b10100100 8
b10100100 Q
b10100100 5
b101101101 F
b0 :
b10 ;
b11110011 O
b1000 I
b11000110 K
#4410000
0.
#4415000
b111 S
b1001 &
b1001 U
b111 [
1.
#4416000
1P
14
b11010011 8
b11010011 Q
1/
b10011000 0
13
b11010011 5
11
b101101110 F
b11 ;
b11110100 O
b1001 I
b11000111 K
#4420000
0.
#4425000
b1000 S
b1111 T
b1000 [
b1001 &
b1001 U
b11111 Z
b10011000 "
b10011000 Y
1.
#4426000
0R
b10000000 8
b10000000 Q
09
b10110100 0
07
b10000000 5
02
b101101111 F
b111010 ?
b1 :
b100 ;
b1110100 C
b11011101 L
b11011101 H
b10111111 J
b11110101 O
b1001 I
b11001000 K
#4430000
0.
#4435000
b0 T
b1000 &
b1000 U
b0 Z
b10110100 "
b10110100 Y
1.
#4436000
0P
1R
04
b11111000 8
b11111000 Q
19
0/
03
17
b11111000 5
01
12
b101110000 F
b10 :
b0 ;
b11011110 L
b11011110 H
b1000 I
b11000000 J
#4440000
0.
#4445000
b1001 S
b1001 &
b1001 U
b1001 [
1.
#4446000
0R
b11110100 8
b11110100 Q
09
07
b11110100 5
02
b101110001 F
b0 :
b1 ;
b11110110 O
b1001 I
b11001001 K
#4450000
0.
#4455000
1.
#4456000
1P
14
b10101111 8
b10101111 Q
1/
b101011 0
13
b10101111 5
11
b101110010 F
b0 ;
#4460000
0.
#4465000
b1 T
b1000 &
b1000 U
b1 Z
b101011 "
b101011 Y
1.
#4466000
1R
b10010 8
b10010 Q
19
b10001101 0
17
b10010 5
12
b101110011 F
b1 :
b11011111 L
b11011111 H
b1000 I
b11000001 J
#4470000
0.
#4475000
b10 T
b1010 S
b10 Z
b10001101 "
b10001101 Y
b1000 &
b1000 U
b1010 [
1.
#4476000
b101111 8
b101111 Q
b1110100 0
b101111 5
b101110100 F
b10 :
b1 ;
b1110101 C
b11100000 L
b11100000 H
b11000010 J
b11110111 O
b1000 I
b11001010 K
#4480000
0.
#4485000
b1011 S
b11 T
b1011 [
b1000 &
b1000 U
b11 Z
b1110100 "
b1110100 Y
1.
#4486000
b10010011 8
b10010011 Q
b10001110 0
b10010011 5
b101110101 F
b11 :
b10 ;
b1110110 C
b11100001 L
b11100001 H
b11000011 J
b11111000 O
b1000 I
b11001011 K
#4490000
0.
#4495000
b100 T
b1100 S
b100 Z
b10001110 "
b10001110 Y
b1000 &
b1000 U
b1100 [
1.
#4496000
0R
b1001001 8
b1001001 Q
09
b101000 0
07
b1001001 5
02
b101110110 F
b101010 >
b100 :
b11 ;
b1110111 C
b11100010 L
b11100010 H
b11000100 J
b11111001 O
b1000 I
b11001100 K
#4500000
0.
#4505000
b101 T
b111 &
b111 U
b101 Z
b101000 "
b101000 Y
1.
#4506000
0P
04
b110111 8
b110111 Q
0/
03
b110111 5
01
b101110111 F
b101011 >
b101 :
b0 ;
b11100011 L
b11100011 H
b111 I
b11000101 J
#4510000
0.
#4515000
1.
#4516000
1R
b1011 8
b1011 Q
19
17
b1011 5
12
b101111000 F
b0 :
#4520000
0.
#4525000
b1101 S
b1000 &
b1000 U
b1101 [
1.
#4526000
0R
b11110001 8
b11110001 Q
09
07
b11110001 5
02
b101111001 F
b1 ;
b11111010 O
b1000 I
b11001101 K
#4530000
0.
#4535000
1.
#4536000
1P
1R
14
b10110100 8
b10110100 Q
19
1/
b111111 0
13
17
b10110100 5
11
12
b101111010 F
b0 ;
#4540000
0.
#4545000
b1110 S
b110 T
b1110 [
b1000 &
b1000 U
b110 Z
b111111 "
b111111 Y
1.
#4546000
0P
04
b101010 8
b101010 Q
0/
03
b101010 5
01
b101111011 F
b1 :
b1 ;
b1111000 C
b11100100 L
b11100100 H
b11000110 J
b11111011 O
b1000 I
b11001110 K
#4550000
0.
#4555000
b1111 S
b1001 &
b1001 U
b1111 [
1.
#4556000
0R
b1100110 8
b1100110 Q
09
07
b1100110 5
02
b101111100 F
b0 :
b10 ;
b11111100 O
b1001 I
b11001111 K
#4560000
0.
#4565000
1.
#4566000
1P
1R
14
b1000001 8
b1000001 Q
19
1/
b10100100 0
13
17
b1000001 5
11
12
b101111101 F
b0 ;
#4570000
0.
#4575000
b111 T
b0 S
b111 Z
b10100100 "
b10100100 Y
b1001 &
b1001 U
b10000 [
1.
#4576000
b11010110 8
b11010110 Q
b11010011 0
b11010110 5
b101111110 F
b1 :
b1 ;
b1111001 C
b11100101 L
b11100101 H
b11000111 J
b11111101 O
b1001 I
b11010000 K
#4580000
0.
#4585000
b1 S
b1000 T
b10001 [
b1001 &
b1001 U
b1000 Z
b11010011 "
b11010011 Y
1.
#4586000
b10101111 8
b10101111 Q
b11111000 0
b10101111 5
b101111111 F
b10 :
b10 ;
b1111010 C
b11100110 L
b11100110 H
b11001000 J
b11111110 O
b1001 I
b11010001 K
#4590000
0.
#4595000
b1001 T
b10 S
b1001 Z
b11111000 "
b11111000 Y
b1001 &
b1001 U
b10010 [
1.
#4596000
0P
04
b101 8
b101 Q
0/
03
b101 5
01
b110000000 F
b11 :
b11 ;
b1111011 C
b11100111 L
b11100111 H
b11001001 J
b11111111 O
b1001 I
b11010010 K
#4600000
0.
#4605000
b11 S
b1010 &
b1010 U
b10011 [
1.
#4606000
b1111000 8
b1111000 Q
b1111000 5
b110000001 F
b111011 ?
b0 :
b100 ;
b100000000 O
b1010 I
b11010011 K
#4610000
0.
#4615000
b100 S
b1011 &
b1011 U
b10100 [
1.
#4616000
b10011010 8
b10011010 Q
b10011010 5
b110000010 F
b111100 ?
b101 ;
b100000001 O
b1011 I
b11010100 K
#4620000
0.
#4625000
b101 S
b1100 &
b1100 U
b10101 [
1.
#4626000
0R
b10011000 8
b10011000 Q
09
07
b10011000 5
02
b110000011 F
b111101 ?
b110 ;
b100000010 O
b1100 I
b11010101 K
#4630000
0.
#4635000
1.
#4636000
b10000111 8
b10000111 Q
b10000111 5
b110000100 F
b0 ;
#4640000
0.
#4645000
1.
#4646000
b10100100 8
b10100100 Q
b10100100 5
b110000101 F
#4650000
0.
#4655000
1.
#4656000
1R
b1100110 8
b1100110 Q
19
17
b1100110 5
12
b110000110 F
#4660000
0.
#4665000
b110 S
b1101 &
b1101 U
b10110 [
1.
#4666000
b1110001 8
b1110001 Q
b1110001 5
b110000111 F
b1 ;
b100000011 O
b1101 I
b11010110 K
#4670000
0.
#4675000
b111 S
b1110 &
b1110 U
b10111 [
1.
#4676000
1P
0R
14
b1100001 8
b1100001 Q
09
1/
b10010 0
13
07
b1100001 5
11
02
b110001000 F
b10 ;
b100000100 O
b1110 I
b11010111 K
#4680000
0.
#4685000
b1010 T
b1101 &
b1101 U
b1010 Z
b10010 "
b10010 Y
1.
#4686000
1R
b1110 8
b1110 Q
19
b101111 0
17
b1110 5
12
b110001001 F
b1 :
b0 ;
b11101000 L
b11101000 H
b1101 I
b11001010 J
#4690000
0.
#4695000
b1011 T
b1000 S
b1011 Z
b101111 "
b101111 Y
b1101 &
b1101 U
b11000 [
1.
#4696000
0P
04
b10 8
b10 Q
0/
03
b10 5
01
b110001010 F
b10 :
b1 ;
b1111100 C
b11101001 L
b11101001 H
b11001011 J
b100000101 O
b1101 I
b11011000 K
#4700000
0.
#4705000
b1001 S
b1110 &
b1110 U
b11001 [
1.
#4706000
1P
14
b110101 8
b110101 Q
1/
b10010011 0
13
b110101 5
11
b110001011 F
b0 :
b10 ;
b100000110 O
b1110 I
b11011001 K
#4710000
0.
#4715000
b1100 T
b1010 S
b1100 Z
b10010011 "
b10010011 Y
0'
b1110 &
b1110 U
b11010 [
1.
#4716000
0R
b11010010 8
b11010010 Q
09
b1011 0
07
b11010010 5
02
b110001100 F
b1 :
b11 ;
b1111101 C
b11101010 L
b11101010 H
b11001100 J
b100000111 O
b1110 I
b11011010 K
#4720000
0.
#4725000
b1101 T
b1101 &
b1101 U
b1101 Z
b1011 "
b1011 Y
1.
#4726000
0P
1R
04
b10100111 8
b10100111 Q
19
0/
03
17
b10100111 5
01
12
b110001101 F
b10 :
b0 ;
b11101011 L
b11101011 H
b1101 I
b11001101 J
#4730000
0.
#4735000
b1011 S
b1110 &
b1110 U
b11011 [
1.
#4736000
1P
0R
14
b11000011 8
b11000011 Q
09
1/
b10110100 0
13
07
b11000011 5
11
02
b110001110 F
b0 :
b1 ;
b100001000 O
b1110 I
b11011011 K
#4740000
0.
#4745000
b1110 T
b1101 &
b1101 U
b1110 Z
b10110100 "
b10110100 Y
1.
#4746000
0P
04
b11001111 8
b11001111 Q
0/
03
b11001111 5
01
b110001111 F
b1 :
b0 ;
b11101100 L
b11101100 H
b1101 I
b11001110 J
#4750000
0.
#4755000
1.
#4756000
b10101010 8
b10101010 Q
b10101010 5
b110010000 F
b0 :
#4760000
0.
#4765000
1.
#4766000
1P
1R
14
b10101000 8
b10101000 Q
19
1/
b101010 0
13
17
b10101000 5
11
12
b110010001 F
#4770000
0.
#4775000
b1111 T
b1100 S
b1111 Z
b101010 "
b101010 Y
b1101 &
b1101 U
b11100 [
1.
#4776000
0R
b10110101 8
b10110101 Q
09
b1000001 0
07
b10110101 5
02
b110010010 F
b1 :
b1 ;
b1111110 C
b11101101 L
b11101101 H
b11001111 J
b100001001 O
b1101 I
b11011100 K
#4780000
0.
#4785000
b0 T
b1100 &
b1100 U
b10000 Z
b1000001 "
b1000001 Y
1.
#4786000
b11010000 8
b11010000 Q
b11010110 0
b11010000 5
b110010011 F
b10 :
b0 ;
b11101110 L
b11101110 H
b1100 I
b11010000 J
#4790000
0.
#4795000
b1 T
b1011 &
b1011 U
b10001 Z
b11010110 "
b11010110 Y
1.
#4796000
b1010100 8
b1010100 Q
b10101111 0
b1010100 5
b110010100 F
b11 :
b11101111 L
b11101111 H
b1011 I
b11010001 J
#4800000
0.
#4805000
b10 T
b1010 &
b1010 U
b10010 Z
b10101111 "
b10101111 Y
1.
#4806000
1R
b1011100 8
b1011100 Q
19
b101 0
17
b1011100 5
12
b110010101 F
b101100 >
b100 :
b11110000 L
b11110000 H
b1010 I
b11010010 J
#4810000
0.
#4815000
b11 T
b1101 S
b10011 Z
b101 "
b101 Y
b1010 &
b1010 U
b11101 [
1.
#4816000
b10010 8
b10010 Q
b1111000 0
b10010 5
b110010110 F
b101101 >
b101 :
b1 ;
b1111111 C
b11110001 L
b11110001 H
b11010011 J
b100001010 O
b1010 I
b11011101 K
#4820000
0.
#4825000
b1110 S
b100 T
b11110 [
b1010 &
b1010 U
b10100 Z
b1111000 "
b1111000 Y
1.
#4826000
b10011010 8
b10011010 Q
b10011010 0
b10011010 5
b110010111 F
b101110 >
b110 :
b10 ;
b10000000 C
b11110010 L
b11110010 H
b11010100 J
b100001011 O
b1010 I
b11011110 K
#4830000
0.
#4835000
b101 T
b1111 S
b10101 Z
b10011010 "
b10011010 Y
b1010 &
b1010 U
b11111 [
1.
#4836000
0P
0R
04
b1111010 8
b1111010 Q
09
0/
03
07
b1111010 5
01
02
b110011000 F
b101111 >
b111 :
b11 ;
b10000001 C
b11110011 L
b11110011 H
b11010101 J
b100001100 O
b1010 I
b11011111 K
#4840000
0.
#4845000
1.
#4846000
1R
b10010010 8
b10010010 Q
19
17
b10010010 5
12
b110011001 F
b0 :
b0 ;
#4850000
0.
#4855000
b0 S
b1011 &
b1011 U
b0 [
1.
#4856000
b111100 8
b111100 Q
b111100 5
b110011010 F
b1 ;
b100001101 O
b1011 I
b11100000 K
#4860000
0.
#4865000
b1 S
b1100 &
b1100 U
b1 [
1.
#4866000
b11100100 8
b11100100 Q
b11100100 5
b110011011 F
b10 ;
b100001110 O
b1100 I
b11100001 K
#4870000
0.
#4875000
b10 S
b1101 &
b1101 U
b10 [
1.
#4876000
0R
b111001 8
b111001 Q
09
07
b111001 5
02
b110011100 F
b11 ;
b100001111 O
b1101 I
b11100010 K
#4880000
0.
#4885000
1.
#4886000
b11010 8
b11010 Q
b11010 5
b110011101 F
b0 ;
#4890000
0.
#4895000
1.
#4896000
b1101 8
b1101 Q
b1101 5
b110011110 F
#4900000
0.
#4905000
1.
#4906000
1R
b1011010 8
b1011010 Q
19
17
b1011010 5
12
b110011111 F
#4910000
0.
#4915000
b11 S
b1110 &
b1110 U
b11 [
1.
#4916000
0R
b10101100 8
b10101100 Q
09
07
b10101100 5
02
b110100000 F
b1 ;
b100010000 O
b1110 I
b11100011 K
#4920000
0.
#4925000
1.
#4926000
1R
b1001110 8
b1001110 Q
19
17
b1001110 5
12
b110100001 F
b0 ;
#4930000
0.
#4935000
b100 S
1'
b1111 &
b1111 U
b100 [
1.
#4936000
b110010 8
b110010 Q
b110010 5
b110100010 F
b1 ;
b1010 =
b100010001 O
b1111 I
b11100100 K
#4940000
0.
#4945000
0R
1$
b101 S
0'
b10000 &
b10000 U
b101 [
1.
#4946000
b11000010 8
b11000010 Q
07
b11000010 5
b110100011 F
b10 ;
b1000 A
b100010010 O
b10000 I
b11100101 K
#4950000
0.
#4955000
1#
1.
#4956000
1P
14
b1011001 8
b1011001 Q
09
1/
b1100110 0
13
b1011001 5
11
02
b110100100 F
b0 ;
b1001 A
b111 E
b111 G
#4960000
0.
#4965000
0$
b110 T
1'
b1111 &
b1111 U
b10110 Z
b1100110 "
b1100110 Y
0#
1.
#4966000
0P
04
b10010101 8
b10010101 Q
0/
03
b10010101 5
01
b110100101 F
b1 :
b1011 =
b11110100 L
b11110100 H
b1111 I
b11010110 J
#4970000
0.
#4975000
1.
#4976000
b11100110 8
b11100110 Q
b11100110 5
b110100110 F
b0 :
b1100 =
#4980000
0.
#4985000
1.
#4986000
1P
14
b11100101 8
b11100101 Q
1/
b1110001 0
13
b11100101 5
11
b110100111 F
b1101 =
#4990000
0.
#4995000
b111 T
0'
b1110 &
b1110 U
b10111 Z
b1110001 "
b1110001 Y
1.
#4996000
b10111011 8
b10111011 Q
b1110 0
b10111011 5
b110101000 F
b1 :
b11110101 L
b11110101 H
b1110 I
b11010111 J
#5000000
0.
#5005000
b1000 T
b1101 &
b1101 U
b11000 Z
b1110 "
b1110 Y
1.
#5006000
0P
04
b1011010 8
b1011010 Q
0/
03
b1011010 5
01
b110101001 F
b10 :
b11110110 L
b11110110 H
b1101 I
b11011000 J
#5010000
0.
#5015000
1.
#5016000
1P
14
b111100 8
b111100 Q
1/
b10 0
13
b111100 5
11
b110101010 F
b0 :
#5020000
0.
#5025000
b1001 T
b1100 &
b1100 U
b11001 Z
b10 "
b10 Y
1.
#5026000
1R
b100010 8
b100010 Q
19
b110101 0
17
b100010 5
12
b110101011 F
b1 :
b11110111 L
b11110111 H
b1100 I
b11011001 J
#5030000
0.
#5035000
b1010 T
b110 S
b11010 Z
b110101 "
b110101 Y
b1100 &
b1100 U
b110 [
1.
#5036000
b11101110 8
b11101110 Q
b10100111 0
b11101110 5
b110101100 F
b10 :
b1 ;
b10000010 C
b11111000 L
b11111000 H
b11011010 J
b100010011 O
b1100 I
b11100110 K
#5040000
0.
#5045000
b111 S
b1011 T
b111 [
b1100 &
b1100 U
b11011 Z
b10100111 "
b10100111 Y
1.
#5046000
0R
b11011101 8
b11011101 Q
09
b10101000 0
07
b11011101 5
02
b110101101 F
b11 :
b10 ;
b10000011 C
b11111001 L
b11111001 H
b11011011 J
b100010100 O
b1100 I
b11100111 K
#5050000
0.
#5055000
b1100 T
b1011 &
b1011 U
b11100 Z
b10101000 "
b10101000 Y
1.
#5056000
b11011001 8
b11011001 Q
b1011100 0
b11011001 5
b110101110 F
b110000 >
b100 :
b0 ;
b11111010 L
b11111010 H
b1011 I
b11011100 J
#5060000
0.
#5065000
b1101 T
b1010 &
b1010 U
b11101 Z
b1011100 "
b1011100 Y
1.
#5066000
0P
1R
04
b1110000 8
b1110000 Q
19
0/
03
17
b1110000 5
01
12
b110101111 F
b110001 >
b101 :
b11111011 L
b11111011 H
b1010 I
b11011101 J
#5070000
0.
#5075000
b1000 S
b1011 &
b1011 U
b1000 [
1.
#5076000
1P
0R
14
b1010000 8
b1010000 Q
09
1/
b10010 0
13
07
b1010000 5
11
02
b110110000 F
b0 :
b1 ;
b100010101 O
b1011 I
b11101000 K
#5080000
0.
#5085000
b1110 T
b1010 &
b1010 U
b11110 Z
b10010 "
b10010 Y
1.
#5086000
0P
1R
04
b11101100 8
b11101100 Q
19
0/
03
17
b11101100 5
01
12
b110110001 F
b1 :
b0 ;
b11111100 L
b11111100 H
b1010 I
b11011110 J
#5090000
0.
#5095000
b1001 S
b1011 &
b1011 U
b1001 [
1.
#5096000
b10111010 8
b10111010 Q
b10111010 5
b110110010 F
b0 :
b1 ;
b100010110 O
b1011 I
b11101001 K
#5100000
0.
#5105000
b1010 S
b1100 &
b1100 U
b1010 [
1.
#5106000
1P
0R
14
b101111 8
b101111 Q
09
1/
b10011010 0
13
07
b101111 5
11
02
b110110011 F
b10 ;
b100010111 O
b1100 I
b11101010 K
#5110000
0.
#5115000
b1111 T
b1011 &
b1011 U
b11111 Z
b10011010 "
b10011010 Y
1.
#5116000
1R
b1111101 8
b1111101 Q
19
b10010010 0
17
b1111101 5
12
b110110100 F
b1 :
b0 ;
b11111101 L
b11111101 H
b1011 I
b11011111 J
#5120000
0.
#5125000
b1011 S
b0 T
b1011 [
b1011 &
b1011 U
b0 Z
b10010010 "
b10010010 Y
1.
#5126000
b1010011 8
b1010011 Q
b111100 0
b1010011 5
b110110101 F
b10 :
b1 ;
b10000100 C
b11111110 L
b11111110 H
b11100000 J
b100011000 O
b1011 I
b11101011 K
#5130000
0.
#5135000
b1 T
b1100 S
b1 Z
b111100 "
b111100 Y
b1011 &
b1011 U
b1100 [
1.
#5136000
0R
b1110110 8
b1110110 Q
09
b11100100 0
07
b1110110 5
02
b110110110 F
b11 :
b10 ;
b10000101 C
b11111111 L
b11111111 H
b11100001 J
b100011001 O
b1011 I
b11101100 K
#5140000
0.
#5145000
b10 T
b1010 &
b1010 U
b10 Z
b11100100 "
b11100100 Y
1.
#5146000
b10000 8
b10000 Q
b1011010 0
b10000 5
b110110111 F
b110010 >
b100 :
b0 ;
b100000000 L
b100000000 H
b1010 I
b11100010 J
#5150000
0.
#5155000
b11 T
b1001 &
b1001 U
b11 Z
b1011010 "
b1011010 Y
1.
#5156000
0P
04
b1010 8
b1010 Q
0/
03
b1010 5
01
b110111000 F
b110011 >
b101 :
b100000001 L
b100000001 H
b1001 I
b11100011 J
#5160000
0.
#5165000
1.
#5166000
1P
1R
14
b10011111 8
b10011111 Q
19
1/
b1001110 0
13
17
b10011111 5
11
12
b110111001 F
b0 :
#5170000
0.
#5175000
b100 T
b1101 S
b100 Z
b1001110 "
b1001110 Y
b1001 &
b1001 U
b1101 [
1.
#5176000
0P
04
b11110 8
b11110 Q
0/
03
b11110 5
01
b110111010 F
b1 :
b1 ;
b10000110 C
b100000010 L
b100000010 H
b11100100 J
b100011010 O
b1001 I
b11101101 K
#5180000
0.
#5185000
b1110 S
b1010 &
b1010 U
b1110 [
1.
#5186000
b11111010 8
b11111010 Q
b11111010 5
b110111011 F
b0 :
b10 ;
b100011011 O
b1010 I
b11101110 K
#5190000
0.
#5195000
b1111 S
b1011 &
b1011 U
b1111 [
1.
#5196000
1P
0R
14
b11101110 8
b11101110 Q
09
1/
b110010 0
13
07
b11101110 5
11
02
b110111100 F
b11 ;
b100011100 O
b1011 I
b11101111 K
#5200000
0.
#5205000
b101 T
b1010 &
b1010 U
b101 Z
b110010 "
b110010 Y
1.
#5206000
b10000111 8
b10000111 Q
b100010 0
b10000111 5
b110111101 F
b1 :
b0 ;
b100000011 L
b100000011 H
b1010 I
b11100101 J
#5210000
0.
#5215000
b110 T
b1001 &
b1001 U
b110 Z
b100010 "
b100010 Y
1.
#5216000
0P
04
b10010001 8
b10010001 Q
0/
03
b10010001 5
01
b110111110 F
b10 :
b100000100 L
b100000100 H
b1001 I
b11100110 J
#5220000
0.
#5225000
1.
#5226000
1P
1R
14
b10100101 8
b10100101 Q
19
1/
b11101110 0
13
17
b10100101 5
11
12
b110111111 F
b0 :
#5230000
0.
#5235000
b111 T
b0 S
b111 Z
b11101110 "
b11101110 Y
b1001 &
b1001 U
b10000 [
1.
#5236000
0P
0R
04
b1100110 8
b1100110 Q
09
0/
03
07
b1100110 5
01
02
b111000000 F
b1 :
b1 ;
b10000111 C
b100000101 L
b100000101 H
b11100111 J
b100011101 O
b1001 I
b11110000 K
#5240000
0.
#5245000
1.
#5246000
1P
14
b1001 8
b1001 Q
1/
b1110000 0
13
b1001 5
11
b111000001 F
b0 :
b0 ;
#5250000
0.
#5255000
b1000 T
b1000 &
b1000 U
b1000 Z
b1110000 "
b1110000 Y
1.
#5256000
1R
b11111111 8
b11111111 Q
19
b11101100 0
17
b11111111 5
12
b111000010 F
b1 :
b100000110 L
b100000110 H
b1000 I
b11101000 J
#5260000
0.
#5265000
b1 S
b1001 T
b10001 [
b1000 &
b1000 U
b1001 Z
b11101100 "
b11101100 Y
1.
#5266000
0P
0R
04
b1100000 8
b1100000 Q
09
0/
03
07
b1100000 5
01
02
b111000011 F
b10 :
b1 ;
b10001000 C
b100000111 L
b100000111 H
b11101001 J
b100011110 O
b1000 I
b11110001 K
#5270000
0.
#5275000
1.
#5276000
1P
1R
14
b11010110 8
b11010110 Q
19
1/
b10111010 0
13
17
b11010110 5
11
12
b111000100 F
b0 :
b0 ;
#5280000
0.
#5285000
b10 S
b1010 T
b10010 [
b1000 &
b1000 U
b1010 Z
b10111010 "
b10111010 Y
1.
#5286000
0P
0R
04
b10010 8
b10010 Q
09
0/
03
07
b10010 5
01
02
b111000101 F
b1 :
b1 ;
b10001001 C
b100001000 L
b100001000 H
b11101010 J
b100011111 O
b1000 I
b11110010 K
#5290000
0.
#5295000
1.
#5296000
1R
b11101000 8
b11101000 Q
19
17
b11101000 5
12
b111000110 F
b0 :
b0 ;
#5300000
0.
#5305000
b11 S
b1001 &
b1001 U
b10011 [
1.
#5306000
1P
0R
14
b111000 8
b111000 Q
09
1/
b1111101 0
13
07
b111000 5
11
02
b111000111 F
b1 ;
b100100000 O
b1001 I
b11110011 K
#5310000
0.
#5315000
b1011 T
b1000 &
b1000 U
b1011 Z
b1111101 "
b1111101 Y
1.
#5316000
0P
04
b11100111 8
b11100111 Q
0/
03
b11100111 5
01
b111001000 F
b1 :
b0 ;
b100001001 L
b100001001 H
b1000 I
b11101011 J
#5320000
0.
#5325000
1.
#5326000
1R
b1001010 8
b1001010 Q
19
17
b1001010 5
12
b111001001 F
b0 :
#5330000
0.
#5335000
b100 S
b1001 &
b1001 U
b10100 [
1.
#5336000
b11001111 8
b11001111 Q
b11001111 5
b111001010 F
b1 ;
b100100001 O
b1001 I
b11110100 K
#5340000
0.
#5345000
b101 S
b1010 &
b1010 U
b10101 [
1.
#5346000
1P
0R
14
b1100101 8
b1100101 Q
09
1/
b1010011 0
13
07
b1100101 5
11
02
b111001011 F
b10 ;
b100100010 O
b1010 I
b11110101 K
#5350000
0.
#5355000
b1100 T
b1001 &
b1001 U
b1100 Z
b1010011 "
b1010011 Y
1.
#5356000
0P
1R
04
b11110000 8
b11110000 Q
19
0/
03
17
b11110000 5
01
12
b111001100 F
b1 :
b0 ;
b100001010 L
b100001010 H
b1001 I
b11101100 J
#5360000
0.
#5365000
b110 S
b1010 &
b1010 U
b10110 [
1.
#5366000
1P
0R
14
b1010000 8
b1010000 Q
09
1/
b10011111 0
13
07
b1010000 5
11
02
b111001101 F
b0 :
b1 ;
b100100011 O
b1010 I
b11110110 K
#5370000
0.
#5375000
b1101 T
b1001 &
b1001 U
b1101 Z
b10011111 "
b10011111 Y
1.
#5376000
0P
04
b1110101 8
b1110101 Q
0/
03
b1110101 5
01
b111001110 F
b1 :
b0 ;
b100001011 L
b100001011 H
b1001 I
b11101101 J
#5380000
0.
#5385000
1.
#5386000
1P
14
b11001110 8
b11001110 Q
1/
b11110 0
13
b11001110 5
11
b111001111 F
b0 :
#5390000
0.
#5395000
b1110 T
b1000 &
b1000 U
b1110 Z
b11110 "
b11110 Y
1.
#5396000
1R
b1100001 8
b1100001 Q
19
b11111010 0
17
b1100001 5
12
b111010000 F
b1 :
b100001100 L
b100001100 H
b1000 I
b11101110 J
#5400000
0.
#5405000
b111 S
b1111 T
b10111 [
b1000 &
b1000 U
b1111 Z
b11111010 "
b11111010 Y
1.
#5406000
b10000010 8
b10000010 Q
b10100101 0
b10000010 5
b111010001 F
b10 :
b1 ;
b10001010 C
b100001101 L
b100001101 H
b11101111 J
b100100100 O
b1000 I
b11110111 K
#5410000
0.
#5415000
b0 T
b1000 S
b10000 Z
b10100101 "
b10100101 Y
b1000 &
b1000 U
b11000 [
1.
#5416000
0P
04
b1001100 8
b1001100 Q
0/
03
b1001100 5
01
b111010010 F
b11 :
b10 ;
b10001011 C
b100001110 L
b100001110 H
b11110000 J
b100100101 O
b1000 I
b11111000 K
#5420000
0.
#5425000
b1001 S
b1001 &
b1001 U
b11001 [
1.
#5426000
1P
0R
14
b11110101 8
b11110101 Q
09
1/
b11111111 0
13
07
b11110101 5
11
02
b111010011 F
b0 :
b11 ;
b100100110 O
b1001 I
b11111001 K
#5430000
0.
#5435000
b1 T
b1000 &
b1000 U
b10001 Z
b11111111 "
b11111111 Y
1.
#5436000
0P
1R
04
b11000001 8
b11000001 Q
19
0/
03
17
b11000001 5
01
12
b111010100 F
b1 :
b0 ;
b100001111 L
b100001111 H
b1000 I
b11110001 J
#5440000
0.
#5445000
b1010 S
b1001 &
b1001 U
b11010 [
1.
#5446000
b11010 8
b11010 Q
b11010 5
b111010101 F
b0 :
b1 ;
b100100111 O
b1001 I
b11111010 K
#5450000
0.
#5455000
b1011 S
b1010 &
b1010 U
b11011 [
1.
#5456000
1P
14
b1111001 8
b1111001 Q
1/
b11010110 0
13
b1111001 5
11
b111010110 F
b10 ;
b100101000 O
b1010 I
b11111011 K
#5460000
0.
#5465000
b1100 S
b10 T
b11100 [
b1010 &
b1010 U
b10010 Z
b11010110 "
b11010110 Y
1.
#5466000
0R
b10100010 8
b10100010 Q
09
b11101000 0
07
b10100010 5
02
b111010111 F
b1 :
b11 ;
b10001100 C
b100010000 L
b100010000 H
b11110010 J
b100101001 O
b1010 I
b11111100 K
#5470000
0.
#5475000
b11 T
b1001 &
b1001 U
b10011 Z
b11101000 "
b11101000 Y
1.
#5476000
b1111010 8
b1111010 Q
b1001010 0
b1111010 5
b111011000 F
b10 :
b0 ;
b100010001 L
b100010001 H
b1001 I
b11110011 J
#5480000
0.
#5485000
b100 T
b1000 &
b1000 U
b10100 Z
b1001010 "
b1001010 Y
1.
#5486000
1R
b1000000 8
b1000000 Q
19
b11001111 0
17
b1000000 5
12
b111011001 F
b11 :
b100010010 L
b100010010 H
b1000 I
b11110100 J
#5490000
0.
#5495000
b101 T
b1101 S
b10101 Z
b11001111 "
b11001111 Y
b1000 &
b1000 U
b11101 [
1.
#5496000
0P
04
b10011011 8
b10011011 Q
0/
03
b10011011 5
01
b111011010 F
b110100 >
b100 :
b1 ;
b10001101 C
b100010011 L
b100010011 H
b11110101 J
b100101010 O
b1000 I
b11111101 K
#5500000
0.
#5505000
b1110 S
b1001 &
b1001 U
b11110 [
1.
#5506000
1P
0R
14
b11110 8
b11110 Q
09
1/
b11110000 0
13
07
b11110 5
11
02
b111011011 F
b0 :
b10 ;
b100101011 O
b1001 I
b11111110 K
#5510000
0.
#5515000
b110 T
b1000 &
b1000 U
b10110 Z
b11110000 "
b11110000 Y
1.
#5516000
b1110111 8
b1110111 Q
b1100001 0
b1110111 5
b111011100 F
b1 :
b0 ;
b100010100 L
b100010100 H
b1000 I
b11110110 J
#5520000
0.
#5525000
b111 T
b111 &
b111 U
b10111 Z
b1100001 "
b1100001 Y
1.
#5526000
b1100010 8
b1100010 Q
b10000010 0
b1100010 5
b111011101 F
b10 :
b100010101 L
b100010101 H
b111 I
b11110111 J
#5530000
0.
#5535000
b1000 T
b110 &
b110 U
b11000 Z
b10000010 "
b10000010 Y
1.
#5536000
0P
1R
04
b101000 8
b101000 Q
19
0/
03
17
b101000 5
01
12
b111011110 F
b11 :
b100010110 L
b100010110 H
b110 I
b11111000 J
#5540000
0.
#5545000
b1111 S
b111 &
b111 U
b11111 [
1.
#5546000
0R
b11010110 8
b11010110 Q
09
07
b11010110 5
02
b111011111 F
b0 :
b1 ;
b100101100 O
b111 I
b11111111 K
#5550000
0.
#5555000
1.
#5556000
1P
1R
14
b1011111 8
b1011111 Q
19
1/
b1001100 0
13
17
b1011111 5
11
12
b111100000 F
b0 ;
#5560000
0.
#5565000
b0 S
b1001 T
b0 [
b111 &
b111 U
b11001 Z
b1001100 "
b1001100 Y
1.
#5566000
0P
04
b11011010 8
b11011010 Q
0/
03
b11011010 5
01
b111100001 F
b1 :
b1 ;
b10001110 C
b100010111 L
b100010111 H
b11111001 J
b100101101 O
b111 I
b100000000 K
#5570000
0.
#5575000
b1 S
b1000 &
b1000 U
b1 [
1.
#5576000
1P
14
b10100 8
b10100 Q
1/
b11000001 0
13
b10100 5
11
b111100010 F
b0 :
b10 ;
b100101110 O
b1000 I
b100000001 K
#5580000
0.
#5585000
b10 S
b1010 T
b10 [
b1000 &
b1000 U
b11010 Z
b11000001 "
b11000001 Y
1.
#5586000
0R
b10110110 8
b10110110 Q
09
b11010 0
07
b10110110 5
02
b111100011 F
b1 :
b11 ;
b10001111 C
b100011000 L
b100011000 H
b11111010 J
b100101111 O
b1000 I
b100000010 K
#5590000
0.
#5595000
b1011 T
b111 &
b111 U
b11011 Z
b11010 "
b11010 Y
1.
#5596000
0P
04
b11101011 8
b11101011 Q
0/
03
b11101011 5
01
b111100100 F
b10 :
b0 ;
b100011001 L
b100011001 H
b111 I
b11111011 J
#5600000
0.
#5605000
1.
#5606000
b11001011 8
b11001011 Q
b11001011 5
b111100101 F
b0 :
#5610000
0.
#5615000
1.
#5616000
1R
b10110 8
b10110 Q
19
17
b10110 5
12
b111100110 F
#5620000
0.
#5625000
b11 S
b1000 &
b1000 U
b11 [
1.
#5626000
0R
b10010001 8
b10010001 Q
09
07
b10010001 5
02
b111100111 F
b1 ;
b100110000 O
b1000 I
b100000011 K
#5630000
0.
#5635000
1.
#5636000
1R
b10011110 8
b10011110 Q
19
17
b10011110 5
12
b111101000 F
b0 ;
#5640000
0.
#5645000
b100 S
b1001 &
b1001 U
b100 [
1.
#5646000
0R
b10110110 8
b10110110 Q
09
07
b10110110 5
02
b111101001 F
b1 ;
b100110001 O
b1001 I
b100000100 K
#5650000
0.
#5655000
1.
#5656000
b11000001 8
b11000001 Q
b11000001 5
b111101010 F
b0 ;
#5660000
0.
#5665000
1.
#5666000
b1101111 8
b1101111 Q
b1101111 5
b111101011 F
#5670000
0.
#5675000
1.
#5676000
1P
1R
14
b11100000 8
b11100000 Q
19
1/
b1111001 0
13
17
b11100000 5
11
12
b111101100 F
#5680000
0.
#5685000
b101 S
b1100 T
b101 [
b1001 &
b1001 U
b11100 Z
b1111001 "
b1111001 Y
1.
#5686000
0P
04
b100111 8
b100111 Q
0/
03
b100111 5
01
b111101101 F
b1 :
b1 ;
b10010000 C
b100011010 L
b100011010 H
b11111100 J
b100110010 O
b1001 I
b100000101 K
#5690000
0.
#5695000
b110 S
b1010 &
b1010 U
b110 [
1.
#5696000
b1000100 8
b1000100 Q
b1000100 5
b111101110 F
b0 :
b10 ;
b100110011 O
b1010 I
b100000110 K
#5700000
0.
#5705000
b111 S
b1011 &
b1011 U
b111 [
1.
#5706000
1P
0R
14
b10001100 8
b10001100 Q
09
1/
b1000000 0
13
07
b10001100 5
11
02
b111101111 F
b11 ;
b100110100 O
b1011 I
b100000111 K
#5710000
0.
#5715000
b1101 T
b1010 &
b1010 U
b11101 Z
b1000000 "
b1000000 Y
1.
#5716000
0P
04
b111110 8
b111110 Q
0/
03
b111110 5
01
b111110000 F
b1 :
b0 ;
b100011011 L
b100011011 H
b1010 I
b11111101 J
#5720000
0.
#5725000
1.
#5726000
1P
14
b10001000 8
b10001000 Q
1/
b10011011 0
13
b10001000 5
11
b111110001 F
b0 :
#5730000
0.
#5735000
b1110 T
b1001 &
b1001 U
b11110 Z
b10011011 "
b10011011 Y
1.
#5736000
1R
b10000101 8
b10000101 Q
19
b101000 0
17
b10000101 5
12
b111110010 F
b1 :
b100011100 L
b100011100 H
b1001 I
b11111110 J
#5740000
0.
#5745000
b1000 S
b1111 T
b1000 [
b1001 &
b1001 U
b11111 Z
b101000 "
b101000 Y
1.
#5746000
b1100010 8
b1100010 Q
b1011111 0
b1100010 5
b111110011 F
b10 :
b1 ;
b10010001 C
b100011101 L
b100011101 H
b11111111 J
b100110101 O
b1001 I
b100001000 K
#5750000
0.
#5755000
b0 T
b1001 S
b0 Z
b1011111 "
b1011111 Y
b1001 &
b1001 U
b1001 [
1.
#5756000
b1100101 8
b1100101 Q
b11011010 0
b1100101 5
b111110100 F
b11 :
b10 ;
b10010010 C
b100011110 L
b100011110 H
b100000000 J
b100110110 O
b1001 I
b100001001 K
#5760000
0.
#5765000
b1010 S
b1 T
b1010 [
b1001 &
b1001 U
b1 Z
b11011010 "
b11011010 Y
1.
#5766000
0P
0R
04
b11101110 8
b11101110 Q
09
0/
03
07
b11101110 5
01
02
b111110101 F
b110101 >
b100 :
b11 ;
b10010011 C
b100011111 L
b100011111 H
b100000001 J
b100110111 O
b1001 I
b100001010 K
#5770000
0.
#5775000
1.
#5776000
1P
14
b11101001 8
b11101001 Q
1/
b10100 0
13
b11101001 5
11
b111110110 F
b0 :
b0 ;
#5780000
0.
#5785000
b10 T
b1000 &
b1000 U
b10 Z
b10100 "
b10100 Y
1.
#5786000
b10011 8
b10011 Q
b10110 0
b10011 5
b111110111 F
b1 :
b100100000 L
b100100000 H
b1000 I
b100000010 J
#5790000
0.
#5795000
b11 T
b111 &
b111 U
b11 Z
b10110 "
b10110 Y
1.
#5796000
1R
b11111001 8
b11111001 Q
19
b10011110 0
17
b11111001 5
12
b111111000 F
b10 :
b100100001 L
b100100001 H
b111 I
b100000011 J
#5800000
0.
#5805000
b1011 S
b100 T
b1011 [
b111 &
b111 U
b100 Z
b10011110 "
b10011110 Y
1.
#5806000
b1111011 8
b1111011 Q
b11100000 0
b1111011 5
b111111001 F
b11 :
b1 ;
b10010100 C
b100100010 L
b100100010 H
b100000100 J
b100111000 O
b111 I
b100001011 K
#5810000
0.
#5815000
b101 T
b1100 S
b101 Z
b11100000 "
b11100000 Y
b111 &
b111 U
b1100 [
1.
#5816000
b11111111 8
b11111111 Q
b100111 0
b11111111 5
b111111010 F
b110110 >
b100 :
b10 ;
b10010101 C
b100100011 L
b100100011 H
b100000101 J
b100111001 O
b111 I
b100001100 K
#5820000
0.
#5825000
b1101 S
b110 T
b1101 [
b111 &
b111 U
b110 Z
b100111 "
b100111 Y
1.
#5826000
b10 8
b10 Q
b1000100 0
b10 5
b111111011 F
b110111 >
b101 :
b11 ;
b10010110 C
b100100100 L
b100100100 H
b100000110 J
b100111010 O
b111 I
b100001101 K
#5830000
0.
#5835000
b111 T
b1110 S
b111 Z
b1000100 "
b1000100 Y
b111 &
b111 U
b1110 [
1.
#5836000
b1110011 8
b1110011 Q
b10000101 0
b1110011 5
b111111100 F
b111000 >
b111110 ?
b110 :
b100 ;
b10010111 C
b100100101 L
b100100101 H
b100000111 J
b100111011 O
b111 I
b100001110 K
#5840000
0.
#5845000
b1111 S
b1000 T
b1111 [
b111 &
b111 U
b1000 Z
b10000101 "
b10000101 Y
1.
#5846000
b10011101 8
b10011101 Q
b1100010 0
b10011101 5
b111111101 F
b111001 >
b111111 ?
b111 :
b101 ;
b10011000 C
b100100110 L
b100100110 H
b100001000 J
b100111100 O
b111 I
b100001111 K
#5850000
0.
#5855000
b1001 T
b0 S
b1001 Z
b1100010 "
b1100010 Y
b111 &
b111 U
b10000 [
1.
#5856000
0R
b11100101 8
b11100101 Q
09
b1100101 0
07
b11100101 5
02
b111111110 F
b111010 >
b1000000 ?
b1000 :
b110 ;
b10011001 C
b100100111 L
b100100111 H
b100001001 J
b100111101 O
b111 I
b100010000 K
#5860000
0.
#5865000
b1010 T
b110 &
b110 U
b1010 Z
b1100101 "
b1100101 Y
1.
#5866000
1R
b1110001 8
b1110001 Q
19
b11111001 0
17
b1110001 5
12
b111111111 F
b111011 >
b1001 :
b0 ;
b100101000 L
b100101000 H
b110 I
b100001010 J
#5870000
0.
#5875000
b1011 T
b1 S
b1011 Z
b11111001 "
b11111001 Y
b110 &
b110 U
b10001 [
1.
#5876000
0R
b10101101 8
b10101101 Q
09
b1111011 0
07
b10101101 5
02
b1000000000 F
b111100 >
b1010 :
b1 ;
b10011010 C
b100101001 L
b100101001 H
b100001011 J
b100111110 O
b110 I
b100010001 K
#5880000
0.
#5885000
b1100 T
b101 &
b101 U
b1100 Z
b1111011 "
b1111011 Y
1.
#5886000
0P
04
b1001011 8
b1001011 Q
0/
03
b1001011 5
01
b1000000001 F
b111101 >
b1011 :
b0 ;
b100101010 L
b100101010 H
b101 I
b100001100 J
#5890000
0.
#5895000
1.
#5896000
1P
14
b10010 8
b10010 Q
1/
b11111111 0
13
b10010 5
11
b1000000010 F
b0 :
#5900000
0.
#5905000
b1101 T
b100 &
b100 U
b1101 Z
b11111111 "
b11111111 Y
1.
#5906000
b10000010 8
b10000010 Q
b10 0
b10000010 5
b1000000011 F
b1 :
b100101011 L
b100101011 H
b100 I
b100001101 J
#5910000
0.
#5915000
b1110 T
b11 &
b11 U
b1110 Z
b10 "
b10 Y
1.
#5916000
0P
1R
04
b10110001 8
b10110001 Q
19
0/
03
17
b10110001 5
01
12
b1000000100 F
b10 :
b100101100 L
b100101100 H
b11 I
b100001110 J
#5920000
0.
#5925000
b10 S
b100 &
b100 U
b10010 [
1.
#5926000
b1010 8
b1010 Q
b1010 5
b1000000101 F
b0 :
b1 ;
b100111111 O
b100 I
b100010010 K
#5930000
0.
#5935000
b11 S
b101 &
b101 U
b10011 [
1.
#5936000
1P
14
b11100111 8
b11100111 Q
1/
b1110011 0
13
b11100111 5
11
b1000000110 F
b10 ;
b101000000 O
b101 I
b100010011 K
#5940000
0.
#5945000
b100 S
b1111 T
b10100 [
b101 &
b101 U
b1111 Z
b1110011 "
b1110011 Y
1.
#5946000
0P
04
b11010010 8
b11010010 Q
0/
03
b11010010 5
01
b1000000111 F
b1 :
b11 ;
b10011011 C
b100101101 L
b100101101 H
b100001111 J
b101000001 O
b101 I
b100010100 K
#5950000
0.
#5955000
b101 S
b110 &
b110 U
b10101 [
1.
#5956000
1P
14
b11 8
b11 Q
1/
b10011101 0
13
b11 5
11
b1000001000 F
b1000001 ?
b0 :
b100 ;
b101000010 O
b110 I
b100010101 K
#5960000
0.
#5965000
b110 S
b0 T
b10110 [
b110 &
b110 U
b10000 Z
b10011101 "
b10011101 Y
1.
#5966000
0R
b1010000 8
b1010000 Q
09
b1110001 0
07
b1010000 5
02
b1000001001 F
b1000010 ?
b1 :
b101 ;
b10011100 C
b100101110 L
b100101110 H
b100010000 J
b101000011 O
b110 I
b100010110 K
#5970000
0.
#5975000
b1 T
b101 &
b101 U
b10001 Z
b1110001 "
b1110001 Y
1.
#5976000
b100101 8
b100101 Q
b10110001 0
b100101 5
b1000001010 F
b10 :
b0 ;
b100101111 L
b100101111 H
b101 I
b100010001 J
#5980000
0.
#5985000
b10 T
b100 &
b100 U
b10010 Z
b10110001 "
b10110001 Y
1.
#5986000
1R
b10101111 8
b10101111 Q
19
b1010 0
17
b10101111 5
12
b1000001011 F
b11 :
b100110000 L
b100110000 H
b100 I
b100010010 J
#5990000
0.
#5995000
b11 T
b111 S
b10011 Z
b1010 "
b1010 Y
b100 &
b100 U
b10111 [
1.
#5996000
0P
0R
04
b1110010 8
b1110010 Q
09
0/
03
07
b1110010 5
01
02
b1000001100 F
b111110 >
b100 :
b1 ;
b10011101 C
b100110001 L
b100110001 H
b100010011 J
b101000100 O
b100 I
b100010111 K
#6000000
0.
#6005000
1.
#6006000
b10100100 8
b10100100 Q
b10100100 5
b1000001101 F
b0 :
b0 ;
#6010000
0.
#6015000
1.
#6016000
1R
b111110 8
b111110 Q
19
17
b111110 5
12
b1000001110 F
#6020000
0.
#6025000
b1000 S
b101 &
b101 U
b11000 [
1.
#6026000
0R
b10001100 8
b10001100 Q
09
07
b10001100 5
02
b1000001111 F
b1 ;
b101000101 O
b101 I
b100011000 K
#6030000
0.
#6035000
1.
#6036000
1R
b110111 8
b110111 Q
19
17
b110111 5
12
b1000010000 F
b0 ;
#6040000
0.
#6045000
b1001 S
b110 &
b110 U
b11001 [
1.
#6046000
1P
14
b1111000 8
b1111000 Q
1/
b11100111 0
13
b1111000 5
11
b1000010001 F
b1 ;
b101000110 O
b110 I
b100011001 K
#6050000
0.
#6055000
b100 T
b1010 S
b10100 Z
b11100111 "
b11100111 Y
b110 &
b110 U
b11010 [
1.
#6056000
b1011 8
b1011 Q
b11010010 0
b1011 5
b1000010010 F
b1 :
b10 ;
b10011110 C
b100110010 L
b100110010 H
b100010100 J
b101000111 O
b110 I
b100011010 K
#6060000
0.
#6065000
b1011 S
b101 T
b11011 [
b110 &
b110 U
b10101 Z
b11010010 "
b11010010 Y
1.
#6066000
0R
b110011 8
b110011 Q
09
b11 0
07
b110011 5
02
b1000010011 F
b10 :
b11 ;
b10011111 C
b100110011 L
b100110011 H
b100010101 J
b101001000 O
b110 I
b100011011 K
#6070000
0.
#6075000
b110 T
b101 &
b101 U
b10110 Z
b11 "
b11 Y
1.
#6076000
1R
b11010111 8
b11010111 Q
19
b10101111 0
17
b11010111 5
12
b1000010100 F
b11 :
b0 ;
b100110100 L
b100110100 H
b101 I
b100010110 J
#6080000
0.
#6085000
b1100 S
b111 T
b11100 [
b101 &
b101 U
b10111 Z
b10101111 "
b10101111 Y
1.
#6086000
b10101010 8
b10101010 Q
b111110 0
b10101010 5
b1000010101 F
b111111 >
b100 :
b1 ;
b10100000 C
b100110101 L
b100110101 H
b100010111 J
b101001001 O
b101 I
b100011100 K
#6090000
0.
#6095000
b1000 T
b1101 S
b11000 Z
b111110 "
b111110 Y
b101 &
b101 U
b11101 [
1.
#6096000
0P
04
b1100010 8
b1100010 Q
0/
03
b1100010 5
01
b1000010110 F
b1000000 >
b101 :
b10 ;
b10100001 C
b100110110 L
b100110110 H
b100011000 J
b101001010 O
b101 I
b100011101 K
#6100000
0.
#6105000
b1110 S
b110 &
b110 U
b11110 [
1.
#6106000
b11100100 8
b11100100 Q
b11100100 5
b1000010111 F
b0 :
b11 ;
b101001011 O
b110 I
b100011110 K
#6110000
0.
#6115000
b1111 S
b111 &
b111 U
b11111 [
1.
#6116000
1P
14
b11111 8
b11111 Q
1/
b110111 0
13
b11111 5
11
b1000011000 F
b1000011 ?
b100 ;
b101001100 O
b111 I
b100011111 K
#6120000
0.
#6125000
b0 S
b1001 T
b0 [
b111 &
b111 U
b11001 Z
b110111 "
b110111 Y
1.
#6126000
0R
b110001 8
b110001 Q
09
b1111000 0
07
b110001 5
02
b1000011001 F
b1000100 ?
b1 :
b101 ;
b10100010 C
b100110111 L
b100110111 H
b100011001 J
b101001101 O
b111 I
b100100000 K
#6130000
0.
#6135000
b1010 T
b110 &
b110 U
b11010 Z
b1111000 "
b1111000 Y
1.
#6136000
b10100100 8
b10100100 Q
b1011 0
b10100100 5
b1000011010 F
b10 :
b0 ;
b100111000 L
b100111000 H
b110 I
b100011010 J
#6140000
0.
#6145000
b1011 T
b101 &
b101 U
b11011 Z
b1011 "
b1011 Y
1.
#6146000
b1010000 8
b1010000 Q
b11010111 0
b1010000 5
b1000011011 F
b11 :
b100111001 L
b100111001 H
b101 I
b100011011 J
#6150000
0.
#6155000
b1100 T
b100 &
b100 U
b11100 Z
b11010111 "
b11010111 Y
1.
#6156000
0P
04
b101100 8
b101100 Q
0/
03
b101100 5
01
b1000011100 F
b1000001 >
b100 :
b100111010 L
b100111010 H
b100 I
b100011100 J
#6160000
0.
#6165000
1.
#6166000
1P
1R
14
b1001011 8
b1001011 Q
19
1/
b10101010 0
13
17
b1001011 5
11
12
b1000011101 F
b0 :
#6170000
0.
#6175000
b1101 T
b1 S
b11101 Z
b10101010 "
b10101010 Y
b100 &
b100 U
b1 [
1.
#6176000
0P
04
b100110 8
b100110 Q
0/
03
b100110 5
01
b1000011110 F
b1 :
b1 ;
b10100011 C
b100111011 L
b100111011 H
b100011101 J
b101001110 O
b100 I
b100100001 K
#6180000
0.
#6185000
b10 S
b101 &
b101 U
b10 [
1.
#6186000
1P
14
b110110 8
b110110 Q
1/
b1100010 0
13
b110110 5
11
b1000011111 F
b0 :
b10 ;
b101001111 O
b101 I
b100100010 K
#6190000
0.
#6195000
b1110 T
b11 S
b11110 Z
b1100010 "
b1100010 Y
b101 &
b101 U
b11 [
1.
#6196000
0P
0R
04
b1010111 8
b1010111 Q
09
0/
03
07
b1010111 5
01
02
b1000100000 F
b1 :
b11 ;
b10100100 C
b100111100 L
b100111100 H
b100011110 J
b101010000 O
b101 I
b100100011 K
#6200000
0.
#6205000
1.
#6206000
1P
1R
14
b1000110 8
b1000110 Q
19
1/
b11100100 0
13
17
b1000110 5
11
12
b1000100001 F
b0 :
b0 ;
#6210000
0.
#6215000
b1111 T
b100 S
b11111 Z
b11100100 "
b11100100 Y
b101 &
b101 U
b100 [
1.
#6216000
0P
04
b100101 8
b100101 Q
0/
03
b100101 5
01
b1000100010 F
b1 :
b1 ;
b10100101 C
b100111101 L
b100111101 H
b100011111 J
b101010001 O
b101 I
b100100100 K
#6220000
0.
#6225000
b101 S
b110 &
b110 U
b101 [
1.
#6226000
b11111110 8
b11111110 Q
b11111110 5
b1000100011 F
b0 :
b10 ;
b101010010 O
b110 I
b100100101 K
#6230000
0.
#6235000
b110 S
b111 &
b111 U
b110 [
1.
#6236000
1P
14
b1101111 8
b1101111 Q
1/
b11111 0
13
b1101111 5
11
b1000100100 F
b11 ;
b101010011 O
b111 I
b100100110 K
#6240000
0.
#6245000
b111 S
b0 T
b111 [
b111 &
b111 U
b0 Z
b11111 "
b11111 Y
1.
#6246000
b10110111 8
b10110111 Q
b1001011 0
b10110111 5
b1000100101 F
b1000101 ?
b1 :
b100 ;
b10100110 C
b100111110 L
b100111110 H
b100100000 J
b101010100 O
b111 I
b100100111 K
#6250000
0.
#6255000
b1 T
b1000 S
b1 Z
b1001011 "
b1001011 Y
b111 &
b111 U
b1000 [
1.
#6256000
0P
0R
04
b10011011 8
b10011011 Q
09
0/
03
07
b10011011 5
01
02
b1000100110 F
b1000110 ?
b10 :
b101 ;
b10100111 C
b100111111 L
b100111111 H
b100100001 J
b101010101 O
b111 I
b100101000 K
#6260000
0.
#6265000
1.
#6266000
1P
1R
14
b10011001 8
b10011001 Q
19
1/
b100110 0
13
17
b10011001 5
11
12
b1000100111 F
b0 :
b0 ;
#6270000
0.
#6275000
b10 T
b1001 S
b10 Z
b100110 "
b100110 Y
b111 &
b111 U
b1001 [
1.
#6276000
b10100100 8
b10100100 Q
b110110 0
b10100100 5
b1000101000 F
b1 :
b1 ;
b10101000 C
b101000000 L
b101000000 H
b100100010 J
b101010110 O
b111 I
b100101001 K
#6280000
0.
#6285000
b1010 S
b11 T
b1010 [
b111 &
b111 U
b11 Z
b110110 "
b110110 Y
1.
#6286000
0P
04
b10101000 8
b10101000 Q
0/
03
b10101000 5
01
b1000101001 F
b10 :
b10 ;
b10101001 C
b101000001 L
b101000001 H
b100100011 J
b101010111 O
b111 I
b100101010 K
#6290000
0.
#6295000
b1011 S
b1000 &
b1000 U
b1011 [
1.
#6296000
1P
14
b11011 8
b11011 Q
1/
b1000110 0
13
b11011 5
11
b1000101010 F
b0 :
b11 ;
b101011000 O
b1000 I
b100101011 K
#6300000
0.
#6305000
b1100 S
b100 T
b1100 [
b1000 &
b1000 U
b100 Z
b1000110 "
b1000110 Y
1.
#6306000
b10001101 8
b10001101 Q
b100101 0
b10001101 5
b1000101011 F
b1000111 ?
b1 :
b100 ;
b10101010 C
b101000010 L
b101000010 H
b100100100 J
b101011001 O
b1000 I
b100101100 K
#6310000
0.
#6315000
b101 T
b1101 S
b101 Z
b100101 "
b100101 Y
b1000 &
b1000 U
b1101 [
1.
#6316000
0P
0R
04
b1001 8
b1001 Q
09
0/
03
07
b1001 5
01
02
b1000101100 F
b1001000 ?
b10 :
b101 ;
b10101011 C
b101000011 L
b101000011 H
b100100101 J
b101011010 O
b1000 I
b100101101 K
#6320000
0.
#6325000
1.
#6326000
b100101 8
b100101 Q
b100101 5
b1000101101 F
b0 :
b0 ;
#6330000
0.
#6335000
1.
#6336000
1P
14
b10101000 8
b10101000 Q
1/
b11111110 0
13
b10101000 5
11
b1000101110 F
#6340000
0.
#6345000
b110 T
b111 &
b111 U
b110 Z
b11111110 "
b11111110 Y
1.
#6346000
0P
1R
04
b11101100 8
b11101100 Q
19
0/
03
17
b11101100 5
01
12
b1000101111 F
b1 :
b101000100 L
b101000100 H
b111 I
b100100110 J
#6350000
0.
#6355000
b1110 S
b1000 &
b1000 U
b1110 [
1.
#6356000
1P
14
b10000101 8
b10000101 Q
1/
b1101111 0
13
b10000101 5
11
b1000110000 F
b0 :
b1 ;
b101011011 O
b1000 I
b100101110 K
#6360000
0.
#6365000
b1111 S
b111 T
b1111 [
b1000 &
b1000 U
b111 Z
b1101111 "
b1101111 Y
1.
#6366000
b100111 8
b100111 Q
b10110111 0
b100111 5
b1000110001 F
b1 :
b10 ;
b10101100 C
b101000101 L
b101000101 H
b100100111 J
b101011100 O
b1000 I
b100101111 K
#6370000
0.
#6375000
b1000 T
b0 S
b1000 Z
b10110111 "
b10110111 Y
b1000 &
b1000 U
b10000 [
1.
#6376000
0R
b10001 8
b10001 Q
09
b10011001 0
07
b10001 5
02
b1000110010 F
b10 :
b11 ;
b10101101 C
b101000110 L
b101000110 H
b100101000 J
b101011101 O
b1000 I
b100110000 K
#6380000
0.
#6385000
b1001 T
b111 &
b111 U
b1001 Z
b10011001 "
b10011001 Y
1.
#6386000
0P
1R
04
b10100001 8
b10100001 Q
19
0/
03
17
b10100001 5
01
12
b1000110011 F
b11 :
b0 ;
b101000111 L
b101000111 H
b111 I
b100101001 J
#6390000
0.
#6395000
b1 S
b1000 &
b1000 U
b10001 [
1.
#6396000
0R
b10110101 8
b10110101 Q
09
07
b10110101 5
02
b1000110100 F
b0 :
b1 ;
b101011110 O
b1000 I
b100110001 K
#6400000
0.
#6405000
1.
#6406000
1P
14
b11000010 8
b11000010 Q
1/
b10100100 0
13
b11000010 5
11
b1000110101 F
b0 ;
#6410000
0.
#6415000
b1010 T
b111 &
b111 U
b1010 Z
b10100100 "
b10100100 Y
1.
#6416000
b1001100 8
b1001100 Q
b10101000 0
b1001100 5
b1000110110 F
b1 :
b101001000 L
b101001000 H
b111 I
b100101010 J
#6420000
0.
#6425000
b1011 T
b110 &
b110 U
b1011 Z
b10101000 "
b10101000 Y
1.
#6426000
0P
1R
04
b1010000 8
b1010000 Q
19
0/
03
17
b1010000 5
01
12
b1000110111 F
b10 :
b101001001 L
b101001001 H
b110 I
b100101011 J
#6430000
0.
#6435000
b10 S
b111 &
b111 U
b10010 [
1.
#6436000
1P
14
b11110010 8
b11110010 Q
1/
b11011 0
13
b11110010 5
11
b1000111000 F
b0 :
b1 ;
b101011111 O
b111 I
b100110010 K
#6440000
0.
#6445000
b11 S
b1100 T
b10011 [
b111 &
b111 U
b1100 Z
b11011 "
b11011 Y
1.
#6446000
b11110 8
b11110 Q
b10001101 0
b11110 5
b1000111001 F
b1 :
b10 ;
b10101110 C
b101001010 L
b101001010 H
b100101100 J
b101100000 O
b111 I
b100110011 K
#6450000
0.
#6455000
b1101 T
b100 S
b1101 Z
b10001101 "
b10001101 Y
b111 &
b111 U
b10100 [
1.
#6456000
0P
0R
04
b11101110 8
b11101110 Q
09
0/
03
07
b11101110 5
01
02
b1000111010 F
b10 :
b11 ;
b10101111 C
b101001011 L
b101001011 H
b100101101 J
b101100001 O
b111 I
b100110100 K
#6460000
0.
#6465000
1.
#6466000
b10110000 8
b10110000 Q
b10110000 5
b1000111011 F
b0 :
b0 ;
#6470000
0.
#6475000
1.
#6476000
b10011011 8
b10011011 Q
b10011011 5
b1000111100 F
#6480000
0.
#6485000
1.
#6486000
1R
b10010110 8
b10010110 Q
19
17
b10010110 5
12
b1000111101 F
#6490000
0.
#6495000
b101 S
b1000 &
b1000 U
b10101 [
1.
#6496000
b10010101 8
b10010101 Q
b10010101 5
b1000111110 F
b1 ;
b101100010 O
b1000 I
b100110101 K
#6500000
0.
#6505000
b110 S
b1001 &
b1001 U
b10110 [
1.
#6506000
b11111 8
b11111 Q
b11111 5
b1000111111 F
b10 ;
b101100011 O
b1001 I
b100110110 K
#6510000
0.
#6515000
b111 S
b1010 &
b1010 U
b10111 [
1.
#6516000
1P
14
b1001011 8
b1001011 Q
1/
b11101100 0
13
b1001011 5
11
b1001000000 F
b11 ;
b101100100 O
b1010 I
b100110111 K
#6520000
0.
#6525000
b1000 S
b1110 T
b11000 [
b1010 &
b1010 U
b1110 Z
b11101100 "
b11101100 Y
1.
#6526000
0R
b1110 8
b1110 Q
09
b10000101 0
07
b1110 5
02
b1001000001 F
b1001001 ?
b1 :
b100 ;
b10110000 C
b101001100 L
b101001100 H
b100101110 J
b101100101 O
b1010 I
b100111000 K
#6530000
0.
#6535000
b1111 T
b1001 &
b1001 U
b1111 Z
b10000101 "
b10000101 Y
1.
#6536000
b101 8
b101 Q
b100111 0
b101 5
b1001000010 F
b10 :
b0 ;
b101001101 L
b101001101 H
b1001 I
b100101111 J
#6540000
0.
#6545000
b0 T
b1000 &
b1000 U
b10000 Z
b100111 "
b100111 Y
1.
#6546000
0P
1R
04
b11100010 8
b11100010 Q
19
0/
03
17
b11100010 5
01
12
b1001000011 F
b11 :
b101001110 L
b101001110 H
b1000 I
b100110000 J
#6550000
0.
#6555000
b1001 S
b1001 &
b1001 U
b11001 [
1.
#6556000
1P
14
b10010110 8
b10010110 Q
1/
b10100001 0
13
b10010110 5
11
b1001000100 F
b0 :
b1 ;
b101100110 O
b1001 I
b100111001 K
#6560000
0.
#6565000
b1010 S
b1 T
b11010 [
b1001 &
b1001 U
b10001 Z
b10100001 "
b10100001 Y
1.
#6566000
b1010101 8
b1010101 Q
b1010000 0
b1010101 5
b1001000101 F
b1 :
b10 ;
b10110001 C
b101001111 L
b101001111 H
b100110001 J
b101100111 O
b1001 I
b100111010 K
#6570000
0.
#6575000
b10 T
b1011 S
b10010 Z
b1010000 "
b1010000 Y
b1001 &
b1001 U
b11011 [
1.
#6576000
b1000000 8
b1000000 Q
b11110010 0
b1000000 5
b1001000110 F
b10 :
b11 ;
b10110010 C
b101010000 L
b101010000 H
b100110010 J
b101101000 O
b1001 I
b100111011 K
#6580000
0.
#6585000
b1100 S
b11 T
b11100 [
b1001 &
b1001 U
b10011 Z
b11110010 "
b11110010 Y
1.
#6586000
0P
04
b1000001 8
b1000001 Q
0/
03
b1000001 5
01
b1001000111 F
b1001010 ?
b11 :
b100 ;
b10110011 C
b101010001 L
b101010001 H
b100110011 J
b101101001 O
b1001 I
b100111100 K
#6590000
0.
#6595000
b1101 S
b1010 &
b1010 U
b11101 [
1.
#6596000
1P
0R
14
b1111101 8
b1111101 Q
09
1/
b11110 0
13
07
b1111101 5
11
02
b1001001000 F
b1001011 ?
b0 :
b101 ;
b101101010 O
b1010 I
b100111101 K
#6600000
0.
#6605000
b100 T
b1001 &
b1001 U
b10100 Z
b11110 "
b11110 Y
1.
#6606000
b101000 8
b101000 Q
b10010110 0
b101000 5
b1001001001 F
b1 :
b0 ;
b101010010 L
b101010010 H
b1001 I
b100110100 J
#6610000
0.
#6615000
b101 T
b1000 &
b1000 U
b10101 Z
b10010110 "
b10010110 Y
1.
#6616000
1R
b11001110 8
b11001110 Q
19
b10010101 0
17
b11001110 5
12
b1001001010 F
b10 :
b101010011 L
b101010011 H
b1000 I
b100110101 J
#6620000
0.
#6625000
b1110 S
b110 T
b11110 [
b1000 &
b1000 U
b10110 Z
b10010101 "
b10010101 Y
1.
#6626000
b1110000 8
b1110000 Q
b11111 0
b1110000 5
b1001001011 F
b11 :
b1 ;
b10110100 C
b101010100 L
b101010100 H
b100110110 J
b101101011 O
b1000 I
b100111110 K
#6630000
0.
#6635000
b111 T
b1111 S
b10111 Z
b11111 "
b11111 Y
b1000 &
b1000 U
b11111 [
1.
#6636000
0P
04
b10110000 8
b10110000 Q
0/
03
b10110000 5
01
b1001001100 F
b1000010 >
b100 :
b10 ;
b10110101 C
b101010101 L
b101010101 H
b100110111 J
b101101100 O
b1000 I
b100111111 K
#6640000
0.
#6645000
b0 S
b1001 &
b1001 U
b0 [
1.
#6646000
1P
0R
14
b100100 8
b100100 Q
09
1/
b1001011 0
13
07
b100100 5
11
02
b1001001101 F
b0 :
b11 ;
b101101101 O
b1001 I
b101000000 K
#6650000
0.
#6655000
b1000 T
b1000 &
b1000 U
b11000 Z
b1001011 "
b1001011 Y
1.
#6656000
0P
1R
04
b10010 8
b10010 Q
19
0/
03
17
b10010 5
01
12
b1001001110 F
b1 :
b0 ;
b101010110 L
b101010110 H
b1000 I
b100111000 J
#6660000
0.
#6665000
b1 S
b1001 &
b1001 U
b1 [
1.
#6666000
b11 8
b11 Q
b11 5
b1001001111 F
b0 :
b1 ;
b101101110 O
b1001 I
b101000001 K
#6670000
0.
#6675000
b10 S
b1010 &
b1010 U
b10 [
1.
#6676000
1P
0R
14
b1001111 8
b1001111 Q
09
1/
b11100010 0
13
07
b1001111 5
11
02
b1001010000 F
b10 ;
b101101111 O
b1010 I
b101000010 K
#6680000
0.
#6685000
b1001 T
b1001 &
b1001 U
b11001 Z
b11100010 "
b11100010 Y
1.
#6686000
1R
b11000111 8
b11000111 Q
19
b10010110 0
17
b11000111 5
12
b1001010001 F
b1 :
b0 ;
b101010111 L
b101010111 H
b1001 I
b100111001 J
#6690000
0.
#6695000
b1010 T
b11 S
b11010 Z
b10010110 "
b10010110 Y
b1001 &
b1001 U
b11 [
1.
#6696000
0P
04
b1010011 8
b1010011 Q
0/
03
b1010011 5
01
b1001010010 F
b10 :
b1 ;
b10110110 C
b101011000 L
b101011000 H
b100111010 J
b101110000 O
b1001 I
b101000011 K
#6700000
0.
#6705000
b100 S
b1010 &
b1010 U
b100 [
1.
#6706000
0R
b1100000 8
b1100000 Q
09
07
b1100000 5
02
b1001010011 F
b0 :
b10 ;
b101110001 O
b1010 I
b101000100 K
#6710000
0.
#6715000
1.
#6716000
1R
b11000101 8
b11000101 Q
19
17
b11000101 5
12
b1001010100 F
b0 ;
#6720000
0.
#6725000
b101 S
b1011 &
b1011 U
b101 [
1.
#6726000
b1000111 8
b1000111 Q
b1000111 5
b1001010101 F
b1 ;
b101110010 O
b1011 I
b101000101 K
#6730000
0.
#6735000
b110 S
b1100 &
b1100 U
b110 [
1.
#6736000
1P
14
b11011011 8
b11011011 Q
1/
b1010101 0
13
b11011011 5
11
b1001010110 F
b10 ;
b101110011 O
b1100 I
b101000110 K
#6740000
0.
#6745000
b111 S
b1011 T
b111 [
b1100 &
b1100 U
b11011 Z
b1010101 "
b1010101 Y
1.
#6746000
0P
0R
04
b1010001 8
b1010001 Q
09
0/
03
07
b1010001 5
01
02
b1001010111 F
b1 :
b11 ;
b10110111 C
b101011001 L
b101011001 H
b100111011 J
b101110100 O
b1100 I
b101000111 K
#6750000
0.
#6755000
1.
#6756000
1P
1R
14
b11100011 8
b11100011 Q
19
1/
b1000000 0
13
17
b11100011 5
11
12
b1001011000 F
b0 :
b0 ;
#6760000
0.
#6765000
b1000 S
b1100 T
b1000 [
b1100 &
b1100 U
b11100 Z
b1000000 "
b1000000 Y
1.
#6766000
b11011011 8
b11011011 Q
b1000001 0
b11011011 5
b1001011001 F
b1 :
b1 ;
b10111000 C
b101011010 L
b101011010 H
b100111100 J
b101110101 O
b1100 I
b101001000 K
#6770000
0.
#6775000
b1101 T
b1001 S
b11101 Z
b1000001 "
b1000001 Y
b1100 &
b1100 U
b1001 [
1.
#6776000
0R
b1001111 8
b1001111 Q
09
b11001110 0
07
b1001111 5
02
b1001011010 F
b10 :
b10 ;
b10111001 C
b101011011 L
b101011011 H
b100111101 J
b101110110 O
b1100 I
b101001001 K
#6780000
0.
#6785000
b1110 T
b1011 &
b1011 U
b11110 Z
b11001110 "
b11001110 Y
1.
#6786000
1R
b11000101 8
b11000101 Q
19
b1110000 0
17
b11000101 5
12
b1001011011 F
b11 :
b0 ;
b101011100 L
b101011100 H
b1011 I
b100111110 J
#6790000
0.
#6795000
b1111 T
b1010 S
b11111 Z
b1110000 "
b1110000 Y
b1011 &
b1011 U
b1010 [
1.
#6796000
0R
b1100000 8
b1100000 Q
09
b10110000 0
07
b1100000 5
02
b1001011100 F
b1000011 >
b100 :
b1 ;
b10111010 C
b101011101 L
b101011101 H
b100111111 J
b101110111 O
b1011 I
b101001010 K
#6800000
0.
#6805000
b0 T
b1010 &
b1010 U
b0 Z
b10110000 "
b10110000 Y
1.
#6806000
1R
b11000111 8
b11000111 Q
19
b10010 0
17
b11000111 5
12
b1001011101 F
b1000100 >
b101 :
b0 ;
b101011110 L
b101011110 H
b1010 I
b101000000 J
#6810000
0.
#6815000
b1 T
b1011 S
b1 Z
b10010 "
b10010 Y
b1010 &
b1010 U
b1011 [
1.
#6816000
0R
b101001 8
b101001 Q
09
b11 0
07
b101001 5
02
b1001011110 F
b1000101 >
b110 :
b1 ;
b10111011 C
b101011111 L
b101011111 H
b101000001 J
b101111000 O
b1010 I
b101001011 K
#6820000
0.
#6825000
b10 T
b1001 &
b1001 U
b10 Z
b11 "
b11 Y
1.
#6826000
b1100011 8
b1100011 Q
b11000111 0
b1100011 5
b1001011111 F
b1000110 >
b111 :
b0 ;
b101100000 L
b101100000 H
b1001 I
b101000010 J
#6830000
0.
#6835000
b11 T
b1000 &
b1000 U
b11 Z
b11000111 "
b11000111 Y
1.
#6836000
b1100111 8
b1100111 Q
b1010011 0
b1100111 5
b1001100000 F
b1000111 >
b1000 :
b101100001 L
b101100001 H
b1000 I
b101000011 J
#6840000
0.
#6845000
b100 T
b111 &
b111 U
b100 Z
b1010011 "
b1010011 Y
1.
#6846000
b1000011 8
b1000011 Q
b11000101 0
b1000011 5
b1001100001 F
b1001000 >
b1001 :
b101100010 L
b101100010 H
b111 I
b101000100 J
#6850000
0.
#6855000
b101 T
b110 &
b110 U
b101 Z
b11000101 "
b11000101 Y
1.
#6856000
0P
1R
04
b11110101 8
b11110101 Q
19
0/
03
17
b11110101 5
01
12
b1001100010 F
b1001001 >
b1010 :
b101100011 L
b101100011 H
b110 I
b101000101 J
#6860000
0.
#6865000
b1100 S
b111 &
b111 U
b1100 [
1.
#6866000
0R
b1100000 8
b1100000 Q
09
07
b1100000 5
02
b1001100011 F
b0 :
b1 ;
b101111001 O
b111 I
b101001100 K
#6870000
0.
#6875000
1.
#6876000
1P
14
b11000100 8
b11000100 Q
1/
b1000111 0
13
b11000100 5
11
b1001100100 F
b0 ;
#6880000
0.
#6885000
b110 T
b110 &
b110 U
b110 Z
b1000111 "
b1000111 Y
1.
#6886000
0P
04
b101 8
b101 Q
0/
03
b101 5
01
b1001100101 F
b1 :
b101100100 L
b101100100 H
b110 I
b101000110 J
#6890000
0.
#6895000
1.
#6896000
1R
b10110000 8
b10110000 Q
19
17
b10110000 5
12
b1001100110 F
b0 :
#6900000
0.
#6905000
b1101 S
b111 &
b111 U
b1101 [
1.
#6906000
1P
0R
14
b11100000 8
b11100000 Q
09
1/
b11011011 0
13
07
b11100000 5
11
02
b1001100111 F
b1 ;
b101111010 O
b111 I
b101001101 K
#6910000
0.
#6915000
b111 T
b110 &
b110 U
b111 Z
b11011011 "
b11011011 Y
1.
#6916000
1R
b11110110 8
b11110110 Q
19
b11100011 0
17
b11110110 5
12
b1001101000 F
b1 :
b0 ;
b101100101 L
b101100101 H
b110 I
b101000111 J
#6920000
0.
#6925000
b1110 S
b1000 T
b1110 [
b110 &
b110 U
b1000 Z
b11100011 "
b11100011 Y
1.
#6926000
0R
b11000 8
b11000 Q
09
b11011011 0
07
b11000 5
02
b1001101001 F
b10 :
b1 ;
b10111100 C
b101100110 L
b101100110 H
b101001000 J
b101111011 O
b110 I
b101001110 K
#6930000
0.
#6935000
b1001 T
b101 &
b101 U
b1001 Z
b11011011 "
b11011011 Y
1.
#6936000
b1110100 8
b1110100 Q
b11000101 0
b1110100 5
b1001101010 F
b11 :
b0 ;
b101100111 L
b101100111 H
b101 I
b101001001 J
#6940000
0.
#6945000
b1010 T
b100 &
b100 U
b1010 Z
b11000101 "
b11000101 Y
1.
#6946000
0P
1R
04
b10111000 8
b10111000 Q
19
0/
03
17
b10111000 5
01
12
b1001101011 F
b1001010 >
b100 :
b101101000 L
b101101000 H
b100 I
b101001010 J
#6950000
0.
#6955000
b1111 S
b101 &
b101 U
b1111 [
1.
#6956000
1P
14
b100000 8
b100000 Q
1/
b11000111 0
13
b100000 5
11
b1001101100 F
b0 :
b1 ;
b101111100 O
b101 I
b101001111 K
#6960000
0.
#6965000
b0 S
b1011 T
b10000 [
b101 &
b101 U
b1011 Z
b11000111 "
b11000111 Y
1.
#6966000
0P
04
b111001 8
b111001 Q
0/
03
b111001 5
01
b1001101101 F
b1 :
b10 ;
b10111101 C
b101101001 L
b101101001 H
b101001011 J
b101111101 O
b101 I
b101010000 K
#6970000
0.
#6975000
b1 S
b110 &
b110 U
b10001 [
1.
#6976000
b1011001 8
b1011001 Q
b1011001 5
b1001101110 F
b0 :
b11 ;
b101111110 O
b110 I
b101010001 K
#6980000
0.
#6985000
b10 S
b111 &
b111 U
b10010 [
1.
#6986000
1P
0R
14
b1101001 8
b1101001 Q
09
1/
b11110101 0
13
07
b1101001 5
11
02
b1001101111 F
b1001100 ?
b100 ;
b101111111 O
b111 I
b101010010 K
#6990000
0.
#6995000
b1100 T
b110 &
b110 U
b1100 Z
b11110101 "
b11110101 Y
1.
#6996000
0P
04
b10100111 8
b10100111 Q
0/
03
b10100111 5
01
b1001110000 F
b1 :
b0 ;
b101101010 L
b101101010 H
b110 I
b101001100 J
#7000000
0.
#7005000
1.
#7006000
b11100111 8
b11100111 Q
b11100111 5
b1001110001 F
b0 :
#7010000
0.
#7015000
1.
#7016000
1R
b11101 8
b11101 Q
19
17
b11101 5
12
b1001110010 F
#7020000
0.
#7025000
b11 S
b111 &
b111 U
b10011 [
1.
#7026000
b10100001 8
b10100001 Q
b10100001 5
b1001110011 F
b1 ;
b110000000 O
b111 I
b101010011 K
#7030000
0.
#7035000
b100 S
b1000 &
b1000 U
b10100 [
1.
#7036000
0R
b11111011 8
b11111011 Q
09
07
b11111011 5
02
b1001110100 F
b10 ;
b110000001 O
b1000 I
b101010100 K
#7040000
0.
#7045000
1.
#7046000
1R
b11101000 8
b11101000 Q
19
17
b11101000 5
12
b1001110101 F
b0 ;
#7050000
0.
#7055000
b101 S
b1001 &
b1001 U
b10101 [
1.
#7056000
1P
0R
14
b1110 8
b1110 Q
09
1/
b10110000 0
13
07
b1110 5
11
02
b1001110110 F
b1 ;
b110000010 O
b1001 I
b101010101 K
#7060000
0.
#7065000
b1101 T
b1000 &
b1000 U
b1101 Z
b10110000 "
b10110000 Y
1.
#7066000
0P
1R
04
b10011010 8
b10011010 Q
19
0/
03
17
b10011010 5
01
12
b1001110111 F
b1 :
b0 ;
b101101011 L
b101101011 H
b1000 I
b101001101 J
#7070000
0.
#7075000
b110 S
b1001 &
b1001 U
b10110 [
1.
#7076000
0R
b11010000 8
b11010000 Q
09
07
b11010000 5
02
b1001111000 F
b0 :
b1 ;
b110000011 O
b1001 I
b101010110 K
#7080000
0.
#7085000
1.
#7086000
1P
14
b11011101 8
b11011101 Q
1/
b11110110 0
13
b11011101 5
11
b1001111001 F
b0 ;
#7090000
0.
#7095000
b1110 T
b1000 &
b1000 U
b1110 Z
b11110110 "
b11110110 Y
1.
#7096000
1R
b1000011 8
b1000011 Q
19
b10111000 0
17
b1000011 5
12
b1001111010 F
b1 :
b101101100 L
b101101100 H
b1000 I
b101001110 J
#7100000
0.
#7105000
b111 S
b1111 T
b10111 [
b1000 &
b1000 U
b1111 Z
b10111000 "
b10111000 Y
1.
#7106000
b110000 8
b110000 Q
b100000 0
b110000 5
b1001111011 F
b10 :
b1 ;
b10111110 C
b101101101 L
b101101101 H
b101001111 J
b110000100 O
b1000 I
b101010111 K
#7110000
0.
#7115000
b0 T
b1000 S
b10000 Z
b100000 "
b100000 Y
b1000 &
b1000 U
b11000 [
1.
#7116000
0P
04
b11001100 8
b11001100 Q
0/
03
b11001100 5
01
b1001111100 F
b11 :
b10 ;
b10111111 C
b101101110 L
b101101110 H
b101010000 J
b110000101 O
b1000 I
b101011000 K
#7120000
0.
#7125000
b1001 S
b1001 &
b1001 U
b11001 [
1.
#7126000
1P
14
b1000100 8
b1000100 Q
1/
b111001 0
13
b1000100 5
11
b1001111101 F
b0 :
b11 ;
b110000110 O
b1001 I
b101011001 K
#7130000
0.
#7135000
b1 T
b1010 S
b10001 Z
b111001 "
b111001 Y
b1001 &
b1001 U
b11010 [
1.
#7136000
0P
0R
04
b100101 8
b100101 Q
09
0/
03
07
b100101 5
01
02
b1001111110 F
b1001101 ?
b1 :
b100 ;
b11000000 C
b101101111 L
b101101111 H
b101010001 J
b110000111 O
b1001 I
b101011010 K
#7140000
0.
#7145000
1.
#7146000
1P
1R
14
b1110101 8
b1110101 Q
19
1/
b1011001 0
13
17
b1110101 5
11
12
b1001111111 F
b0 :
b0 ;
#7150000
0.
#7155000
b10 T
b1011 S
b10010 Z
b1011001 "
b1011001 Y
b1001 &
b1001 U
b11011 [
1.
#7156000
0P
0R
04
b1110011 8
b1110011 Q
09
0/
03
07
b1110011 5
01
02
b1010000000 F
b1 :
b1 ;
b11000001 C
b101110000 L
b101110000 H
b101010010 J
b110001000 O
b1001 I
b101011011 K
#7160000
0.
#7165000
1.
#7166000
1R
b11100000 8
b11100000 Q
19
17
b11100000 5
12
b1010000001 F
b0 :
b0 ;
#7170000
0.
#7175000
b1100 S
b1010 &
b1010 U
b11100 [
1.
#7176000
b11000111 8
b11000111 Q
b11000111 5
b1010000010 F
b1 ;
b110001001 O
b1010 I
b101011100 K
#7180000
0.
#7185000
b1101 S
b1011 &
b1011 U
b11101 [
1.
#7186000
0R
b100111 8
b100111 Q
09
07
b100111 5
02
b1010000011 F
b10 ;
b110001010 O
b1011 I
b101011101 K
#7190000
0.
#7195000
1.
#7196000
b11000011 8
b11000011 Q
b11000011 5
b1010000100 F
b0 ;
#7200000
0.
#7205000
1.
#7206000
1P
14
b10000001 8
b10000001 Q
1/
b11101 0
13
b10000001 5
11
b1010000101 F
#7210000
0.
#7215000
b11 T
b1010 &
b1010 U
b10011 Z
b11101 "
b11101 Y
1.
#7216000
1R
b10010000 8
b10010000 Q
19
b10100001 0
17
b10010000 5
12
b1010000110 F
b1 :
b101110001 L
b101110001 H
b1010 I
b101010011 J
#7220000
0.
#7225000
b1110 S
b100 T
b11110 [
b1010 &
b1010 U
b10100 Z
b10100001 "
b10100001 Y
1.
#7226000
0P
0R
04
b1000111 8
b1000111 Q
09
0/
03
07
b1000111 5
01
02
b1010000111 F
b10 :
b1 ;
b11000010 C
b101110010 L
b101110010 H
b101010100 J
b110001011 O
b1010 I
b101011110 K
#7230000
0.
#7235000
1.
#7236000
b11100001 8
b11100001 Q
b11100001 5
b1010001000 F
b0 :
b0 ;
#7240000
0.
#7245000
1.
#7246000
1R
b10011001 8
b10011001 Q
19
17
b10011001 5
12
b1010001001 F
#7250000
0.
#7255000
b1111 S
b1011 &
b1011 U
b11111 [
1.
#7256000
1P
0R
14
b1010010 8
b1010010 Q
09
1/
b11101000 0
13
07
b1010010 5
11
02
b1010001010 F
b1 ;
b110001100 O
b1011 I
b101011111 K
#7260000
0.
#7265000
b101 T
b1010 &
b1010 U
b10101 Z
b11101000 "
b11101000 Y
1.
#7266000
1R
b11000101 8
b11000101 Q
19
b10011010 0
17
b11000101 5
12
b1010001011 F
b1 :
b0 ;
b101110011 L
b101110011 H
b1010 I
b101010101 J
#7270000
0.
#7275000
b110 T
b0 S
b10110 Z
b10011010 "
b10011010 Y
b1010 &
b1010 U
b0 [
1.
#7276000
0R
b10111110 8
b10111110 Q
09
b1000011 0
07
b10111110 5
02
b1010001100 F
b10 :
b1 ;
b11000011 C
b101110100 L
b101110100 H
b101010110 J
b110001101 O
b1010 I
b101100000 K
#7280000
0.
#7285000
b111 T
b1001 &
b1001 U
b10111 Z
b1000011 "
b1000011 Y
1.
#7286000
0P
1R
04
b10101 8
b10101 Q
19
0/
03
17
b10101 5
01
12
b1010001101 F
b11 :
b0 ;
b101110101 L
b101110101 H
b1001 I
b101010111 J
#7290000
0.
#7295000
b1 S
b1010 &
b1010 U
b1 [
1.
#7296000
1P
14
b10100110 8
b10100110 Q
1/
b110000 0
13
b10100110 5
11
b1010001110 F
b0 :
b1 ;
b110001110 O
b1010 I
b101100001 K
#7300000
0.
#7305000
b10 S
b1000 T
b10 [
b1010 &
b1010 U
b11000 Z
b110000 "
b110000 Y
1.
#7306000
b11101101 8
b11101101 Q
b11001100 0
b11101101 5
b1010001111 F
b1 :
b10 ;
b11000100 C
b101110110 L
b101110110 H
b101011000 J
b110001111 O
b1010 I
b101100010 K
#7310000
0.
#7315000
b1001 T
b11 S
b11001 Z
b11001100 "
b11001100 Y
b1010 &
b1010 U
b11 [
1.
#7316000
0P
0R
04
b10001011 8
b10001011 Q
09
0/
03
07
b10001011 5
01
02
b1010010000 F
b10 :
b11 ;
b11000101 C
b101110111 L
b101110111 H
b101011001 J
b110010000 O
b1010 I
b101100011 K
#7320000
0.
#7325000
1.
#7326000
1P
14
b1110000 8
b1110000 Q
1/
b1000100 0
13
b1110000 5
11
b1010010001 F
b0 :
b0 ;
#7330000
0.
#7335000
b1010 T
b1001 &
b1001 U
b11010 Z
b1000100 "
b1000100 Y
1.
#7336000
0P
1R
04
b1000101 8
b1000101 Q
19
0/
03
17
b1000101 5
01
12
b1010010010 F
b1 :
b101111000 L
b101111000 H
b1001 I
b101011010 J
#7340000
0.
#7345000
b100 S
b1010 &
b1010 U
b100 [
1.
#7346000
0R
b10000 8
b10000 Q
09
07
b10000 5
02
b1010010011 F
b0 :
b1 ;
b110010001 O
b1010 I
b101100100 K
#7350000
0.
#7355000
1.
#7356000
b1111000 8
b1111000 Q
b1111000 5
b1010010100 F
b0 ;
#7360000
0.
#7365000
1.
#7366000
1R
b11101101 8
b11101101 Q
19
17
b11101101 5
12
b1010010101 F
#7370000
0.
#7375000
b101 S
b1011 &
b1011 U
b101 [
1.
#7376000
0R
b10101111 8
b10101111 Q
09
07
b10101111 5
02
b1010010110 F
b1 ;
b110010010 O
b1011 I
b101100101 K
#7380000
0.
#7385000
1.
#7386000
1P
14
b10011011 8
b10011011 Q
1/
b1110101 0
13
b10011011 5
11
b1010010111 F
b0 ;
#7390000
0.
#7395000
b1011 T
b1010 &
b1010 U
b11011 Z
b1110101 "
b1110101 Y
1.
#7396000
b1 8
b1 Q
b11100000 0
b1 5
b1010011000 F
b1 :
b101111001 L
b101111001 H
b1010 I
b101011011 J
#7400000
0.
#7405000
b1100 T
b1001 &
b1001 U
b11100 Z
b11100000 "
b11100000 Y
1.
#7406000
0P
1R
04
b1110110 8
b1110110 Q
19
0/
03
17
b1110110 5
01
12
b1010011001 F
b10 :
b101111010 L
b101111010 H
b1001 I
b101011100 J
#7410000
0.
#7415000
b110 S
b1010 &
b1010 U
b110 [
1.
#7416000
b1010101 8
b1010101 Q
b1010101 5
b1010011010 F
b0 :
b1 ;
b110010011 O
b1010 I
b101100110 K
#7420000
0.
#7425000
b111 S
b1011 &
b1011 U
b111 [
1.
#7426000
1P
0R
14
b10001100 8
b10001100 Q
09
1/
b11000111 0
13
07
b10001100 5
11
02
b1010011011 F
b10 ;
b110010100 O
b1011 I
b101100111 K
#7430000
0.
#7435000
b1101 T
b1010 &
b1010 U
b11101 Z
b11000111 "
b11000111 Y
1.
#7436000
b11011001 8
b11011001 Q
b10010000 0
b11011001 5
b1010011100 F
b1 :
b0 ;
b101111011 L
b101111011 H
b1010 I
b101011101 J
#7440000
0.
#7445000
b1110 T
b1001 &
b1001 U
b11110 Z
b10010000 "
b10010000 Y
1.
#7446000
1R
b10001011 8
b10001011 Q
19
b10011001 0
17
b10001011 5
12
b1010011101 F
b10 :
b101111100 L
b101111100 H
b1001 I
b101011110 J
#7450000
0.
#7455000
b1111 T
b1000 S
b11111 Z
b10011001 "
b10011001 Y
b1001 &
b1001 U
b1000 [
1.
#7456000
b11000 8
b11000 Q
b11000101 0
b11000 5
b1010011110 F
b11 :
b1 ;
b11000110 C
b101111101 L
b101111101 H
b101011111 J
b110010101 O
b1001 I
b101101000 K
#7460000
0.
#7465000
b1001 S
b0 T
b1001 [
b1001 &
b1001 U
b0 Z
b11000101 "
b11000101 Y
1.
#7466000
0P
04
b110 8
b110 Q
0/
03
b110 5
01
b1010011111 F
b1001011 >
b100 :
b10 ;
b11000111 C
b101111110 L
b101111110 H
b101100000 J
b110010110 O
b1001 I
b101101001 K
#7470000
0.
#7475000
b1010 S
b1010 &
b1010 U
b1010 [
1.
#7476000
b100010 8
b100010 Q
b100010 5
b1010100000 F
b0 :
b11 ;
b110010111 O
b1010 I
b101101010 K
#7480000
0.
#7485000
b1011 S
b1011 &
b1011 U
b1011 [
1.
#7486000
1P
14
b111111 8
b111111 Q
1/
b10101 0
13
b111111 5
11
b1010100001 F
b1001110 ?
b100 ;
b110011000 O
b1011 I
b101101011 K
#7490000
0.
#7495000
b1 T
b1100 S
b1 Z
b10101 "
b10101 Y
b1011 &
b1011 U
b1100 [
1.
#7496000
0P
04
b11010101 8
b11010101 Q
0/
03
b11010101 5
01
b1010100010 F
b1001111 ?
b1 :
b101 ;
b11001000 C
b101111111 L
b101111111 H
b101100001 J
b110011001 O
b1011 I
b101101100 K
#7500000
0.
#7505000
b1101 S
b1100 &
b1100 U
b1101 [
1.
#7506000
0R
b1100001 8
b1100001 Q
09
07
b1100001 5
02
b1010100011 F
b1010000 ?
b0 :
b110 ;
b110011010 O
b1100 I
b101101101 K
#7510000
0.
#7515000
1.
#7516000
1R
b10001000 8
b10001000 Q
19
17
b10001000 5
12
b1010100100 F
b0 ;
#7520000
0.
#7525000
b1110 S
b1101 &
b1101 U
b1110 [
1.
#7526000
b100000 8
b100000 Q
b100000 5
b1010100101 F
b1 ;
b110011011 O
b1101 I
b101101110 K
#7530000
0.
#7535000
b1111 S
b1110 &
b1110 U
b1111 [
1.
#7536000
1P
14
b1010010 8
b1010010 Q
1/
b10100110 0
13
b1010010 5
11
b1010100110 F
b10 ;
b110011100 O
b1110 I
b101101111 K
#7540000
0.
#7545000
b0 S
b10 T
b10000 [
b1110 &
b1110 U
b10 Z
b10100110 "
b10100110 Y
1.
#7546000
0P
04
b101 8
b101 Q
0/
03
b101 5
01
b1010100111 F
b1 :
b11 ;
b11001001 C
b110000000 L
b110000000 H
b101100010 J
b110011101 O
b1110 I
b101110000 K
#7550000
0.
#7555000
b1 S
1'
b1111 &
b1111 U
b10001 [
1.
#7556000
b1111110 8
b1111110 Q
b1111110 5
b1010101000 F
b1010001 ?
b0 :
b100 ;
b1110 =
b110011110 O
b1111 I
b101110001 K
#7560000
0.
#7565000
0R
1$
b10 S
0'
b10000 &
b10000 U
b10010 [
1.
#7566000
b10101100 8
b10101100 Q
07
b10101100 5
b1010101001 F
b1010010 ?
b101 ;
b1010 A
b110011111 O
b10000 I
b101110010 K
#7570000
0.
#7575000
1#
1.
#7576000
1P
14
b10110100 8
b10110100 Q
09
1/
b11101101 0
13
b10110100 5
11
02
b1010101010 F
b0 ;
b1011 A
b1000 E
b1000 G
#7580000
0.
#7585000
0$
b11 T
1'
b1111 &
b1111 U
b11 Z
b11101101 "
b11101101 Y
0#
1.
#7586000
b11101110 8
b11101110 Q
b1000101 0
b11101110 5
b1010101011 F
b1 :
b1111 =
b110000001 L
b110000001 H
b1111 I
b101100011 J
#7590000
0.
#7595000
b100 T
0'
b1110 &
b1110 U
b100 Z
b1000101 "
b1000101 Y
1.
#7596000
1R
b10011100 8
b10011100 Q
19
b11101101 0
17
b10011100 5
12
b1010101100 F
b10 :
b110000010 L
b110000010 H
b1110 I
b101100100 J
#7600000
0.
#7605000
b11 S
b101 T
b10011 [
b1110 &
b1110 U
b101 Z
b11101101 "
b11101101 Y
1.
#7606000
b10000111 8
b10000111 Q
b1110110 0
b10000111 5
b1010101101 F
b11 :
b1 ;
b11001010 C
b110000011 L
b110000011 H
b101100101 J
b110100000 O
b1110 I
b101110011 K
#7610000
0.
#7615000
b110 T
b100 S
b110 Z
b1110110 "
b1110110 Y
0'
b1110 &
b1110 U
b10100 [
1.
#7616000
0P
04
b1101100 8
b1101100 Q
0/
03
b1101100 5
01
b1010101110 F
b1001100 >
b100 :
b10 ;
b11001011 C
b110000100 L
b110000100 H
b101100110 J
b110100001 O
b1110 I
b101110100 K
#7620000
0.
#7625000
b101 S
1'
b1111 &
b1111 U
b10101 [
1.
#7626000
1P
0R
14
b10011101 8
b10011101 Q
09
1/
b1010101 0
13
07
b10011101 5
11
02
b1010101111 F
b0 :
b11 ;
b10000 =
b110100010 O
b1111 I
b101110101 K
#7630000
0.
#7635000
b111 T
0'
b1110 &
b1110 U
b111 Z
b1010101 "
b1010101 Y
1.
#7636000
0P
1R
04
b11100110 8
b11100110 Q
19
0/
03
17
b11100110 5
01
12
b1010110000 F
b1 :
b0 ;
b110000101 L
b110000101 H
b1110 I
b101100111 J
#7640000
0.
#7645000
b110 S
1'
b1111 &
b1111 U
b10110 [
1.
#7646000
b10101001 8
b10101001 Q
b10101001 5
b1010110001 F
b0 :
b1 ;
b10001 =
b110100011 O
b1111 I
b101110110 K
#7650000
0.
#7655000
0R
1$
b111 S
0'
b10000 &
b10000 U
b10111 [
1.
#7656000
1P
14
b101100 8
b101100 Q
1/
b10001011 0
13
07
b101100 5
11
b1010110010 F
b10 ;
b1100 A
b110100100 O
b10000 I
b101110111 K
#7660000
0.
#7665000
1R
0$
b1000 T
1'
b1111 &
b1111 U
b1000 Z
b10001011 "
b10001011 Y
1#
1.
#7666000
0R
b11010110 8
b11010110 Q
09
b11000 0
b11010110 5
02
b1010110011 F
b1 :
b0 ;
b10 D
b10010 =
b110000110 L
b110000110 H
b1111 I
b101101000 J
b1001 E
b1001 G
#7670000
0.
#7675000
b1001 T
0#
0'
b1110 &
b1110 U
b1001 Z
b11000 "
b11000 Y
1.
#7676000
b10000110 8
b10000110 Q
b110 0
b10000110 5
b1010110100 F
b10 :
b110000111 L
b110000111 H
b1110 I
b101101001 J
#7680000
0.
#7685000
b1010 T
b1101 &
b1101 U
b1010 Z
b110 "
b110 Y
1.
#7686000
0P
1R
04
b111100 8
b111100 Q
19
0/
03
17
b111100 5
01
12
b1010110101 F
b11 :
b110001000 L
b110001000 H
b1101 I
b101101010 J
#7690000
0.
#7695000
b1000 S
b1110 &
b1110 U
b11000 [
1.
#7696000
1P
14
b1011000 8
b1011000 Q
1/
b100010 0
13
b1011000 5
11
b1010110110 F
b0 :
b1 ;
b110100101 O
b1110 I
b101111000 K
#7700000
0.
#7705000
b1001 S
b1011 T
b11001 [
b1110 &
b1110 U
b1011 Z
b100010 "
b100010 Y
1.
#7706000
0P
04
b10000000 8
b10000000 Q
0/
03
b10000000 5
01
b1010110111 F
b1 :
b10 ;
b11001100 C
b110001001 L
b110001001 H
b101101011 J
b110100110 O
b1110 I
b101111001 K
#7710000
0.
#7715000
b1010 S
1'
b1111 &
b1111 U
b11010 [
1.
#7716000
b101101 8
b101101 Q
b101101 5
b1010111000 F
b0 :
b11 ;
b10011 =
b110100111 O
b1111 I
b101111010 K
#7720000
0.
#7725000
0R
1$
b1011 S
0'
b10000 &
b10000 U
b11011 [
1.
#7726000
1P
14
b11010010 8
b11010010 Q
1/
b111111 0
13
07
b11010010 5
11
b1010111001 F
b1010011 ?
b100 ;
b1101 A
b110101000 O
b10000 I
b101111011 K
#7730000
0.
#7735000
1R
0$
b1100 T
1#
1'
b1111 &
b1111 U
b1100 Z
b111111 "
b111111 Y
1.
#7736000
0R
b11000 8
b11000 Q
09
b11010101 0
b11000 5
02
b1010111010 F
b1 :
b0 ;
b11 D
b10100 =
b110001010 L
b110001010 H
b1111 I
b101101100 J
b1010 E
b1010 G
#7740000
0.
#7745000
b1101 T
0'
b1110 &
b1110 U
b1101 Z
b11010101 "
b11010101 Y
0#
1.
#7746000
1R
b1110001 8
b1110001 Q
19
b10001000 0
17
b1110001 5
12
b1010111011 F
b10 :
b110001011 L
b110001011 H
b1110 I
b101101101 J
#7750000
0.
#7755000
b1110 T
b1100 S
b1110 Z
b10001000 "
b10001000 Y
0'
b1110 &
b1110 U
b11100 [
1.
#7756000
b101110 8
b101110 Q
b100000 0
b101110 5
b1010111100 F
b11 :
b1 ;
b11001101 C
b110001100 L
b110001100 H
b101101110 J
b110101001 O
b1110 I
b101111100 K
#7760000
0.
#7765000
b1101 S
b1111 T
b11101 [
b1110 &
b1110 U
b1111 Z
b100000 "
b100000 Y
1.
#7766000
0R
b111011 8
b111011 Q
09
b1010010 0
07
b111011 5
02
b1010111101 F
b1001101 >
b100 :
b10 ;
b11001110 C
b110001101 L
b110001101 H
b101101111 J
b110101010 O
b1110 I
b101111101 K
#7770000
0.
#7775000
b0 T
b1101 &
b1101 U
b10000 Z
b1010010 "
b1010010 Y
1.
#7776000
1R
b11011011 8
b11011011 Q
19
b101 0
17
b11011011 5
12
b1010111110 F
b1001110 >
b101 :
b0 ;
b110001110 L
b110001110 H
b1101 I
b101110000 J
#7780000
0.
#7785000
b1110 S
b1 T
b11110 [
b1101 &
b1101 U
b10001 Z
b101 "
b101 Y
1.
#7786000
b11111111 8
b11111111 Q
b1111110 0
b11111111 5
b1010111111 F
b1001111 >
b110 :
b1 ;
b11001111 C
b110001111 L
b110001111 H
b101110001 J
b110101011 O
b1101 I
b101111110 K
#7790000
0.
#7795000
b10 T
b1111 S
b10010 Z
b1111110 "
b1111110 Y
b1101 &
b1101 U
b11111 [
1.
#7796000
0P
04
b10110 8
b10110 Q
0/
03
b10110 5
01
b1011000000 F
b1010000 >
b111 :
b10 ;
b11010000 C
b110010000 L
b110010000 H
b101110010 J
b110101100 O
b1101 I
b101111111 K
#7800000
0.
#7805000
b0 S
b1110 &
b1110 U
b0 [
1.
#7806000
b10010 8
b10010 Q
b10010 5
b1011000001 F
b0 :
b11 ;
b110101101 O
b1110 I
b110000000 K
#7810000
0.
#7815000
b1 S
1'
b1111 &
b1111 U
b1 [
1.
#7816000
1P
14
b1000 8
b1000 Q
1/
b10011100 0
13
b1000 5
11
b1011000010 F
b1010100 ?
b100 ;
b10101 =
b110101110 O
b1111 I
b110000001 K
#7820000
0.
#7825000
b10 S
b11 T
b10 [
1'
b1111 &
b1111 U
b10011 Z
b10011100 "
b10011100 Y
1.
#7826000
b10110101 8
b10110101 Q
b10000111 0
b10110101 5
b1011000011 F
b1010101 ?
b1 :
b101 ;
b11010001 C
b10110 =
b110010001 L
b110010001 H
b101110011 J
b110101111 O
b1111 I
b110000010 K
#7830000
0.
#7835000
b100 T
b11 S
b10100 Z
b10000111 "
b10000111 Y
1'
b1111 &
b1111 U
b11 [
1.
#7836000
0P
04
b110110 8
b110110 Q
0/
03
b110110 5
01
b1011000100 F
b1010110 ?
b10 :
b110 ;
b11010010 C
b10111 =
b110010010 L
b110010010 H
b101110100 J
b110110000 O
b1111 I
b110000011 K
#7840000
0.
#7845000
0R
1$
b100 S
0'
b10000 &
b10000 U
b100 [
1.
#7846000
1P
14
b11010111 8
b11010111 Q
1/
b1101100 0
13
07
b11010111 5
11
b1011000101 F
b1010111 ?
b0 :
b111 ;
b1110 A
b110110001 O
b10000 I
b110000100 K
#7850000
0.
#7855000
1R
0$
b101 T
1#
1'
b1111 &
b1111 U
b10101 Z
b1101100 "
b1101100 Y
1.
#7856000
b110011 8
b110011 Q
b11100110 0
17
b110011 5
b1011000110 F
b1 :
b0 ;
b100 D
b11000 =
b110010011 L
b110010011 H
b1111 I
b101110101 J
b1011 E
b1011 G
#7860000
0.
#7865000
b101 S
b110 T
b101 [
1'
b1111 &
b1111 U
b10110 Z
b11100110 "
b11100110 Y
0#
1.
#7866000
b1100100 8
b1100100 Q
b10101001 0
b1100100 5
b1011000111 F
b10 :
b1 ;
b11010011 C
b11001 =
b110010100 L
b110010100 H
b101110110 J
b110110010 O
b1111 I
b110000101 K
#7870000
0.
#7875000
b111 T
b110 S
b10111 Z
b10101001 "
b10101001 Y
1'
b1111 &
b1111 U
b110 [
1.
#7876000
0P
0R
04
b1111000 8
b1111000 Q
09
0/
03
07
b1111000 5
01
02
b1011001000 F
b11 :
b10 ;
b11010100 C
b11010 =
b110010101 L
b110010101 H
b101110111 J
b110110011 O
b1111 I
b110000110 K
#7880000
0.
#7885000
1.
#7886000
1P
14
b101011 8
b101011 Q
1/
b111100 0
13
b101011 5
11
b1011001001 F
b0 :
b0 ;
b11011 =
#7890000
0.
#7895000
b1000 T
0'
b1110 &
b1110 U
b11000 Z
b111100 "
b111100 Y
1.
#7896000
0P
04
b11111000 8
b11111000 Q
0/
03
b11111000 5
01
b1011001010 F
b1 :
b110010110 L
b110010110 H
b1110 I
b101111000 J
#7900000
0.
#7905000
1.
#7906000
1P
1R
14
b10001011 8
b10001011 Q
19
1/
b1011000 0
13
17
b10001011 5
11
12
b1011001011 F
b0 :
#7910000
0.
#7915000
b1001 T
b111 S
b11001 Z
b1011000 "
b1011000 Y
0'
b1110 &
b1110 U
b111 [
1.
#7916000
b1110101 8
b1110101 Q
b10000000 0
b1110101 5
b1011001100 F
b1 :
b1 ;
b11010101 C
b110010111 L
b110010111 H
b101111001 J
b110110100 O
b1110 I
b110000111 K
#7920000
0.
#7925000
b1000 S
b1010 T
b1000 [
b1110 &
b1110 U
b11010 Z
b10000000 "
b10000000 Y
1.
#7926000
0P
0R
04
b1111010 8
b1111010 Q
09
0/
03
07
b1111010 5
01
02
b1011001101 F
b10 :
b10 ;
b11010110 C
b110011000 L
b110011000 H
b101111010 J
b110110101 O
b1110 I
b110001000 K
#7930000
0.
#7935000
1.
#7936000
1P
14
b1101101 8
b1101101 Q
1/
b101101 0
13
b1101101 5
11
b1011001110 F
b0 :
b0 ;
#7940000
0.
#7945000
b1011 T
b1101 &
b1101 U
b11011 Z
b101101 "
b101101 Y
1.
#7946000
1R
b11000001 8
b11000001 Q
19
b1110001 0
17
b11000001 5
12
b1011001111 F
b1 :
b110011001 L
b110011001 H
b1101 I
b101111011 J
#7950000
0.
#7955000
b1100 T
b1001 S
b11100 Z
b1110001 "
b1110001 Y
b1101 &
b1101 U
b1001 [
1.
#7956000
0P
04
b10001110 8
b10001110 Q
0/
03
b10001110 5
01
b1011010000 F
b10 :
b1 ;
b11010111 C
b110011010 L
b110011010 H
b101111100 J
b110110110 O
b1101 I
b110001001 K
#7960000
0.
#7965000
b1010 S
b1110 &
b1110 U
b1010 [
1.
#7966000
0R
b110010 8
b110010 Q
09
07
b110010 5
02
b1011010001 F
b0 :
b10 ;
b110110111 O
b1110 I
b110001010 K
#7970000
0.
#7975000
1.
#7976000
1R
b11000000 8
b11000000 Q
19
17
b11000000 5
12
b1011010010 F
b0 ;
#7980000
0.
#7985000
b1011 S
1'
b1111 &
b1111 U
b1011 [
1.
#7986000
b10011001 8
b10011001 Q
b10011001 5
b1011010011 F
b1 ;
b11100 =
b110111000 O
b1111 I
b110001011 K
#7990000
0.
#7995000
0R
1$
b1100 S
0'
b10000 &
b10000 U
b1100 [
1.
#7996000
b10011111 8
b10011111 Q
07
b10011111 5
b1011010100 F
b10 ;
b1111 A
b110111001 O
b10000 I
b110001100 K
#8000000
0.
#8005000
1#
1.
#8006000
b1010110 8
b1010110 Q
09
b1010110 5
02
b1011010101 F
b0 ;
b10000 A
b1100 E
b1100 G
#8010000
0.
#8015000
0#
1.
#8016000
1P
14
b1101100 8
b1101100 Q
1/
b101110 0
13
b1101100 5
11
b1011010110 F
b10001 A
#8020000
0.
#8025000
0$
b1101 T
1'
b1111 &
b1111 U
b11101 Z
b101110 "
b101110 Y
1.
#8026000
0P
1R
04
b110011 8
b110011 Q
19
0/
03
17
b110011 5
01
12
b1011010111 F
b1 :
b11101 =
b110011011 L
b110011011 H
b1111 I
b101111101 J
#8030000
0.
#8035000
0R
1$
b1101 S
0'
b10000 &
b10000 U
b1101 [
1.
#8036000
1P
14
b1110100 8
b1110100 Q
1/
b11011011 0
13
07
b1110100 5
11
b1011011000 F
b0 :
b1 ;
b10010 A
b110111010 O
b10000 I
b110001101 K
#8040000
0.
#8045000
1R
0$
b1110 T
1'
b1111 &
b1111 U
b11110 Z
b11011011 "
b11011011 Y
1#
1.
#8046000
0P
04
b11111001 8
b11111001 Q
0/
03
17
b11111001 5
01
b1011011001 F
b1 :
b0 ;
b101 D
b11110 =
b110011100 L
b110011100 H
b1111 I
b101111110 J
b1101 E
b1101 G
#8050000
0.
#8055000
0R
1$
b1110 S
0#
0'
b10000 &
b10000 U
b1110 [
1.
#8056000
1P
14
b101110 8
b101110 Q
1/
b11111111 0
13
07
b101110 5
11
b1011011010 F
b0 :
b1 ;
b10011 A
b110111011 O
b10000 I
b110001110 K
#8060000
0.
#8065000
1R
0$
b1111 T
1'
b1111 &
b1111 U
b11111 Z
b11111111 "
b11111111 Y
1#
1.
#8066000
0P
04
b1110011 8
b1110011 Q
0/
03
17
b1110011 5
01
b1011011011 F
b1 :
b0 ;
b110 D
b11111 =
b110011101 L
b110011101 H
b1111 I
b101111111 J
b1110 E
b1110 G
#8070000
0.
#8075000
0R
1$
b1111 S
0#
0'
b10000 &
b10000 U
b1111 [
1.
#8076000
1P
14
b11110 8
b11110 Q
09
1/
b10110 0
13
07
b11110 5
11
02
b1011011100 F
b0 :
b1 ;
b10100 A
b110111100 O
b10000 I
b110001111 K
#8080000
0.
#8085000
0$
b0 T
1'
b1111 &
b1111 U
b0 Z
b10110 "
b10110 Y
1.
#8086000
1R
b1010 8
b1010 Q
19
b10010 0
17
b1010 5
12
b1011011101 F
b1 :
b0 ;
b100000 =
b110011110 L
b110011110 H
b1111 I
b110000000 J
#8090000
0.
#8095000
b1 T
b0 S
b1 Z
b10010 "
b10010 Y
1'
b1111 &
b1111 U
b10000 [
1.
#8096000
b10010101 8
b10010101 Q
b1000 0
b10010101 5
b1011011110 F
b10 :
b1 ;
b11011000 C
b100001 =
b110011111 L
b110011111 H
b110000001 J
b110111101 O
b1111 I
b110010000 K
#8100000
0.
#8105000
b1 S
b10 T
b10001 [
1'
b1111 &
b1111 U
b10 Z
b1000 "
b1000 Y
1.
#8106000
b10001001 8
b10001001 Q
b10110101 0
b10001001 5
b1011011111 F
b11 :
b10 ;
b11011001 C
b100010 =
b110100000 L
b110100000 H
b110000010 J
b110111110 O
b1111 I
b110010001 K
#8110000
0.
#8115000
b11 T
b10 S
b11 Z
b10110101 "
b10110101 Y
1'
b1111 &
b1111 U
b10010 [
1.
#8116000
0P
04
b11011010 8
b11011010 Q
0/
03
b11011010 5
01
b1011100000 F
b1010001 >
b100 :
b11 ;
b11011010 C
b100011 =
b110100001 L
b110100001 H
b110000011 J
b110111111 O
b1111 I
b110010010 K
#8120000
0.
#8125000
0R
1$
b11 S
0'
b10000 &
b10000 U
b10011 [
1.
#8126000
1P
14
b1101001 8
b1101001 Q
1/
b110110 0
13
07
b1101001 5
11
b1011100001 F
b1011000 ?
b0 :
b100 ;
b10101 A
b111000000 O
b10000 I
b110010011 K
#8130000
0.
#8135000
1R
0$
b100 T
1#
1'
b1111 &
b1111 U
b100 Z
b110110 "
b110110 Y
1.
#8136000
0R
b11010100 8
b11010100 Q
09
b110011 0
b11010100 5
02
b1011100010 F
b1 :
b0 ;
b111 D
b100100 =
b110100010 L
b110100010 H
b1111 I
b110000100 J
b1111 E
b1111 G
#8140000
0.
#8145000
b101 T
0'
b1110 &
b1110 U
b101 Z
b110011 "
b110011 Y
0#
1.
#8146000
1R
b1000110 8
b1000110 Q
19
b1100100 0
17
b1000110 5
12
b1011100011 F
b10 :
b110100011 L
b110100011 H
b1110 I
b110000101 J
#8150000
0.
#8155000
b110 T
b100 S
b110 Z
b1100100 "
b1100100 Y
0'
b1110 &
b1110 U
b10100 [
1.
#8156000
0R
b11010 8
b11010 Q
09
b10001011 0
07
b11010 5
02
b1011100100 F
b11 :
b1 ;
b11011011 C
b110100100 L
b110100100 H
b110000110 J
b111000001 O
b1110 I
b110010100 K
#8160000
0.
#8165000
b111 T
b1101 &
b1101 U
b111 Z
b10001011 "
b10001011 Y
1.
#8166000
0P
1R
04
b110100 8
b110100 Q
19
0/
03
17
b110100 5
01
12
b1011100101 F
b1010010 >
b100 :
b0 ;
b110100101 L
b110100101 H
b1101 I
b110000111 J
#8170000
0.
#8175000
b101 S
b1110 &
b1110 U
b10101 [
1.
#8176000
1P
14
b111100 8
b111100 Q
1/
b1110101 0
13
b111100 5
11
b1011100110 F
b0 :
b1 ;
b111000010 O
b1110 I
b110010101 K
#8180000
0.
#8185000
b110 S
b1000 T
b10110 [
b1110 &
b1110 U
b1000 Z
b1110101 "
b1110101 Y
1.
#8186000
0P
04
b1101010 8
b1101010 Q
0/
03
b1101010 5
01
b1011100111 F
b1 :
b10 ;
b11011100 C
b110100110 L
b110100110 H
b110001000 J
b111000011 O
b1110 I
b110010110 K
#8190000
0.
#8195000
b111 S
1'
b1111 &
b1111 U
b10111 [
1.
#8196000
0R
b11100111 8
b11100111 Q
09
07
b11100111 5
02
b1011101000 F
b0 :
b11 ;
b100101 =
b111000100 O
b1111 I
b110010111 K
#8200000
0.
#8205000
1.
#8206000
1P
1R
14
b11001101 8
b11001101 Q
19
1/
b11000001 0
13
17
b11001101 5
11
12
b1011101001 F
b0 ;
b100110 =
#8210000
0.
#8215000
b1001 T
b1000 S
b1001 Z
b11000001 "
b11000001 Y
1'
b1111 &
b1111 U
b11000 [
1.
#8216000
0P
0R
04
b10000011 8
b10000011 Q
09
0/
03
07
b10000011 5
01
02
b1011101010 F
b1 :
b1 ;
b11011101 C
b100111 =
b110100111 L
b110100111 H
b110001001 J
b111000101 O
b1111 I
b110011000 K
#8220000
0.
#8225000
1.
#8226000
1R
b11101101 8
b11101101 Q
19
17
b11101101 5
12
b1011101011 F
b0 :
b0 ;
b101000 =
#8230000
0.
#8235000
0R
1$
b1001 S
0'
b10000 &
b10000 U
b11001 [
1.
#8236000
b10110010 8
b10110010 Q
09
07
b10110010 5
02
b1011101100 F
b1 ;
b10110 A
b111000110 O
b10000 I
b110011001 K
#8240000
0.
#8245000
1.
#8246000
b11110011 8
b11110011 Q
19
b11110011 5
12
b1011101101 F
b0 ;
b10111 A
#8250000
0.
#8255000
1#
1.
#8256000
1P
14
b10110110 8
b10110110 Q
1/
b10001110 0
13
b10110110 5
11
b1011101110 F
b11000 A
b10000 E
b10000 G
#8260000
0.
#8265000
1R
0$
b1010 T
1'
b1111 &
b1111 U
b1010 Z
b10001110 "
b10001110 Y
1.
#8266000
b11100000 8
b11100000 Q
b11000000 0
17
b11100000 5
b1011101111 F
b1 :
b1000 D
b101001 =
b110101000 L
b110101000 H
b1111 I
b110001010 J
b10001 E
b10001 G
#8270000
0.
#8275000
b1011 T
b1010 S
0#
b1011 Z
b11000000 "
b11000000 Y
1'
b1111 &
b1111 U
b11010 [
1.
#8276000
b1000101 8
b1000101 Q
b10011001 0
b1000101 5
b1011110000 F
b10 :
b1 ;
b11011110 C
b101010 =
b110101001 L
b110101001 H
b110001011 J
b111000111 O
b1111 I
b110011010 K
#8280000
0.
#8285000
b1011 S
b1100 T
b11011 [
1'
b1111 &
b1111 U
b1100 Z
b10011001 "
b10011001 Y
1.
#8286000
b1011 8
b1011 Q
b110011 0
b1011 5
b1011110001 F
b11 :
b10 ;
b11011111 C
b101011 =
b110101010 L
b110101010 H
b110001100 J
b111001000 O
b1111 I
b110011011 K
#8290000
0.
#8295000
b1101 T
b1100 S
b1101 Z
b110011 "
b110011 Y
1'
b1111 &
b1111 U
b11100 [
1.
#8296000
0P
0R
04
b1111100 8
b1111100 Q
09
0/
03
07
b1111100 5
01
02
b1011110010 F
b1010011 >
b100 :
b11 ;
b11100000 C
b101100 =
b110101011 L
b110101011 H
b110001101 J
b111001001 O
b1111 I
b110011100 K
#8300000
0.
#8305000
1.
#8306000
b1110111 8
b1110111 Q
b1110111 5
b1011110011 F
b0 :
b0 ;
b101101 =
#8310000
0.
#8315000
1.
#8316000
1P
14
b1100100 8
b1100100 Q
1/
b11111001 0
13
b1100100 5
11
b1011110100 F
b101110 =
#8320000
0.
#8325000
b1110 T
0'
b1110 &
b1110 U
b1110 Z
b11111001 "
b11111001 Y
1.
#8326000
0P
1R
04
b1011001 8
b1011001 Q
19
0/
03
17
b1011001 5
01
12
b1011110101 F
b1 :
b110101100 L
b110101100 H
b1110 I
b110001110 J
#8330000
0.
#8335000
b1101 S
1'
b1111 &
b1111 U
b11101 [
1.
#8336000
1P
14
b11001 8
b11001 Q
1/
b1110011 0
13
b11001 5
11
b1011110110 F
b0 :
b1 ;
b101111 =
b111001010 O
b1111 I
b110011101 K
#8340000
0.
#8345000
b1110 S
b1111 T
b11110 [
1'
b1111 &
b1111 U
b1111 Z
b1110011 "
b1110011 Y
1.
#8346000
0P
04
b1010110 8
b1010110 Q
0/
03
b1010110 5
01
b1011110111 F
b1 :
b10 ;
b11100001 C
b110000 =
b110101101 L
b110101101 H
b110001111 J
b111001011 O
b1111 I
b110011110 K
#8350000
0.
#8355000
0R
1$
b1111 S
0'
b10000 &
b10000 U
b11111 [
1.
#8356000
b1100011 8
b1100011 Q
07
b1100011 5
b1011111000 F
b0 :
b11 ;
b11001 A
b111001100 O
b10000 I
b110011111 K
#8360000
0.
#8365000
1#
1.
#8366000
b11010010 8
b11010010 Q
09
b11010010 5
02
b1011111001 F
b0 ;
b11010 A
b10010 E
b10010 G
#8370000
0.
#8375000
0#
1.
#8376000
1P
14
b1000100 8
b1000100 Q
1/
b1010 0
13
b1000100 5
11
b1011111010 F
b11011 A
#8380000
0.
#8385000
0$
b0 T
1'
b1111 &
b1111 U
b10000 Z
b1010 "
b1010 Y
1.
#8386000
1R
b100000 8
b100000 Q
19
b10010101 0
17
b100000 5
12
b1011111011 F
b1 :
b110001 =
b110101110 L
b110101110 H
b1111 I
b110010000 J
#8390000
0.
#8395000
b1 T
b0 S
b10001 Z
b10010101 "
b10010101 Y
1'
b1111 &
b1111 U
b0 [
1.
#8396000
0P
0R
04
b10100110 8
b10100110 Q
09
0/
03
07
b10100110 5
01
02
b1011111100 F
b10 :
b1 ;
b11100010 C
b110010 =
b110101111 L
b110101111 H
b110010001 J
b111001101 O
b1111 I
b110100000 K
#8400000
0.
#8405000
1.
#8406000
1R
b11001110 8
b11001110 Q
19
17
b11001110 5
12
b1011111101 F
b0 :
b0 ;
b110011 =
#8410000
0.
#8415000
0R
1$
b1 S
0'
b10000 &
b10000 U
b1 [
1.
#8416000
1P
14
b10111001 8
b10111001 Q
1/
b10001001 0
13
07
b10111001 5
11
b1011111110 F
b1 ;
b11100 A
b111001110 O
b10000 I
b110100001 K
#8420000
0.
#8425000
1R
0$
b10 T
1'
b1111 &
b1111 U
b10010 Z
b10001001 "
b10001001 Y
1#
1.
#8426000
0P
0R
04
b110 8
b110 Q
09
0/
03
b110 5
01
02
b1011111111 F
b1 :
b0 ;
b1001 D
b110100 =
b110110000 L
b110110000 H
b1111 I
b110010010 J
b10011 E
b10011 G
#8430000
0.
#8435000
0#
1.
#8436000
1P
14
b11100111 8
b11100111 Q
1/
b11011010 0
13
b11100111 5
11
b1100000000 F
b0 :
b110101 =
#8440000
0.
#8445000
b11 T
0'
b1110 &
b1110 U
b10011 Z
b11011010 "
b11011010 Y
1.
#8446000
1R
b10110001 8
b10110001 Q
19
b1000110 0
17
b10110001 5
12
b1100000001 F
b1 :
b110110001 L
b110110001 H
b1110 I
b110010011 J
#8450000
0.
#8455000
b100 T
b10 S
b10100 Z
b1000110 "
b1000110 Y
0'
b1110 &
b1110 U
b10 [
1.
#8456000
0P
04
b111001 8
b111001 Q
0/
03
b111001 5
01
b1100000010 F
b10 :
b1 ;
b11100011 C
b110110010 L
b110110010 H
b110010100 J
b111001111 O
b1110 I
b110100010 K
#8460000
0.
#8465000
b11 S
1'
b1111 &
b1111 U
b11 [
1.
#8466000
1P
14
b10110010 8
b10110010 Q
1/
b110100 0
13
b10110010 5
11
b1100000011 F
b0 :
b10 ;
b110110 =
b111010000 O
b1111 I
b110100011 K
#8470000
0.
#8475000
b101 T
b100 S
b10101 Z
b110100 "
b110100 Y
1'
b1111 &
b1111 U
b100 [
1.
#8476000
0P
04
b10101110 8
b10101110 Q
0/
03
b10101110 5
01
b1100000100 F
b1 :
b11 ;
b11100100 C
b110111 =
b110110011 L
b110110011 H
b110010101 J
b111010001 O
b1111 I
b110100100 K
#8480000
0.
#8485000
0R
1$
b101 S
0'
b10000 &
b10000 U
b101 [
1.
#8486000
1P
14
b1100011 8
b1100011 Q
1/
b111100 0
13
07
b1100011 5
11
b1100000101 F
b1011001 ?
b0 :
b100 ;
b11101 A
b111010010 O
b10000 I
b110100101 K
#8490000
0.
#8495000
1R
0$
b110 T
1#
1'
b1111 &
b1111 U
b10110 Z
b111100 "
b111100 Y
1.
#8496000
b1000100 8
b1000100 Q
b1101010 0
17
b1000100 5
b1100000110 F
b1 :
b0 ;
b1010 D
b111000 =
b110110100 L
b110110100 H
b1111 I
b110010110 J
b10100 E
b10100 G
#8500000
0.
#8505000
b110 S
b111 T
b110 [
1'
b1111 &
b1111 U
b10111 Z
b1101010 "
b1101010 Y
0#
1.
#8506000
b11011010 8
b11011010 Q
b11001101 0
b11011010 5
b1100000111 F
b10 :
b1 ;
b11100101 C
b111001 =
b110110101 L
b110110101 H
b110010111 J
b111010011 O
b1111 I
b110100110 K
#8510000
0.
#8515000
b1000 T
b111 S
b11000 Z
b11001101 "
b11001101 Y
1'
b1111 &
b1111 U
b111 [
1.
#8516000
b1001101 8
b1001101 Q
b11101101 0
b1001101 5
b1100001000 F
b11 :
b10 ;
b11100110 C
b111010 =
b110110110 L
b110110110 H
b110011000 J
b111010100 O
b1111 I
b110100111 K
#8520000
0.
#8525000
b1000 S
b1001 T
b1000 [
1'
b1111 &
b1111 U
b11001 Z
b11101101 "
b11101101 Y
1.
#8526000
b100100 8
b100100 Q
b11100000 0
b100100 5
b1100001001 F
b1010100 >
b100 :
b11 ;
b11100111 C
b111011 =
b110110111 L
b110110111 H
b110011001 J
b111010101 O
b1111 I
b110101000 K
#8530000
0.
#8535000
b1010 T
b1001 S
b11010 Z
b11100000 "
b11100000 Y
1'
b1111 &
b1111 U
b1001 [
1.
#8536000
0P
04
b11001010 8
b11001010 Q
0/
03
b11001010 5
01
b1100001010 F
b1010101 >
b1011010 ?
b101 :
b100 ;
b11101000 C
b111100 =
b110111000 L
b110111000 H
b110011010 J
b111010110 O
b1111 I
b110101001 K
#8540000
0.
#8545000
0R
1$
b1010 S
0'
b10000 &
b10000 U
b1010 [
1.
#8546000
b1100001 8
b1100001 Q
09
07
b1100001 5
02
b1100001011 F
b1011011 ?
b0 :
b101 ;
b11110 A
b111010111 O
b10000 I
b110101010 K
#8550000
0.
#8555000
1.
#8556000
1P
14
b1101001 8
b1101001 Q
1/
b1000101 0
13
b1101001 5
11
b1100001100 F
b0 ;
b11111 A
#8560000
0.
#8565000
0$
b1011 T
1'
b1111 &
b1111 U
b11011 Z
b1000101 "
b1000101 Y
1.
#8566000
1R
b10101 8
b10101 Q
19
b1011 0
17
b10101 5
12
b1100001101 F
b1 :
b111101 =
b110111001 L
b110111001 H
b1111 I
b110011011 J
#8570000
0.
#8575000
b1100 T
b1011 S
b11100 Z
b1011 "
b1011 Y
1'
b1111 &
b1111 U
b1011 [
1.
#8576000
0R
b10011101 8
b10011101 Q
09
b1011001 0
07
b10011101 5
02
b1100001110 F
b10 :
b1 ;
b11101001 C
b111110 =
b110111010 L
b110111010 H
b110011100 J
b111011000 O
b1111 I
b110101011 K
#8580000
0.
#8585000
b1101 T
0'
b1110 &
b1110 U
b11101 Z
b1011001 "
b1011001 Y
1.
#8586000
1R
b10111010 8
b10111010 Q
19
b11001 0
17
b10111010 5
12
b1100001111 F
b11 :
b0 ;
b110111011 L
b110111011 H
b1110 I
b110011101 J
#8590000
0.
#8595000
b1110 T
b1100 S
b11110 Z
b11001 "
b11001 Y
0'
b1110 &
b1110 U
b1100 [
1.
#8596000
0R
b10111001 8
b10111001 Q
09
b1010110 0
07
b10111001 5
02
b1100010000 F
b1010110 >
b100 :
b1 ;
b11101010 C
b110111100 L
b110111100 H
b110011110 J
b111011001 O
b1110 I
b110101100 K
#8600000
0.
#8605000
b1111 T
b1101 &
b1101 U
b11111 Z
b1010110 "
b1010110 Y
1.
#8606000
0P
04
b10001100 8
b10001100 Q
0/
03
b10001100 5
01
b1100010001 F
b1010111 >
b101 :
b0 ;
b110111101 L
b110111101 H
b1101 I
b110011111 J
#8610000
0.
#8615000
1.
#8616000
1R
b1100101 8
b1100101 Q
19
17
b1100101 5
12
b1100010010 F
b0 :
#8620000
0.
#8625000
b1101 S
b1110 &
b1110 U
b1101 [
1.
#8626000
0R
b1111 8
b1111 Q
09
07
b1111 5
02
b1100010011 F
b1 ;
b111011010 O
b1110 I
b110101101 K
#8630000
0.
#8635000
1.
#8636000
b10100111 8
b10100111 Q
b10100111 5
b1100010100 F
b0 ;
#8640000
0.
#8645000
1.
#8646000
1R
b11111110 8
b11111110 Q
19
17
b11111110 5
12
b1100010101 F
#8650000
0.
#8655000
b1110 S
1'
b1111 &
b1111 U
b1110 [
1.
#8656000
0R
b1011100 8
b1011100 Q
09
07
b1011100 5
02
b1100010110 F
b1 ;
b111111 =
b111011011 O
b1111 I
b110101110 K
#8660000
0.
#8665000
1.
#8666000
1P
1R
14
b1001010 8
b1001010 Q
19
1/
b100000 0
13
17
b1001010 5
11
12
b1100010111 F
b0 ;
b1000000 =
#8670000
0.
#8675000
b0 T
b1111 S
b0 Z
b100000 "
b100000 Y
1'
b1111 &
b1111 U
b1111 [
1.
#8676000
b11110100 8
b11110100 Q
b11001110 0
b11110100 5
b1100011000 F
b1 :
b1 ;
b11101011 C
b1000001 =
b110111110 L
b110111110 H
b110100000 J
b111011100 O
b1111 I
b110101111 K
#8680000
0.
#8685000
b0 S
b1 T
b10000 [
1'
b1111 &
b1111 U
b1 Z
b11001110 "
b11001110 Y
1.
#8686000
0P
04
b11100 8
b11100 Q
0/
03
b11100 5
01
b1100011001 F
b10 :
b10 ;
b11101100 C
b1000010 =
b110111111 L
b110111111 H
b110100001 J
b111011101 O
b1111 I
b110110000 K
#8690000
0.
#8695000
0R
1$
b1 S
0'
b10000 &
b10000 U
b10001 [
1.
#8696000
b10010 8
b10010 Q
07
b10010 5
b1100011010 F
b0 :
b11 ;
b100000 A
b111011110 O
b10000 I
b110110001 K
#8700000
0.
#8705000
1#
1.
#8706000
1P
14
b101 8
b101 Q
09
1/
b10110001 0
13
b101 5
11
02
b1100011011 F
b0 ;
b100001 A
b10101 E
b10101 G
#8710000
0.
#8715000
0$
b10 T
0#
1'
b1111 &
b1111 U
b10 Z
b10110001 "
b10110001 Y
1.
#8716000
0P
04
b1110011 8
b1110011 Q
0/
03
b1110011 5
01
b1100011100 F
b1 :
b1000011 =
b111000000 L
b111000000 H
b1111 I
b110100010 J
#8720000
0.
#8725000
1.
#8726000
1P
1R
14
b1110110 8
b1110110 Q
19
1/
b111001 0
13
17
b1110110 5
11
12
b1100011101 F
b0 :
b1000100 =
#8730000
0.
#8735000
b11 T
b10 S
b11 Z
b111001 "
b111001 Y
1'
b1111 &
b1111 U
b10010 [
1.
#8736000
0R
b101 8
b101 Q
09
b10110010 0
07
b101 5
02
b1100011110 F
b1 :
b1 ;
b11101101 C
b1000101 =
b111000001 L
b111000001 H
b110100011 J
b111011111 O
b1111 I
b110110010 K
#8740000
0.
#8745000
b100 T
0'
b1110 &
b1110 U
b100 Z
b10110010 "
b10110010 Y
1.
#8746000
0P
1R
04
b10101 8
b10101 Q
19
0/
03
17
b10101 5
01
12
b1100011111 F
b10 :
b0 ;
b111000010 L
b111000010 H
b1110 I
b110100100 J
#8750000
0.
#8755000
b11 S
1'
b1111 &
b1111 U
b10011 [
1.
#8756000
1P
14
b10100001 8
b10100001 Q
1/
b10101110 0
13
b10100001 5
11
b1100100000 F
b0 :
b1 ;
b1000110 =
b111100000 O
b1111 I
b110110011 K
#8760000
0.
#8765000
b100 S
b101 T
b10100 [
1'
b1111 &
b1111 U
b101 Z
b10101110 "
b10101110 Y
1.
#8766000
0P
04
b10110001 8
b10110001 Q
0/
03
b10110001 5
01
b1100100001 F
b1 :
b10 ;
b11101110 C
b1000111 =
b111000011 L
b111000011 H
b110100101 J
b111100001 O
b1111 I
b110110100 K
#8770000
0.
#8775000
0R
1$
b101 S
0'
b10000 &
b10000 U
b10101 [
1.
#8776000
1P
14
b11000010 8
b11000010 Q
1/
b1000100 0
13
07
b11000010 5
11
b1100100010 F
b0 :
b11 ;
b100010 A
b111100010 O
b10000 I
b110110101 K
#8780000
0.
#8785000
1R
0$
b110 T
1'
b1111 &
b1111 U
b110 Z
b1000100 "
b1000100 Y
1#
1.
#8786000
0P
04
b10100 8
b10100 Q
0/
03
17
b10100 5
01
b1100100011 F
b1 :
b0 ;
b1011 D
b1001000 =
b111000100 L
b111000100 H
b1111 I
b110100110 J
b10110 E
b10110 G
#8790000
0.
#8795000
0R
1$
b110 S
0#
0'
b10000 &
b10000 U
b10110 [
1.
#8796000
1P
14
b10010111 8
b10010111 Q
1/
b11011010 0
13
07
b10010111 5
11
b1100100100 F
b0 :
b1 ;
b100011 A
b111100011 O
b10000 I
b110110110 K
#8800000
0.
#8805000
1R
0$
b111 T
1'
b1111 &
b1111 U
b111 Z
b11011010 "
b11011010 Y
1#
1.
#8806000
b101100 8
b101100 Q
b1001101 0
17
b101100 5
b1100100101 F
b1 :
b0 ;
b1100 D
b1001001 =
b111000101 L
b111000101 H
b1111 I
b110100111 J
b10111 E
b10111 G
#8810000
0.
#8815000
b1000 T
b111 S
0#
b1000 Z
b1001101 "
b1001101 Y
1'
b1111 &
b1111 U
b10111 [
1.
#8816000
0P
04
b11101100 8
b11101100 Q
0/
03
b11101100 5
01
b1100100110 F
b10 :
b1 ;
b11101111 C
b1001010 =
b111000110 L
b111000110 H
b110101000 J
b111100100 O
b1111 I
b110110111 K
#8820000
0.
#8825000
0R
1$
b1000 S
0'
b10000 &
b10000 U
b11000 [
1.
#8826000
b110001 8
b110001 Q
09
07
b110001 5
02
b1100100111 F
b0 :
b10 ;
b100100 A
b111100101 O
b10000 I
b110111000 K
#8830000
0.
#8835000
1.
#8836000
b10011011 8
b10011011 Q
19
b10011011 5
12
b1100101000 F
b0 ;
b100101 A
#8840000
0.
#8845000
1#
1.
#8846000
1P
14
b10100000 8
b10100000 Q
09
1/
b100100 0
13
b10100000 5
11
02
b1100101001 F
b100110 A
b11000 E
b11000 G
#8850000
0.
#8855000
0$
b1001 T
0#
1'
b1111 &
b1111 U
b1001 Z
b100100 "
b100100 Y
1.
#8856000
0P
04
b1001010 8
b1001010 Q
0/
03
b1001010 5
01
b1100101010 F
b1 :
b1001011 =
b111000111 L
b111000111 H
b1111 I
b110101001 J
#8860000
0.
#8865000
1.
#8866000
1P
14
b110001 8
b110001 Q
1/
b11001010 0
13
b110001 5
11
b1100101011 F
b0 :
b1001100 =
#8870000
0.
#8875000
b1010 T
0'
b1110 &
b1110 U
b1010 Z
b11001010 "
b11001010 Y
1.
#8876000
b1011001 8
b1011001 Q
b10101 0
b1011001 5
b1100101100 F
b1 :
b111001000 L
b111001000 H
b1110 I
b110101010 J
#8880000
0.
#8885000
b1011 T
b1101 &
b1101 U
b1011 Z
b10101 "
b10101 Y
1.
#8886000
0P
04
b11111 8
b11111 Q
0/
03
b11111 5
01
b1100101101 F
b10 :
b111001001 L
b111001001 H
b1101 I
b110101011 J
#8890000
0.
#8895000
1.
#8896000
1P
14
b11001001 8
b11001001 Q
1/
b10111010 0
13
b11001001 5
11
b1100101110 F
b0 :
#8900000
0.
#8905000
b1100 T
b1100 &
b1100 U
b1100 Z
b10111010 "
b10111010 Y
1.
#8906000
0P
04
b1001101 8
b1001101 Q
0/
03
b1001101 5
01
b1100101111 F
b1 :
b111001010 L
b111001010 H
b1100 I
b110101100 J
#8910000
0.
#8915000
1.
#8916000
1P
14
b10000101 8
b10000101 Q
1/
b1100101 0
13
b10000101 5
11
b1100110000 F
b0 :
#8920000
0.
#8925000
b1101 T
b1011 &
b1011 U
b1101 Z
b1100101 "
b1100101 Y
1.
#8926000
0P
1R
04
b1101100 8
b1101100 Q
19
0/
03
17
b1101100 5
01
12
b1100110001 F
b1 :
b111001011 L
b111001011 H
b1011 I
b110101101 J
#8930000
0.
#8935000
b1001 S
b1100 &
b1100 U
b11001 [
1.
#8936000
1P
14
b1101 8
b1101 Q
1/
b11111110 0
13
b1101 5
11
b1100110010 F
b0 :
b1 ;
b111100110 O
b1100 I
b110111001 K
#8940000
0.
#8945000
b1010 S
b1110 T
b11010 [
b1100 &
b1100 U
b1110 Z
b11111110 "
b11111110 Y
1.
#8946000
0R
b1111001 8
b1111001 Q
09
b1001010 0
07
b1111001 5
02
b1100110011 F
b1 :
b10 ;
b11110000 C
b111001100 L
b111001100 H
b110101110 J
b111100111 O
b1100 I
b110111010 K
#8950000
0.
#8955000
b1111 T
b1011 &
b1011 U
b1111 Z
b1001010 "
b1001010 Y
1.
#8956000
0P
1R
04
b1100100 8
b1100100 Q
19
0/
03
17
b1100100 5
01
12
b1100110100 F
b10 :
b0 ;
b111001101 L
b111001101 H
b1011 I
b110101111 J
#8960000
0.
#8965000
b1011 S
b1100 &
b1100 U
b11011 [
1.
#8966000
1P
14
b10011010 8
b10011010 Q
1/
b11110100 0
13
b10011010 5
11
b1100110101 F
b0 :
b1 ;
b111101000 O
b1100 I
b110111011 K
#8970000
0.
#8975000
b0 T
b1100 S
b10000 Z
b11110100 "
b11110100 Y
b1100 &
b1100 U
b11100 [
1.
#8976000
0P
0R
04
b11111100 8
b11111100 Q
09
0/
03
07
b11111100 5
01
02
b1100110110 F
b1 :
b10 ;
b11110001 C
b111001110 L
b111001110 H
b110110000 J
b111101001 O
b1100 I
b110111100 K
#8980000
0.
#8985000
1.
#8986000
1P
1R
14
b101011 8
b101011 Q
19
1/
b11100 0
13
17
b101011 5
11
12
b1100110111 F
b0 :
b0 ;
#8990000
0.
#8995000
b1 T
b1101 S
b10001 Z
b11100 "
b11100 Y
b1100 &
b1100 U
b11101 [
1.
#8996000
b10001100 8
b10001100 Q
b1110110 0
b10001100 5
b1100111000 F
b1 :
b1 ;
b11110010 C
b111001111 L
b111001111 H
b110110001 J
b111101010 O
b1100 I
b110111101 K
#9000000
0.
#9005000
b1110 S
b10 T
b11110 [
b1100 &
b1100 U
b10010 Z
b1110110 "
b1110110 Y
1.
#9006000
0R
b1110101 8
b1110101 Q
09
b10101 0
07
b1110101 5
02
b1100111001 F
b10 :
b10 ;
b11110011 C
b111010000 L
b111010000 H
b110110010 J
b111101011 O
b1100 I
b110111110 K
#9010000
0.
#9015000
b11 T
b1011 &
b1011 U
b10011 Z
b10101 "
b10101 Y
1.
#9016000
1R
b1011111 8
b1011111 Q
19
b10100001 0
17
b1011111 5
12
b1100111010 F
b11 :
b0 ;
b111010001 L
b111010001 H
b1011 I
b110110011 J
#9020000
0.
#9025000
b1111 S
b100 T
b11111 [
b1011 &
b1011 U
b10100 Z
b10100001 "
b10100001 Y
1.
#9026000
0P
04
b10101001 8
b10101001 Q
0/
03
b10101001 5
01
b1100111011 F
b1011000 >
b100 :
b1 ;
b11110100 C
b111010010 L
b111010010 H
b110110100 J
b111101100 O
b1011 I
b110111111 K
#9030000
0.
#9035000
b0 S
b1100 &
b1100 U
b0 [
1.
#9036000
1P
14
b11011011 8
b11011011 Q
1/
b10110001 0
13
b11011011 5
11
b1100111100 F
b0 :
b10 ;
b111101101 O
b1100 I
b111000000 K
#9040000
0.
#9045000
b1 S
b101 T
b1 [
b1100 &
b1100 U
b10101 Z
b10110001 "
b10110001 Y
1.
#9046000
b10000 8
b10000 Q
b10100 0
b10000 5
b1100111101 F
b1 :
b11 ;
b11110101 C
b111010011 L
b111010011 H
b110110101 J
b111101110 O
b1100 I
b111000001 K
#9050000
0.
#9055000
b110 T
b10 S
b10110 Z
b10100 "
b10100 Y
b1100 &
b1100 U
b10 [
1.
#9056000
0P
0R
04
b10000100 8
b10000100 Q
09
0/
03
07
b10000100 5
01
02
b1100111110 F
b1011100 ?
b10 :
b100 ;
b11110110 C
b111010100 L
b111010100 H
b110110110 J
b111101111 O
b1100 I
b111000010 K
#9060000
0.
#9065000
1.
#9066000
1R
b10010001 8
b10010001 Q
19
17
b10010001 5
12
b1100111111 F
b0 :
b0 ;
#9070000
0.
#9075000
b11 S
b1101 &
b1101 U
b11 [
1.
#9076000
0R
b1011001 8
b1011001 Q
09
07
b1011001 5
02
b1101000000 F
b1 ;
b111110000 O
b1101 I
b111000011 K
#9080000
0.
#9085000
1.
#9086000
1P
1R
14
b10001110 8
b10001110 Q
19
1/
b101100 0
13
17
b10001110 5
11
12
b1101000001 F
b0 ;
#9090000
0.
#9095000
b111 T
b100 S
b10111 Z
b101100 "
b101100 Y
b1101 &
b1101 U
b100 [
1.
#9096000
0P
04
b10001001 8
b10001001 Q
0/
03
b10001001 5
01
b1101000010 F
b1 :
b1 ;
b11110111 C
b111010101 L
b111010101 H
b110110111 J
b111110001 O
b1101 I
b111000100 K
#9100000
0.
#9105000
b101 S
b1110 &
b1110 U
b101 [
1.
#9106000
1P
0R
14
b10 8
b10 Q
09
1/
b11101100 0
13
07
b10 5
11
02
b1101000011 F
b0 :
b10 ;
b111110010 O
b1110 I
b111000101 K
#9110000
0.
#9115000
b1000 T
b1101 &
b1101 U
b11000 Z
b11101100 "
b11101100 Y
1.
#9116000
0P
04
b10101000 8
b10101000 Q
0/
03
b10101000 5
01
b1101000100 F
b1 :
b0 ;
b111010110 L
b111010110 H
b1101 I
b110111000 J
#9120000
0.
#9125000
1.
#9126000
1P
14
b11110001 8
b11110001 Q
1/
b1101100 0
13
b11110001 5
11
b1101000101 F
b0 :
#9130000
0.
#9135000
b1001 T
b1100 &
b1100 U
b11001 Z
b1101100 "
b1101100 Y
1.
#9136000
b10100001 8
b10100001 Q
b1101 0
b10100001 5
b1101000110 F
b1 :
b111010111 L
b111010111 H
b1100 I
b110111001 J
#9140000
0.
#9145000
b1010 T
b1011 &
b1011 U
b11010 Z
b1101 "
b1101 Y
1.
#9146000
0P
1R
04
b10101010 8
b10101010 Q
19
0/
03
17
b10101010 5
01
12
b1101000111 F
b10 :
b111011000 L
b111011000 H
b1011 I
b110111010 J
#9150000
0.
#9155000
b110 S
b1100 &
b1100 U
b110 [
1.
#9156000
0R
b101010 8
b101010 Q
09
07
b101010 5
02
b1101001000 F
b0 :
b1 ;
b111110011 O
b1100 I
b111000110 K
#9160000
0.
#9165000
1.
#9166000
1P
1R
14
b10001100 8
b10001100 Q
19
1/
b1100100 0
13
17
b10001100 5
11
12
b1101001001 F
b0 ;
#9170000
0.
#9175000
b1011 T
b111 S
b11011 Z
b1100100 "
b1100100 Y
b1100 &
b1100 U
b111 [
1.
#9176000
b10001111 8
b10001111 Q
b10011010 0
b10001111 5
b1101001010 F
b1 :
b1 ;
b11111000 C
b111011001 L
b111011001 H
b110111011 J
b111110100 O
b1100 I
b111000111 K
#9180000
0.
#9185000
b1000 S
b1100 T
b1000 [
b1100 &
b1100 U
b11100 Z
b10011010 "
b10011010 Y
1.
#9186000
b10100010 8
b10100010 Q
b101011 0
b10100010 5
b1101001011 F
b10 :
b10 ;
b11111001 C
b111011010 L
b111011010 H
b110111100 J
b111110101 O
b1100 I
b111001000 K
#9190000
0.
#9195000
b1101 T
b1001 S
b11101 Z
b101011 "
b101011 Y
b1100 &
b1100 U
b1001 [
1.
#9196000
0P
04
b11110001 8
b11110001 Q
0/
03
b11110001 5
01
b1101001100 F
b11 :
b11 ;
b11111010 C
b111011011 L
b111011011 H
b110111101 J
b111110110 O
b1100 I
b111001001 K
#9200000
0.
#9205000
b1010 S
b1101 &
b1101 U
b1010 [
1.
#9206000
1P
14
b1101011 8
b1101011 Q
1/
b10001100 0
13
b1101011 5
11
b1101001101 F
b1011101 ?
b0 :
b100 ;
b111110111 O
b1101 I
b111001010 K
#9210000
0.
#9215000
b1110 T
b1011 S
b11110 Z
b10001100 "
b10001100 Y
b1101 &
b1101 U
b1011 [
1.
#9216000
b101001 8
b101001 Q
b1011111 0
b101001 5
b1101001110 F
b1011110 ?
b1 :
b101 ;
b11111011 C
b111011100 L
b111011100 H
b110111110 J
b111111000 O
b1101 I
b111001011 K
#9220000
0.
#9225000
b1100 S
b1111 T
b1100 [
b1101 &
b1101 U
b11111 Z
b1011111 "
b1011111 Y
1.
#9226000
0P
04
b11010001 8
b11010001 Q
0/
03
b11010001 5
01
b1101001111 F
b1011111 ?
b10 :
b110 ;
b11111100 C
b111011101 L
b111011101 H
b110111111 J
b111111001 O
b1101 I
b111001100 K
#9230000
0.
#9235000
b1101 S
b1110 &
b1110 U
b1101 [
1.
#9236000
1P
0R
14
b101111 8
b101111 Q
09
1/
b10101001 0
13
07
b101111 5
11
02
b1101010000 F
b1100000 ?
b0 :
b111 ;
b111111010 O
b1110 I
b111001101 K
#9240000
0.
#9245000
b0 T
b1101 &
b1101 U
b0 Z
b10101001 "
b10101001 Y
1.
#9246000
b10111101 8
b10111101 Q
b11011011 0
b10111101 5
b1101010001 F
b1 :
b0 ;
b111011110 L
b111011110 H
b1101 I
b111000000 J
#9250000
0.
#9255000
b1 T
b1100 &
b1100 U
b1 Z
b11011011 "
b11011011 Y
1.
#9256000
b10010011 8
b10010011 Q
b10000 0
b10010011 5
b1101010010 F
b10 :
b111011111 L
b111011111 H
b1100 I
b111000001 J
#9260000
0.
#9265000
b10 T
b1011 &
b1011 U
b10 Z
b10000 "
b10000 Y
1.
#9266000
0P
1R
04
b1001001 8
b1001001 Q
19
0/
03
17
b1001001 5
01
12
b1101010011 F
b11 :
b111100000 L
b111100000 H
b1011 I
b111000010 J
#9270000
0.
#9275000
b1110 S
b1100 &
b1100 U
b1110 [
1.
#9276000
1P
0R
14
b11000001 8
b11000001 Q
09
1/
b10010001 0
13
07
b11000001 5
11
02
b1101010100 F
b0 :
b1 ;
b111111011 O
b1100 I
b111001110 K
#9280000
0.
#9285000
b11 T
b1011 &
b1011 U
b11 Z
b10010001 "
b10010001 Y
1.
#9286000
0P
1R
04
b100000 8
b100000 Q
19
0/
03
17
b100000 5
01
12
b1101010101 F
b1 :
b0 ;
b111100001 L
b111100001 H
b1011 I
b111000011 J
#9290000
0.
#9295000
b1111 S
b1100 &
b1100 U
b1111 [
1.
#9296000
0R
b10001101 8
b10001101 Q
09
07
b10001101 5
02
b1101010110 F
b0 :
b1 ;
b111111100 O
b1100 I
b111001111 K
#9300000
0.
#9305000
1.
#9306000
1R
b11010001 8
b11010001 Q
19
17
b11010001 5
12
b1101010111 F
b0 ;
#9310000
0.
#9315000
b0 S
b1101 &
b1101 U
b10000 [
1.
#9316000
1P
14
b11111101 8
b11111101 Q
1/
b10001110 0
13
b11111101 5
11
b1101011000 F
b1 ;
b111111101 O
b1101 I
b111010000 K
#9320000
0.
#9325000
b1 S
b100 T
b10001 [
b1101 &
b1101 U
b100 Z
b10001110 "
b10001110 Y
1.
#9326000
0P
04
b1010101 8
b1010101 Q
0/
03
b1010101 5
01
b1101011001 F
b1 :
b10 ;
b11111101 C
b111100010 L
b111100010 H
b111000100 J
b111111110 O
b1101 I
b111010001 K
#9330000
0.
#9335000
b10 S
b1110 &
b1110 U
b10010 [
1.
#9336000
b11111010 8
b11111010 Q
b11111010 5
b1101011010 F
b0 :
b11 ;
b111111111 O
b1110 I
b111010010 K
#9340000
0.
#9345000
b11 S
1'
b1111 &
b1111 U
b10011 [
1.
#9346000
b10010000 8
b10010000 Q
b10010000 5
b1101011011 F
b1100001 ?
b100 ;
b1001101 =
b1000000000 O
b1111 I
b111010011 K
#9350000
0.
#9355000
0R
1$
b100 S
0'
b10000 &
b10000 U
b10100 [
1.
#9356000
b11100000 8
b11100000 Q
09
07
b11100000 5
02
b1101011100 F
b1100010 ?
b101 ;
b100111 A
b1000000001 O
b10000 I
b111010100 K
#9360000
0.
#9365000
1.
#9366000
1P
14
b11000100 8
b11000100 Q
1/
b10001001 0
13
b11000100 5
11
b1101011101 F
b0 ;
b101000 A
#9370000
0.
#9375000
0$
b101 T
1'
b1111 &
b1111 U
b101 Z
b10001001 "
b10001001 Y
1.
#9376000
0P
1R
04
b10001101 8
b10001101 Q
19
0/
03
17
b10001101 5
01
12
b1101011110 F
b1 :
b1001110 =
b111100011 L
b111100011 H
b1111 I
b111000101 J
#9380000
0.
#9385000
0R
1$
b101 S
0'
b10000 &
b10000 U
b10101 [
1.
#9386000
b10010010 8
b10010010 Q
09
07
b10010010 5
02
b1101011111 F
b0 :
b1 ;
b101001 A
b1000000010 O
b10000 I
b111010101 K
#9390000
0.
#9395000
1.
#9396000
b1001001 8
b1001001 Q
b1001001 5
b1101100000 F
b0 ;
b101010 A
#9400000
0.
#9405000
1.
#9406000
1P
14
b11000111 8
b11000111 Q
19
1/
b10101010 0
13
b11000111 5
11
12
b1101100001 F
b101011 A
#9410000
0.
#9415000
1R
0$
b110 T
1#
1'
b1111 &
b1111 U
b110 Z
b10101010 "
b10101010 Y
1.
#9416000
0P
04
b110001 8
b110001 Q
0/
03
17
b110001 5
01
b1101100010 F
b1 :
b1101 D
b1001111 =
b111100100 L
b111100100 H
b1111 I
b111000110 J
b11001 E
b11001 G
#9420000
0.
#9425000
0R
1$
b110 S
0'
b10000 &
b10000 U
b10110 [
0#
1.
#9426000
1P
14
b10010000 8
b10010000 Q
09
1/
b10001100 0
13
07
b10010000 5
11
02
b1101100011 F
b0 :
b1 ;
b101100 A
b1000000011 O
b10000 I
b111010110 K
#9430000
0.
#9435000
0$
b111 T
1'
b1111 &
b1111 U
b111 Z
b10001100 "
b10001100 Y
1.
#9436000
b11011110 8
b11011110 Q
b10001111 0
b11011110 5
b1101100100 F
b1 :
b0 ;
b1010000 =
b111100101 L
b111100101 H
b1111 I
b111000111 J
#9440000
0.
#9445000
b1000 T
0'
b1110 &
b1110 U
b1000 Z
b10001111 "
b10001111 Y
1.
#9446000
0P
1R
04
b10110010 8
b10110010 Q
19
0/
03
17
b10110010 5
01
12
b1101100101 F
b10 :
b111100110 L
b111100110 H
b1110 I
b111001000 J
#9450000
0.
#9455000
b111 S
1'
b1111 &
b1111 U
b10111 [
1.
#9456000
1P
14
b10011101 8
b10011101 Q
1/
b10100010 0
13
b10011101 5
11
b1101100110 F
b0 :
b1 ;
b1010001 =
b1000000100 O
b1111 I
b111010111 K
#9460000
0.
#9465000
b1000 S
b1001 T
b11000 [
1'
b1111 &
b1111 U
b1001 Z
b10100010 "
b10100010 Y
1.
#9466000
0R
b111011 8
b111011 Q
09
b11110001 0
07
b111011 5
02
b1101100111 F
b1 :
b10 ;
b11111110 C
b1010010 =
b111100111 L
b111100111 H
b111001001 J
b1000000101 O
b1111 I
b111011000 K
#9470000
0.
#9475000
b1010 T
0'
b1110 &
b1110 U
b1010 Z
b11110001 "
b11110001 Y
1.
#9476000
0P
04
b11000100 8
b11000100 Q
0/
03
b11000100 5
01
b1101101000 F
b10 :
b0 ;
b111101000 L
b111101000 H
b1110 I
b111001010 J
#9480000
0.
#9485000
1.
#9486000
1P
14
b1110 8
b1110 Q
1/
b1101011 0
13
b1110 5
11
b1101101001 F
b0 :
#9490000
0.
#9495000
b1011 T
b1101 &
b1101 U
b1011 Z
b1101011 "
b1101011 Y
1.
#9496000
0P
1R
04
b110000 8
b110000 Q
19
0/
03
17
b110000 5
01
12
b1101101010 F
b1 :
b111101001 L
b111101001 H
b1101 I
b111001011 J
#9500000
0.
#9505000
b1001 S
b1110 &
b1110 U
b11001 [
1.
#9506000
b11110111 8
b11110111 Q
b11110111 5
b1101101011 F
b0 :
b1 ;
b1000000110 O
b1110 I
b111011001 K
#9510000
0.
#9515000
b1010 S
1'
b1111 &
b1111 U
b11010 [
1.
#9516000
1P
0R
14
b1001000 8
b1001000 Q
09
1/
b101001 0
13
07
b1001000 5
11
02
b1101101100 F
b10 ;
b1010011 =
b1000000111 O
b1111 I
b111011010 K
#9520000
0.
#9525000
b1100 T
0'
b1110 &
b1110 U
b1100 Z
b101001 "
b101001 Y
1.
#9526000
0P
04
b1101111 8
b1101111 Q
0/
03
b1101111 5
01
b1101101101 F
b1 :
b0 ;
b111101010 L
b111101010 H
b1110 I
b111001100 J
#9530000
0.
#9535000
1.
#9536000
b11111010 8
b11111010 Q
b11111010 5
b1101101110 F
b0 :
#9540000
0.
#9545000
1.
#9546000
1P
1R
14
b10111100 8
b10111100 Q
19
1/
b11010001 0
13
17
b10111100 5
11
12
b1101101111 F
#9550000
0.
#9555000
b1101 T
b1011 S
b1101 Z
b11010001 "
b11010001 Y
0'
b1110 &
b1110 U
b11011 [
1.
#9556000
0R
b101001 8
b101001 Q
09
b1001001 0
07
b101001 5
02
b1101110000 F
b1 :
b1 ;
b11111111 C
b111101011 L
b111101011 H
b111001101 J
b1000001000 O
b1110 I
b111011011 K
#9560000
0.
#9565000
b1110 T
b1101 &
b1101 U
b1110 Z
b1001001 "
b1001001 Y
1.
#9566000
b11101101 8
b11101101 Q
b100000 0
b11101101 5
b1101110001 F
b10 :
b0 ;
b111101100 L
b111101100 H
b1101 I
b111001110 J
#9570000
0.
#9575000
b1111 T
b1100 &
b1100 U
b1111 Z
b100000 "
b100000 Y
1.
#9576000
b10100001 8
b10100001 Q
b11010001 0
b10100001 5
b1101110010 F
b11 :
b111101101 L
b111101101 H
b1100 I
b111001111 J
#9580000
0.
#9585000
b0 T
b1011 &
b1011 U
b10000 Z
b11010001 "
b11010001 Y
1.
#9586000
1R
b10010001 8
b10010001 Q
19
b11111101 0
17
b10010001 5
12
b1101110011 F
b1011001 >
b100 :
b111101110 L
b111101110 H
b1011 I
b111010000 J
#9590000
0.
#9595000
b1 T
b1100 S
b10001 Z
b11111101 "
b11111101 Y
b1011 &
b1011 U
b11100 [
1.
#9596000
0R
b10010 8
b10010 Q
09
b1010101 0
07
b10010 5
02
b1101110100 F
b1011010 >
b101 :
b1 ;
b100000000 C
b111101111 L
b111101111 H
b111010001 J
b1000001001 O
b1011 I
b111011100 K
#9600000
0.
#9605000
b10 T
b1010 &
b1010 U
b10010 Z
b1010101 "
b1010101 Y
1.
#9606000
0P
04
b11100 8
b11100 Q
0/
03
b11100 5
01
b1101110101 F
b1011011 >
b110 :
b0 ;
b111110000 L
b111110000 H
b1010 I
b111010010 J
#9610000
0.
#9615000
1.
#9616000
1P
1R
14
b1101110 8
b1101110 Q
19
1/
b11111010 0
13
17
b1101110 5
11
12
b1101110110 F
b0 :
#9620000
0.
#9625000
b1101 S
b11 T
b11101 [
b1010 &
b1010 U
b10011 Z
b11111010 "
b11111010 Y
1.
#9626000
b11010001 8
b11010001 Q
b10010000 0
b11010001 5
b1101110111 F
b1 :
b1 ;
b100000001 C
b111110001 L
b111110001 H
b111010011 J
b1000001010 O
b1010 I
b111011101 K
#9630000
0.
#9635000
b100 T
b1110 S
b10100 Z
b10010000 "
b10010000 Y
b1010 &
b1010 U
b11110 [
1.
#9636000
0P
04
b10000100 8
b10000100 Q
0/
03
b10000100 5
01
b1101111000 F
b10 :
b10 ;
b100000010 C
b111110010 L
b111110010 H
b111010100 J
b1000001011 O
b1010 I
b111011110 K
#9640000
0.
#9645000
b1111 S
b1011 &
b1011 U
b11111 [
1.
#9646000
1P
14
b10010 8
b10010 Q
1/
b10001101 0
13
b10010 5
11
b1101111001 F
b0 :
b11 ;
b1000001100 O
b1011 I
b111011111 K
#9650000
0.
#9655000
b101 T
b0 S
b10101 Z
b10001101 "
b10001101 Y
b1011 &
b1011 U
b0 [
1.
#9656000
0R
b11000001 8
b11000001 Q
09
b110001 0
07
b11000001 5
02
b1101111010 F
b1100011 ?
b1 :
b100 ;
b100000011 C
b111110011 L
b111110011 H
b111010101 J
b1000001101 O
b1011 I
b111100000 K
#9660000
0.
#9665000
b110 T
b1010 &
b1010 U
b10110 Z
b110001 "
b110001 Y
1.
#9666000
b111010 8
b111010 Q
b10110010 0
b111010 5
b1101111011 F
b10 :
b0 ;
b111110100 L
b111110100 H
b1010 I
b111010110 J
#9670000
0.
#9675000
b111 T
b1001 &
b1001 U
b10111 Z
b10110010 "
b10110010 Y
1.
#9676000
b110010 8
b110010 Q
b10011101 0
b110010 5
b1101111100 F
b11 :
b111110101 L
b111110101 H
b1001 I
b111010111 J
#9680000
0.
#9685000
b1000 T
b1000 &
b1000 U
b11000 Z
b10011101 "
b10011101 Y
1.
#9686000
0P
1R
04
b11010101 8
b11010101 Q
19
0/
03
17
b11010101 5
01
12
b1101111101 F
b1011100 >
b100 :
b111110110 L
b111110110 H
b1000 I
b111011000 J
#9690000
0.
#9695000
b1 S
b1001 &
b1001 U
b1 [
1.
#9696000
1P
14
b11000001 8
b11000001 Q
1/
b110000 0
13
b11000001 5
11
b1101111110 F
b0 :
b1 ;
b1000001110 O
b1001 I
b111100001 K
#9700000
0.
#9705000
b10 S
b1001 T
b10 [
b1001 &
b1001 U
b11001 Z
b110000 "
b110000 Y
1.
#9706000
0P
0R
04
b1101011 8
b1101011 Q
09
0/
03
07
b1101011 5
01
02
b1101111111 F
b1 :
b10 ;
b100000100 C
b111110111 L
b111110111 H
b111011001 J
b1000001111 O
b1001 I
b111100010 K
#9710000
0.
#9715000
1.
#9716000
1P
14
b10011100 8
b10011100 Q
1/
b11110111 0
13
b10011100 5
11
b1110000000 F
b0 :
b0 ;
#9720000
0.
#9725000
b1010 T
b1000 &
b1000 U
b11010 Z
b11110111 "
b11110111 Y
1.
#9726000
0P
1R
04
b111000 8
b111000 Q
19
0/
03
17
b111000 5
01
12
b1110000001 F
b1 :
b111111000 L
b111111000 H
b1000 I
b111011010 J
#9730000
0.
#9735000
b11 S
b1001 &
b1001 U
b11 [
1.
#9736000
1P
14
b11101010 8
b11101010 Q
1/
b10111100 0
13
b11101010 5
11
b1110000010 F
b0 :
b1 ;
b1000010000 O
b1001 I
b111100011 K
#9740000
0.
#9745000
b100 S
b1011 T
b100 [
b1001 &
b1001 U
b11011 Z
b10111100 "
b10111100 Y
1.
#9746000
0P
04
b1001100 8
b1001100 Q
0/
03
b1001100 5
01
b1110000011 F
b1 :
b10 ;
b100000101 C
b111111001 L
b111111001 H
b111011011 J
b1000010001 O
b1001 I
b111100100 K
#9750000
0.
#9755000
b101 S
b1010 &
b1010 U
b101 [
1.
#9756000
b1100011 8
b1100011 Q
b1100011 5
b1110000100 F
b0 :
b11 ;
b1000010010 O
b1010 I
b111100101 K
#9760000
0.
#9765000
b110 S
b1011 &
b1011 U
b110 [
1.
#9766000
0R
b1011 8
b1011 Q
09
07
b1011 5
02
b1110000101 F
b1100100 ?
b100 ;
b1000010011 O
b1011 I
b111100110 K
#9770000
0.
#9775000
1.
#9776000
1P
14
b11100110 8
b11100110 Q
1/
b10010001 0
13
b11100110 5
11
b1110000110 F
b0 ;
#9780000
0.
#9785000
b1100 T
b1010 &
b1010 U
b11100 Z
b10010001 "
b10010001 Y
1.
#9786000
0P
1R
04
b10010110 8
b10010110 Q
19
0/
03
17
b10010110 5
01
12
b1110000111 F
b1 :
b111111010 L
b111111010 H
b1010 I
b111011100 J
#9790000
0.
#9795000
b111 S
b1011 &
b1011 U
b111 [
1.
#9796000
1P
0R
14
b10011010 8
b10011010 Q
09
1/
b1101110 0
13
07
b10011010 5
11
02
b1110001000 F
b0 :
b1 ;
b1000010100 O
b1011 I
b111100111 K
#9800000
0.
#9805000
b1101 T
b1010 &
b1010 U
b11101 Z
b1101110 "
b1101110 Y
1.
#9806000
0P
1R
04
b101010 8
b101010 Q
19
0/
03
17
b101010 5
01
12
b1110001001 F
b1 :
b0 ;
b111111011 L
b111111011 H
b1010 I
b111011101 J
#9810000
0.
#9815000
b1000 S
b1011 &
b1011 U
b1000 [
1.
#9816000
1P
0R
14
b11010000 8
b11010000 Q
09
1/
b11010001 0
13
07
b11010000 5
11
02
b1110001010 F
b0 :
b1 ;
b1000010101 O
b1011 I
b111101000 K
#9820000
0.
#9825000
b1110 T
b1010 &
b1010 U
b11110 Z
b11010001 "
b11010001 Y
1.
#9826000
0P
04
b1101101 8
b1101101 Q
0/
03
b1101101 5
01
b1110001011 F
b1 :
b0 ;
b111111100 L
b111111100 H
b1010 I
b111011110 J
#9830000
0.
#9835000
1.
#9836000
1P
1R
14
b100011 8
b100011 Q
19
1/
b10000100 0
13
17
b100011 5
11
12
b1110001100 F
b0 :
#9840000
0.
#9845000
b1001 S
b1111 T
b1001 [
b1010 &
b1010 U
b11111 Z
b10000100 "
b10000100 Y
1.
#9846000
0R
b10111110 8
b10111110 Q
09
b10010 0
07
b10111110 5
02
b1110001101 F
b1 :
b1 ;
b100000110 C
b111111101 L
b111111101 H
b111011111 J
b1000010110 O
b1010 I
b111101001 K
#9850000
0.
#9855000
b0 T
b1001 &
b1001 U
b0 Z
b10010 "
b10010 Y
1.
#9856000
0P
1R
04
b11000101 8
b11000101 Q
19
0/
03
17
b11000101 5
01
12
b1110001110 F
b10 :
b0 ;
b111111110 L
b111111110 H
b1001 I
b111100000 J
#9860000
0.
#9865000
b1010 S
b1010 &
b1010 U
b1010 [
1.
#9866000
b10111111 8
b10111111 Q
b10111111 5
b1110001111 F
b0 :
b1 ;
b1000010111 O
b1010 I
b111101010 K
#9870000
0.
#9875000
b1011 S
b1011 &
b1011 U
b1011 [
1.
#9876000
b11010010 8
b11010010 Q
b11010010 5
b1110010000 F
b10 ;
b1000011000 O
b1011 I
b111101011 K
#9880000
0.
#9885000
b1100 S
b1100 &
b1100 U
b1100 [
1.
#9886000
b11000101 8
b11000101 Q
b11000101 5
b1110010001 F
b11 ;
b1000011001 O
b1100 I
b111101100 K
#9890000
0.
#9895000
b1101 S
b1101 &
b1101 U
b1101 [
1.
#9896000
0R
b1101100 8
b1101100 Q
09
07
b1101100 5
02
b1110010010 F
b1100101 ?
b100 ;
b1000011010 O
b1101 I
b111101101 K
#9900000
0.
#9905000
1.
#9906000
1P
1R
14
b11011100 8
b11011100 Q
19
1/
b11010101 0
13
17
b11011100 5
11
12
b1110010011 F
b0 ;
#9910000
0.
#9915000
b1 T
b1110 S
b1 Z
b11010101 "
b11010101 Y
b1101 &
b1101 U
b1110 [
1.
#9916000
0P
04
b11011000 8
b11011000 Q
0/
03
b11011000 5
01
b1110010100 F
b1 :
b1 ;
b100000111 C
b111111111 L
b111111111 H
b111100001 J
b1000011011 O
b1101 I
b111101110 K
#9920000
0.
#9925000
b1111 S
b1110 &
b1110 U
b1111 [
1.
#9926000
1P
14
b10110111 8
b10110111 Q
1/
b11000001 0
13
b10110111 5
11
b1110010101 F
b0 :
b10 ;
b1000011100 O
b1110 I
b111101111 K
#9930000
0.
#9935000
b10 T
b0 S
b10 Z
b11000001 "
b11000001 Y
0'
b1110 &
b1110 U
b10000 [
1.
#9936000
0P
04
b11001010 8
b11001010 Q
0/
03
b11001010 5
01
b1110010110 F
b1 :
b11 ;
b100001000 C
b1000000000 L
b1000000000 H
b111100010 J
b1000011101 O
b1110 I
b111110000 K
#9940000
0.
#9945000
b1 S
1'
b1111 &
b1111 U
b10001 [
1.
#9946000
1P
14
b1111010 8
b1111010 Q
1/
b111000 0
13
b1111010 5
11
b1110010111 F
b1100110 ?
b0 :
b100 ;
b1010100 =
b1000011110 O
b1111 I
b111110001 K
#9950000
0.
#9955000
b11 T
b10 S
b11 Z
b111000 "
b111000 Y
1'
b1111 &
b1111 U
b10010 [
1.
#9956000
0P
04
b11001001 8
b11001001 Q
0/
03
b11001001 5
01
b1110011000 F
b1100111 ?
b1 :
b101 ;
b100001001 C
b1010101 =
b1000000001 L
b1000000001 H
b111100011 J
b1000011111 O
b1111 I
b111110010 K
#9960000
0.
#9965000
0R
1$
b11 S
0'
b10000 &
b10000 U
b10011 [
1.
#9966000
b11011101 8
b11011101 Q
07
b11011101 5
b1110011001 F
b1101000 ?
b0 :
b110 ;
b101101 A
b1000100000 O
b10000 I
b111110011 K
#9970000
0.
#9975000
1#
1.
#9976000
b10011101 8
b10011101 Q
b10011101 5
b1110011010 F
b0 ;
b101110 A
b11010 E
b11010 G
#9980000
0.
#9985000
1.
#9986000
b100011 8
b100011 Q
09
b100011 5
02
b1110011011 F
b101111 A
b11011 E
b11011 G
#9990000
0.
#9995000
0#
1.
#9996000
b101011 8
b101011 Q
b101011 5
b1110011100 F
b110000 A
#10000000
0.
#10005000
1.
#10006000
b10100101 8
b10100101 Q
19
b10100101 5
12
b1110011101 F
b110001 A
#10010000
0.
#10015000
1#
1.
#10016000
b10000 8
b10000 Q
b10000 5
b1110011110 F
b110010 A
b11100 E
b11100 G
#10020000
0.
#10025000
1.
#10026000
b10101011 8
b10101011 Q
b10101011 5
b1110011111 F
b110011 A
b11101 E
b11101 G
#10030000
0.
#10035000
1.
#10036000
1P
14
b1100101 8
b1100101 Q
1/
b11101010 0
13
b1100101 5
11
b1110100000 F
b110100 A
b11110 E
b11110 G
#10040000
0.
#10045000
1R
0$
b100 T
1'
b1111 &
b1111 U
b100 Z
b11101010 "
b11101010 Y
1.
#10046000
0P
0R
04
b11001 8
b11001 Q
09
0/
03
b11001 5
01
02
b1110100001 F
b1 :
b1110 D
b1010110 =
b1000000010 L
b1000000010 H
b1111 I
b111100100 J
b11111 E
b11111 G
#10050000
0.
#10055000
0#
1.
#10056000
1P
14
b1110000 8
b1110000 Q
1/
b1001100 0
13
b1110000 5
11
b1110100010 F
b0 :
b1010111 =
#10060000
0.
#10065000
b101 T
0'
b1110 &
b1110 U
b101 Z
b1001100 "
b1001100 Y
1.
#10066000
1R
b1000000 8
b1000000 Q
19
b1100011 0
17
b1000000 5
12
b1110100011 F
b1 :
b1000000011 L
b1000000011 H
b1110 I
b111100101 J
#10070000
0.
#10075000
b110 T
b100 S
b110 Z
b1100011 "
b1100011 Y
0'
b1110 &
b1110 U
b10100 [
1.
#10076000
b10001101 8
b10001101 Q
b10010110 0
b10001101 5
b1110100100 F
b10 :
b1 ;
b100001010 C
b1000000100 L
b1000000100 H
b111100110 J
b1000100001 O
b1110 I
b111110100 K
#10080000
0.
#10085000
b101 S
b111 T
b10101 [
b1110 &
b1110 U
b111 Z
b10010110 "
b10010110 Y
1.
#10086000
0P
04
b110011 8
b110011 Q
0/
03
b110011 5
01
b1110100101 F
b11 :
b10 ;
b100001011 C
b1000000101 L
b1000000101 H
b111100111 J
b1000100010 O
b1110 I
b111110101 K
#10090000
0.
#10095000
b110 S
1'
b1111 &
b1111 U
b10110 [
1.
#10096000
b1001100 8
b1001100 Q
b1001100 5
b1110100110 F
b0 :
b11 ;
b1011000 =
b1000100011 O
b1111 I
b111110110 K
#10100000
0.
#10105000
0R
1$
b111 S
0'
b10000 &
b10000 U
b10111 [
1.
#10106000
1P
14
b101001 8
b101001 Q
09
1/
b101010 0
13
07
b101001 5
11
02
b1110100111 F
b1101001 ?
b100 ;
b110101 A
b1000100100 O
b10000 I
b111110111 K
#10110000
0.
#10115000
0$
b1000 T
1'
b1111 &
b1111 U
b1000 Z
b101010 "
b101010 Y
1.
#10116000
1R
b1001100 8
b1001100 Q
19
b100011 0
17
b1001100 5
12
b1110101000 F
b1 :
b0 ;
b1011001 =
b1000000110 L
b1000000110 H
b1111 I
b111101000 J
#10120000
0.
#10125000
b1000 S
b1001 T
b11000 [
1'
b1111 &
b1111 U
b1001 Z
b100011 "
b100011 Y
1.
#10126000
0R
b10111110 8
b10111110 Q
09
b11000101 0
07
b10111110 5
02
b1110101001 F
b10 :
b1 ;
b100001100 C
b1011010 =
b1000000111 L
b1000000111 H
b111101001 J
b1000100101 O
b1111 I
b111111000 K
#10130000
0.
#10135000
b1010 T
0'
b1110 &
b1110 U
b1010 Z
b11000101 "
b11000101 Y
1.
#10136000
0P
04
b11101 8
b11101 Q
0/
03
b11101 5
01
b1110101010 F
b11 :
b0 ;
b1000001000 L
b1000001000 H
b1110 I
b111101010 J
#10140000
0.
#10145000
1.
#10146000
1P
1R
14
b111110 8
b111110 Q
19
1/
b10111111 0
13
17
b111110 5
11
12
b1110101011 F
b0 :
#10150000
0.
#10155000
b1011 T
b1001 S
b1011 Z
b10111111 "
b10111111 Y
0'
b1110 &
b1110 U
b11001 [
1.
#10156000
0P
0R
04
b11110011 8
b11110011 Q
09
0/
03
07
b11110011 5
01
02
b1110101100 F
b1 :
b1 ;
b100001101 C
b1000001001 L
b1000001001 H
b111101011 J
b1000100110 O
b1110 I
b111111001 K
#10160000
0.
#10165000
1.
#10166000
1P
1R
14
b111 8
b111 Q
19
1/
b11010010 0
13
17
b111 5
11
12
b1110101101 F
b0 :
b0 ;
#10170000
0.
#10175000
b1100 T
b1010 S
b1100 Z
b11010010 "
b11010010 Y
0'
b1110 &
b1110 U
b11010 [
1.
#10176000
0P
04
b1011111 8
b1011111 Q
0/
03
b1011111 5
01
b1110101110 F
b1 :
b1 ;
b100001110 C
b1000001010 L
b1000001010 H
b111101100 J
b1000100111 O
b1110 I
b111111010 K
#10180000
0.
#10185000
b1011 S
1'
b1111 &
b1111 U
b11011 [
1.
#10186000
1P
14
b11000111 8
b11000111 Q
1/
b11000101 0
13
b11000111 5
11
b1110101111 F
b0 :
b10 ;
b1011011 =
b1000101000 O
b1111 I
b111111011 K
#10190000
0.
#10195000
b1101 T
b1100 S
b1101 Z
b11000101 "
b11000101 Y
1'
b1111 &
b1111 U
b11100 [
1.
#10196000
b1110011 8
b1110011 Q
b11011100 0
b1110011 5
b1110110000 F
b1 :
b11 ;
b100001111 C
b1011100 =
b1000001011 L
b1000001011 H
b111101101 J
b1000101001 O
b1111 I
b111111100 K
#10200000
0.
#10205000
b1101 S
b1110 T
b11101 [
1'
b1111 &
b1111 U
b1110 Z
b11011100 "
b11011100 Y
1.
#10206000
0R
b1101100 8
b1101100 Q
09
b11011000 0
07
b1101100 5
02
b1110110001 F
b1101010 ?
b10 :
b100 ;
b100010000 C
b1011101 =
b1000001100 L
b1000001100 H
b111101110 J
b1000101010 O
b1111 I
b111111101 K
#10210000
0.
#10215000
b1111 T
0'
b1110 &
b1110 U
b1111 Z
b11011000 "
b11011000 Y
1.
#10216000
0P
04
b10110111 8
b10110111 Q
0/
03
b10110111 5
01
b1110110010 F
b11 :
b0 ;
b1000001101 L
b1000001101 H
b1110 I
b111101111 J
#10220000
0.
#10225000
1.
#10226000
1P
14
b110011 8
b110011 Q
1/
b10110111 0
13
b110011 5
11
b1110110011 F
b0 :
#10230000
0.
#10235000
b0 T
b1101 &
b1101 U
b10000 Z
b10110111 "
b10110111 Y
1.
#10236000
1R
b10111111 8
b10111111 Q
19
b11001010 0
17
b10111111 5
12
b1110110100 F
b1 :
b1000001110 L
b1000001110 H
b1101 I
b111110000 J
#10240000
0.
#10245000
b1110 S
b1 T
b11110 [
b1101 &
b1101 U
b10001 Z
b11001010 "
b11001010 Y
1.
#10246000
0R
b10111000 8
b10111000 Q
09
b1111010 0
07
b10111000 5
02
b1110110101 F
b10 :
b1 ;
b100010001 C
b1000001111 L
b1000001111 H
b111110001 J
b1000101011 O
b1101 I
b111111110 K
#10250000
0.
#10255000
b10 T
b1100 &
b1100 U
b10010 Z
b1111010 "
b1111010 Y
1.
#10256000
1R
b10011010 8
b10011010 Q
19
b11001001 0
17
b10011010 5
12
b1110110110 F
b11 :
b0 ;
b1000010000 L
b1000010000 H
b1100 I
b111110010 J
#10260000
0.
#10265000
b1111 S
b11 T
b11111 [
b1100 &
b1100 U
b10011 Z
b11001001 "
b11001001 Y
1.
#10266000
0P
0R
04
b11011001 8
b11011001 Q
09
0/
03
07
b11011001 5
01
02
b1110110111 F
b1011101 >
b100 :
b1 ;
b100010010 C
b1000010001 L
b1000010001 H
b111110011 J
b1000101100 O
b1100 I
b111111111 K
#10270000
0.
#10275000
1.
#10276000
b11100011 8
b11100011 Q
b11100011 5
b1110111000 F
b0 :
b0 ;
#10280000
0.
#10285000
1.
#10286000
b11000001 8
b11000001 Q
b11000001 5
b1110111001 F
#10290000
0.
#10295000
1.
#10296000
1P
14
b10000100 8
b10000100 Q
1/
b1000000 0
13
b10000100 5
11
b1110111010 F
#10300000
0.
#10305000
b100 T
b1011 &
b1011 U
b10100 Z
b1000000 "
b1000000 Y
1.
#10306000
1R
b11000001 8
b11000001 Q
19
b10001101 0
17
b11000001 5
12
b1110111011 F
b1 :
b1000010010 L
b1000010010 H
b1011 I
b111110100 J
#10310000
0.
#10315000
b101 T
b0 S
b10101 Z
b10001101 "
b10001101 Y
b1011 &
b1011 U
b0 [
1.
#10316000
b11010010 8
b11010010 Q
b110011 0
b11010010 5
b1110111100 F
b10 :
b1 ;
b100010011 C
b1000010011 L
b1000010011 H
b111110101 J
b1000101101 O
b1011 I
b1000000000 K
#10320000
0.
#10325000
b1 S
b110 T
b1 [
b1011 &
b1011 U
b10110 Z
b110011 "
b110011 Y
1.
#10326000
0P
0R
04
b10110000 8
b10110000 Q
09
0/
03
07
b10110000 5
01
02
b1110111101 F
b11 :
b10 ;
b100010100 C
b1000010100 L
b1000010100 H
b111110110 J
b1000101110 O
b1011 I
b1000000001 K
#10330000
0.
#10335000
1.
#10336000
1P
1R
14
b10110100 8
b10110100 Q
19
1/
b1001100 0
13
17
b10110100 5
11
12
b1110111110 F
b0 :
b0 ;
#10340000
0.
#10345000
b10 S
b111 T
b10 [
b1011 &
b1011 U
b10111 Z
b1001100 "
b1001100 Y
1.
#10346000
b11110 8
b11110 Q
b11110 5
b1110111111 F
b1 :
b1 ;
b100010101 C
b1000010101 L
b1000010101 H
b111110111 J
b1000101111 O
b1011 I
b1000000010 K
#10350000
0.
#10355000
b1000 T
b11 S
b11000 Z
b1011 &
b1011 U
b11 [
1.
#10356000
0P
0R
04
b10100101 8
b10100101 Q
09
0/
03
07
b10100101 5
01
02
b1111000000 F
b10 :
b10 ;
b100010110 C
b1000010110 L
b1000010110 H
b111111000 J
b1000110000 O
b1011 I
b1000000011 K
#10360000
0.
#10365000
1.
#10366000
1R
b11111101 8
b11111101 Q
19
17
b11111101 5
12
b1111000001 F
b0 :
b0 ;
#10370000
0.
#10375000
b100 S
b1100 &
b1100 U
b100 [
1.
#10376000
1P
14
b1011 8
b1011 Q
1/
b111110 0
13
b1011 5
11
b1111000010 F
b1 ;
b1000110001 O
b1100 I
b1000000100 K
#10380000
0.
#10385000
b101 S
b1001 T
b101 [
b1100 &
b1100 U
b11001 Z
b111110 "
b111110 Y
1.
#10386000
0R
b11110100 8
b11110100 Q
09
b111 0
07
b11110100 5
02
b1111000011 F
b1 :
b10 ;
b100010111 C
b1000010111 L
b1000010111 H
b111111001 J
b1000110010 O
b1100 I
b1000000101 K
#10390000
0.
#10395000
b1010 T
b1011 &
b1011 U
b11010 Z
b111 "
b111 Y
1.
#10396000
1R
b11011101 8
b11011101 Q
19
b1011111 0
17
b11011101 5
12
b1111000100 F
b10 :
b0 ;
b1000011000 L
b1000011000 H
b1011 I
b111111010 J
#10400000
0.
#10405000
b110 S
b1011 T
b110 [
b1011 &
b1011 U
b11011 Z
b1011111 "
b1011111 Y
1.
#10406000
0P
04
b11111101 8
b11111101 Q
0/
03
b11111101 5
01
b1111000101 F
b11 :
b1 ;
b100011000 C
b1000011001 L
b1000011001 H
b111111011 J
b1000110011 O
b1011 I
b1000000110 K
#10410000
0.
#10415000
b111 S
b1100 &
b1100 U
b111 [
1.
#10416000
1P
0R
14
b1101110 8
b1101110 Q
09
1/
b11000111 0
13
07
b1101110 5
11
02
b1111000110 F
b0 :
b10 ;
b1000110100 O
b1100 I
b1000000111 K
#10420000
0.
#10425000
b1100 T
b1011 &
b1011 U
b11100 Z
b11000111 "
b11000111 Y
1.
#10426000
1R
b11110 8
b11110 Q
19
b1110011 0
17
b11110 5
12
b1111000111 F
b1 :
b0 ;
b1000011010 L
b1000011010 H
b1011 I
b111111100 J
#10430000
0.
#10435000
b1101 T
b1000 S
b11101 Z
b1110011 "
b1110011 Y
b1011 &
b1011 U
b1000 [
1.
#10436000
0P
0R
04
b11100110 8
b11100110 Q
09
0/
03
07
b11100110 5
01
02
b1111001000 F
b10 :
b1 ;
b100011001 C
b1000011011 L
b1000011011 H
b111111101 J
b1000110101 O
b1011 I
b1000001000 K
#10440000
0.
#10445000
1.
#10446000
1R
b10000110 8
b10000110 Q
19
17
b10000110 5
12
b1111001001 F
b0 :
b0 ;
#10450000
0.
#10455000
b1001 S
b1100 &
b1100 U
b1001 [
1.
#10456000
b11010100 8
b11010100 Q
b11010100 5
b1111001010 F
b1 ;
b1000110110 O
b1100 I
b1000001001 K
#10460000
0.
#10465000
b1010 S
b1101 &
b1101 U
b1010 [
1.
#10466000
1P
14
b10011111 8
b10011111 Q
1/
b10111111 0
13
b10011111 5
11
b1111001011 F
b10 ;
b1000110111 O
b1101 I
b1000001010 K
#10470000
0.
#10475000
b1110 T
b1011 S
b11110 Z
b10111111 "
b10111111 Y
b1101 &
b1101 U
b1011 [
1.
#10476000
b11010110 8
b11010110 Q
b10011010 0
b11010110 5
b1111001100 F
b1 :
b11 ;
b100011010 C
b1000011100 L
b1000011100 H
b111111110 J
b1000111000 O
b1101 I
b1000001011 K
#10480000
0.
#10485000
b1100 S
b1111 T
b1100 [
b1101 &
b1101 U
b11111 Z
b10011010 "
b10011010 Y
1.
#10486000
0R
b10010 8
b10010 Q
09
b11000001 0
07
b10010 5
02
b1111001101 F
b1101011 ?
b10 :
b100 ;
b100011011 C
b1000011101 L
b1000011101 H
b111111111 J
b1000111001 O
b1101 I
b1000001100 K
#10490000
0.
#10495000
b0 T
b1100 &
b1100 U
b0 Z
b11000001 "
b11000001 Y
1.
#10496000
1R
b11100111 8
b11100111 Q
19
b11010010 0
17
b11100111 5
12
b1111001110 F
b11 :
b0 ;
b1000011110 L
b1000011110 H
b1100 I
b1000000000 J
#10500000
0.
#10505000
b1101 S
b1 T
b1101 [
b1100 &
b1100 U
b1 Z
b11010010 "
b11010010 Y
1.
#10506000
b11111101 8
b11111101 Q
b10110100 0
b11111101 5
b1111001111 F
b1011110 >
b100 :
b1 ;
b100011100 C
b1000011111 L
b1000011111 H
b1000000001 J
b1000111010 O
b1100 I
b1000001101 K
#10510000
0.
#10515000
b10 T
b1110 S
b10 Z
b10110100 "
b10110100 Y
b1100 &
b1100 U
b1110 [
1.
#10516000
0P
04
b1000100 8
b1000100 Q
0/
03
b1000100 5
01
b1111010000 F
b1011111 >
b101 :
b10 ;
b100011101 C
b1000100000 L
b1000100000 H
b1000000010 J
b1000111011 O
b1100 I
b1000001110 K
#10520000
0.
#10525000
b1111 S
b1101 &
b1101 U
b1111 [
1.
#10526000
0R
b1100011 8
b1100011 Q
09
07
b1100011 5
02
b1111010001 F
b0 :
b11 ;
b1000111100 O
b1101 I
b1000001111 K
#10530000
0.
#10535000
1.
#10536000
1P
14
b11001111 8
b11001111 Q
1/
b11110 0
13
b11001111 5
11
b1111010010 F
b0 ;
#10540000
0.
#10545000
b11 T
b1100 &
b1100 U
b11 Z
b11110 "
b11110 Y
1.
#10546000
1R
b11100 8
b11100 Q
19
b11111101 0
17
b11100 5
12
b1111010011 F
b1 :
b1000100001 L
b1000100001 H
b1100 I
b1000000011 J
#10550000
0.
#10555000
b100 T
b0 S
b100 Z
b11111101 "
b11111101 Y
b1100 &
b1100 U
b10000 [
1.
#10556000
b10011101 8
b10011101 Q
b1011 0
b10011101 5
b1111010100 F
b10 :
b1 ;
b100011110 C
b1000100010 L
b1000100010 H
b1000000100 J
b1000111101 O
b1100 I
b1000010000 K
#10560000
0.
#10565000
b1 S
b101 T
b10001 [
b1100 &
b1100 U
b101 Z
b1011 "
b1011 Y
1.
#10566000
0P
04
b1111111 8
b1111111 Q
0/
03
b1111111 5
01
b1111010101 F
b11 :
b10 ;
b100011111 C
b1000100011 L
b1000100011 H
b1000000101 J
b1000111110 O
b1100 I
b1000010001 K
#10570000
0.
#10575000
b10 S
b1101 &
b1101 U
b10010 [
1.
#10576000
b10100000 8
b10100000 Q
b10100000 5
b1111010110 F
b0 :
b11 ;
b1000111111 O
b1101 I
b1000010010 K
#10580000
0.
#10585000
b11 S
b1110 &
b1110 U
b10011 [
1.
#10586000
0R
b10110110 8
b10110110 Q
09
07
b10110110 5
02
b1111010111 F
b1101100 ?
b100 ;
b1001000000 O
b1110 I
b1000010011 K
#10590000
0.
#10595000
1.
#10596000
1P
14
b1010010 8
b1010010 Q
1/
b11011101 0
13
b1010010 5
11
b1111011000 F
b0 ;
#10600000
0.
#10605000
b110 T
b1101 &
b1101 U
b110 Z
b11011101 "
b11011101 Y
1.
#10606000
1R
b10101001 8
b10101001 Q
19
b11111101 0
17
b10101001 5
12
b1111011001 F
b1 :
b1000100100 L
b1000100100 H
b1101 I
b1000000110 J
#10610000
0.
#10615000
b111 T
b100 S
b111 Z
b11111101 "
b11111101 Y
b1101 &
b1101 U
b10100 [
1.
#10616000
b1110101 8
b1110101 Q
b11110 0
b1110101 5
b1111011010 F
b10 :
b1 ;
b100100000 C
b1000100101 L
b1000100101 H
b1000000111 J
b1001000001 O
b1101 I
b1000010100 K
#10620000
0.
#10625000
b101 S
b1000 T
b10101 [
b1101 &
b1101 U
b1000 Z
b11110 "
b11110 Y
1.
#10626000
0R
b10001001 8
b10001001 Q
09
b10000110 0
07
b10001001 5
02
b1111011011 F
b11 :
b10 ;
b100100001 C
b1000100110 L
b1000100110 H
b1000001000 J
b1001000010 O
b1101 I
b1000010101 K
#10630000
0.
#10635000
b1001 T
b1100 &
b1100 U
b1001 Z
b10000110 "
b10000110 Y
1.
#10636000
0P
1R
04
b11011010 8
b11011010 Q
19
0/
03
17
b11011010 5
01
12
b1111011100 F
b1100000 >
b100 :
b0 ;
b1000100111 L
b1000100111 H
b1100 I
b1000001001 J
#10640000
0.
#10645000
b110 S
b1101 &
b1101 U
b10110 [
1.
#10646000
1P
0R
14
b10001110 8
b10001110 Q
09
1/
b11010100 0
13
07
b10001110 5
11
02
b1111011101 F
b0 :
b1 ;
b1001000011 O
b1101 I
b1000010110 K
#10650000
0.
#10655000
b1010 T
b1100 &
b1100 U
b1010 Z
b11010100 "
b11010100 Y
1.
#10656000
1R
b110011 8
b110011 Q
19
b10011111 0
17
b110011 5
12
b1111011110 F
b1 :
b0 ;
b1000101000 L
b1000101000 H
b1100 I
b1000001010 J
#10660000
0.
#10665000
b111 S
b1011 T
b10111 [
b1100 &
b1100 U
b1011 Z
b10011111 "
b10011111 Y
1.
#10666000
0P
0R
04
b11001001 8
b11001001 Q
09
0/
03
07
b11001001 5
01
02
b1111011111 F
b10 :
b1 ;
b100100010 C
b1000101001 L
b1000101001 H
b1000001011 J
b1001000100 O
b1100 I
b1000010111 K
#10670000
0.
#10675000
1.
#10676000
1P
1R
14
b1000111 8
b1000111 Q
19
1/
b11010110 0
13
17
b1000111 5
11
12
b1111100000 F
b0 :
b0 ;
#10680000
0.
#10685000
b1000 S
b1100 T
b11000 [
b1100 &
b1100 U
b1100 Z
b11010110 "
b11010110 Y
1.
#10686000
0P
0R
04
b11010110 8
b11010110 Q
09
0/
03
07
b11010110 5
01
02
b1111100001 F
b1 :
b1 ;
b100100011 C
b1000101010 L
b1000101010 H
b1000001100 J
b1001000101 O
b1100 I
b1000011000 K
#10690000
0.
#10695000
1.
#10696000
1P
1R
14
b10001111 8
b10001111 Q
19
1/
b11100111 0
13
17
b10001111 5
11
12
b1111100010 F
b0 :
b0 ;
#10700000
0.
#10705000
b1001 S
b1101 T
b11001 [
b1100 &
b1100 U
b1101 Z
b11100111 "
b11100111 Y
1.
#10706000
0P
0R
04
b1101010 8
b1101010 Q
09
0/
03
07
b1101010 5
01
02
b1111100011 F
b1 :
b1 ;
b100100100 C
b1000101011 L
b1000101011 H
b1000001101 J
b1001000110 O
b1100 I
b1000011001 K
#10710000
0.
#10715000
1.
#10716000
1P
1R
14
b10 8
b10 Q
19
1/
b11111101 0
13
17
b10 5
11
12
b1111100100 F
b0 :
b0 ;
#10720000
0.
#10725000
b1010 S
b1110 T
b11010 [
b1100 &
b1100 U
b1110 Z
b11111101 "
b11111101 Y
1.
#10726000
0P
04
b11011001 8
b11011001 Q
0/
03
b11011001 5
01
b1111100101 F
b1 :
b1 ;
b100100101 C
b1000101100 L
b1000101100 H
b1000001110 J
b1001000111 O
b1100 I
b1000011010 K
#10730000
0.
#10735000
b1011 S
b1101 &
b1101 U
b11011 [
1.
#10736000
0R
b10110101 8
b10110101 Q
09
07
b10110101 5
02
b1111100110 F
b0 :
b10 ;
b1001001000 O
b1101 I
b1000011011 K
#10740000
0.
#10745000
1.
#10746000
1P
1R
14
b1011100 8
b1011100 Q
19
1/
b1000100 0
13
17
b1011100 5
11
12
b1111100111 F
b0 ;
#10750000
0.
#10755000
b1111 T
b1100 S
b1111 Z
b1000100 "
b1000100 Y
b1101 &
b1101 U
b11100 [
1.
#10756000
b11011110 8
b11011110 Q
b11100 0
b11011110 5
b1111101000 F
b1 :
b1 ;
b100100110 C
b1000101101 L
b1000101101 H
b1000001111 J
b1001001001 O
b1101 I
b1000011100 K
#10760000
0.
#10765000
b1101 S
b0 T
b11101 [
b1101 &
b1101 U
b10000 Z
b11100 "
b11100 Y
1.
#10766000
0P
04
b10111 8
b10111 Q
0/
03
b10111 5
01
b1111101001 F
b10 :
b10 ;
b100100111 C
b1000101110 L
b1000101110 H
b1000010000 J
b1001001010 O
b1101 I
b1000011101 K
#10770000
0.
#10775000
b1110 S
b1110 &
b1110 U
b11110 [
1.
#10776000
0R
b10111011 8
b10111011 Q
09
07
b10111011 5
02
b1111101010 F
b0 :
b11 ;
b1001001011 O
b1110 I
b1000011110 K
#10780000
0.
#10785000
1.
#10786000
1P
1R
14
b11000001 8
b11000001 Q
19
1/
b10011101 0
13
17
b11000001 5
11
12
b1111101011 F
b0 ;
#10790000
0.
#10795000
b1 T
b1111 S
b10001 Z
b10011101 "
b10011101 Y
0'
b1110 &
b1110 U
b11111 [
1.
#10796000
0P
0R
04
b10010011 8
b10010011 Q
09
0/
03
07
b10010011 5
01
02
b1111101100 F
b1 :
b1 ;
b100101000 C
b1000101111 L
b1000101111 H
b1000010001 J
b1001001100 O
b1110 I
b1000011111 K
#10800000
0.
#10805000
1.
#10806000
1P
14
b11001000 8
b11001000 Q
1/
b1111111 0
13
b11001000 5
11
b1111101101 F
b0 :
b0 ;
#10810000
0.
#10815000
b10 T
b1101 &
b1101 U
b10010 Z
b1111111 "
b1111111 Y
1.
#10816000
1R
b11001010 8
b11001010 Q
19
b10100000 0
17
b11001010 5
12
b1111101110 F
b1 :
b1000110000 L
b1000110000 H
b1101 I
b1000010010 J
#10820000
0.
#10825000
b0 S
b11 T
b0 [
b1101 &
b1101 U
b10011 Z
b10100000 "
b10100000 Y
1.
#10826000
0P
04
b11000111 8
b11000111 Q
0/
03
b11000111 5
01
b1111101111 F
b10 :
b1 ;
b100101001 C
b1000110001 L
b1000110001 H
b1000010011 J
b1001001101 O
b1101 I
b1000100000 K
#10830000
0.
#10835000
b1 S
b1110 &
b1110 U
b1 [
1.
#10836000
1P
0R
14
b1100110 8
b1100110 Q
09
1/
b10101001 0
13
07
b1100110 5
11
02
b1111110000 F
b0 :
b10 ;
b1001001110 O
b1110 I
b1000100001 K
#10840000
0.
#10845000
b100 T
b1101 &
b1101 U
b10100 Z
b10101001 "
b10101001 Y
1.
#10846000
1R
b10001000 8
b10001000 Q
19
b1110101 0
17
b10001000 5
12
b1111110001 F
b1 :
b0 ;
b1000110010 L
b1000110010 H
b1101 I
b1000010100 J
#10850000
0.
#10855000
b101 T
b10 S
b10101 Z
b1110101 "
b1110101 Y
b1101 &
b1101 U
b10 [
1.
#10856000
b10010000 8
b10010000 Q
b11011010 0
b10010000 5
b1111110010 F
b10 :
b1 ;
b100101010 C
b1000110011 L
b1000110011 H
b1000010101 J
b1001001111 O
b1101 I
b1000100010 K
#10860000
0.
#10865000
b11 S
b110 T
b11 [
b1101 &
b1101 U
b10110 Z
b11011010 "
b11011010 Y
1.
#10866000
0P
04
b10010110 8
b10010110 Q
0/
03
b10010110 5
01
b1111110011 F
b11 :
b10 ;
b100101011 C
b1000110100 L
b1000110100 H
b1000010110 J
b1001010000 O
b1101 I
b1000100011 K
#10870000
0.
#10875000
b100 S
b1110 &
b1110 U
b100 [
1.
#10876000
1P
14
b1110111 8
b1110111 Q
1/
b110011 0
13
b1110111 5
11
b1111110100 F
b0 :
b11 ;
b1001010001 O
b1110 I
b1000100100 K
#10880000
0.
#10885000
b101 S
b111 T
b101 [
b1110 &
b1110 U
b10111 Z
b110011 "
b110011 Y
1.
#10886000
0P
04
b1011 8
b1011 Q
0/
03
b1011 5
01
b1111110101 F
b1101101 ?
b1 :
b100 ;
b100101100 C
b1000110101 L
b1000110101 H
b1000010111 J
b1001010010 O
b1110 I
b1000100101 K
#10890000
0.
#10895000
b110 S
1'
b1111 &
b1111 U
b110 [
1.
#10896000
0R
b1101101 8
b1101101 Q
09
07
b1101101 5
02
b1111110110 F
b1101110 ?
b0 :
b101 ;
b1011110 =
b1001010011 O
b1111 I
b1000100110 K
#10900000
0.
#10905000
1.
#10906000
1P
1R
14
b10010101 8
b10010101 Q
19
1/
b1000111 0
13
17
b10010101 5
11
12
b1111110111 F
b0 ;
b1011111 =
#10910000
0.
#10915000
b1000 T
b111 S
b11000 Z
b1000111 "
b1000111 Y
1'
b1111 &
b1111 U
b111 [
1.
#10916000
0P
0R
04
b100 8
b100 Q
09
0/
03
07
b100 5
01
02
b1111111000 F
b1 :
b1 ;
b100101101 C
b1100000 =
b1000110110 L
b1000110110 H
b1000011000 J
b1001010100 O
b1111 I
b1000100111 K
#10920000
0.
#10925000
1.
#10926000
1R
b1011001 8
b1011001 Q
19
17
b1011001 5
12
b1111111001 F
b0 :
b0 ;
b1100001 =
#10930000
0.
#10935000
0R
1$
b1000 S
0'
b10000 &
b10000 U
b1000 [
1.
#10936000
b1111110 8
b1111110 Q
07
b1111110 5
b1111111010 F
b1 ;
b110110 A
b1001010101 O
b10000 I
b1000101000 K
#10940000
0.
#10945000
1#
1.
#10946000
1P
14
b11101010 8
b11101010 Q
09
1/
b10001111 0
13
b11101010 5
11
02
b1111111011 F
b0 ;
b110111 A
b100000 E
b100000 G
#10950000
0.
#10955000
0$
b1001 T
0#
1'
b1111 &
b1111 U
b11001 Z
b10001111 "
b10001111 Y
1.
#10956000
b10100001 8
b10100001 Q
b10 0
b10100001 5
b1111111100 F
b1 :
b1100010 =
b1000110111 L
b1000110111 H
b1111 I
b1000011001 J
#10960000
0.
#10965000
b1010 T
0'
b1110 &
b1110 U
b11010 Z
b10 "
b10 Y
1.
#10966000
0P
04
b11110100 8
b11110100 Q
0/
03
b11110100 5
01
b1111111101 F
b10 :
b1000111000 L
b1000111000 H
b1110 I
b1000011010 J
#10970000
0.
#10975000
1.
#10976000
b1100001 8
b1100001 Q
b1100001 5
b1111111110 F
b0 :
#10980000
0.
#10985000
1.
#10986000
1P
1R
14
b11110001 8
b11110001 Q
19
1/
b11011001 0
13
17
b11110001 5
11
12
b1111111111 F
#10990000
0.
#10995000
b1011 T
b1001 S
b11011 Z
b11011001 "
b11011001 Y
0'
b1110 &
b1110 U
b1001 [
1.
#10996000
b100101 8
b100101 Q
b1011100 0
b100101 5
b10000000000 F
b1 :
b1 ;
b100101110 C
b1000111001 L
b1000111001 H
b1000011011 J
b1001010110 O
b1110 I
b1000101001 K
#11000000
0.
#11005000
b1010 S
b1100 T
b1010 [
b1110 &
b1110 U
b11100 Z
b1011100 "
b1011100 Y
1.
#11006000
0P
04
b11101110 8
b11101110 Q
0/
03
b11101110 5
01
b10000000001 F
b10 :
b10 ;
b100101111 C
b1000111010 L
b1000111010 H
b1000011100 J
b1001010111 O
b1110 I
b1000101010 K
#11010000
0.
#11015000
b1011 S
1'
b1111 &
b1111 U
b1011 [
1.
#11016000
1P
14
b1011101 8
b1011101 Q
1/
b11011110 0
13
b1011101 5
11
b10000000010 F
b0 :
b11 ;
b1100011 =
b1001011000 O
b1111 I
b1000101011 K
#11020000
0.
#11025000
b1100 S
b1101 T
b1100 [
1'
b1111 &
b1111 U
b11101 Z
b11011110 "
b11011110 Y
1.
#11026000
0P
0R
04
b100000 8
b100000 Q
09
0/
03
07
b100000 5
01
02
b10000000011 F
b1101111 ?
b1 :
b100 ;
b100110000 C
b1100100 =
b1000111011 L
b1000111011 H
b1000011101 J
b1001011001 O
b1111 I
b1000101100 K
#11030000
0.
#11035000
1.
#11036000
1P
14
b11010101 8
b11010101 Q
1/
b10111 0
13
b11010101 5
11
b10000000100 F
b0 :
b0 ;
b1100101 =
#11040000
0.
#11045000
b1110 T
0'
b1110 &
b1110 U
b11110 Z
b10111 "
b10111 Y
1.
#11046000
1R
b11010010 8
b11010010 Q
19
b11000001 0
17
b11010010 5
12
b10000000101 F
b1 :
b1000111100 L
b1000111100 H
b1110 I
b1000011110 J
#11050000
0.
#11055000
b1111 T
b1101 S
b11111 Z
b11000001 "
b11000001 Y
0'
b1110 &
b1110 U
b1101 [
1.
#11056000
0R
b1010110 8
b1010110 Q
09
b11001010 0
07
b1010110 5
02
b10000000110 F
b10 :
b1 ;
b100110001 C
b1000111101 L
b1000111101 H
b1000011111 J
b1001011010 O
b1110 I
b1000101101 K
#11060000
0.
#11065000
b0 T
b1101 &
b1101 U
b0 Z
b11001010 "
b11001010 Y
1.
#11066000
1R
b10000100 8
b10000100 Q
19
b11000111 0
17
b10000100 5
12
b10000000111 F
b11 :
b0 ;
b1000111110 L
b1000111110 H
b1101 I
b1000100000 J
#11070000
0.
#11075000
b1 T
b1110 S
b1 Z
b11000111 "
b11000111 Y
b1101 &
b1101 U
b1110 [
1.
#11076000
0P
0R
04
b11000 8
b11000 Q
09
0/
03
07
b11000 5
01
02
b10000001000 F
b1100001 >
b100 :
b1 ;
b100110010 C
b1000111111 L
b1000111111 H
b1000100001 J
b1001011011 O
b1101 I
b1000101110 K
#11080000
0.
#11085000
1.
#11086000
1R
b11100110 8
b11100110 Q
19
17
b11100110 5
12
b10000001001 F
b0 :
b0 ;
#11090000
0.
#11095000
b1111 S
b1110 &
b1110 U
b1111 [
1.
#11096000
1P
14
b10100101 8
b10100101 Q
1/
b10001000 0
13
b10100101 5
11
b10000001010 F
b1 ;
b1001011100 O
b1110 I
b1000101111 K
#11100000
0.
#11105000
b0 S
b10 T
b10000 [
b1110 &
b1110 U
b10 Z
b10001000 "
b10001000 Y
1.
#11106000
b11010100 8
b11010100 Q
b10010000 0
b11010100 5
b10000001011 F
b1 :
b10 ;
b100110011 C
b1001000000 L
b1001000000 H
b1000100010 J
b1001011101 O
b1110 I
b1000110000 K
#11110000
0.
#11115000
b11 T
b1 S
b11 Z
b10010000 "
b10010000 Y
0'
b1110 &
b1110 U
b10001 [
1.
#11116000
b10011111 8
b10011111 Q
b10010110 0
b10011111 5
b10000001100 F
b10 :
b11 ;
b100110100 C
b1001000001 L
b1001000001 H
b1000100011 J
b1001011110 O
b1110 I
b1000110001 K
#11120000
0.
#11125000
b10 S
b100 T
b10010 [
b1110 &
b1110 U
b100 Z
b10010110 "
b10010110 Y
1.
#11126000
0P
0R
04
b101010 8
b101010 Q
09
0/
03
07
b101010 5
01
02
b10000001101 F
b1110000 ?
b11 :
b100 ;
b100110101 C
b1001000010 L
b1001000010 H
b1000100100 J
b1001011111 O
b1110 I
b1000110010 K
#11130000
0.
#11135000
1.
#11136000
b11000001 8
b11000001 Q
b11000001 5
b10000001110 F
b0 :
b0 ;
#11140000
0.
#11145000
1.
#11146000
1P
1R
14
b11000101 8
b11000101 Q
19
1/
b1110111 0
13
17
b11000101 5
11
12
b10000001111 F
#11150000
0.
#11155000
b101 T
b11 S
b101 Z
b1110111 "
b1110111 Y
0'
b1110 &
b1110 U
b10011 [
1.
#11156000
0P
0R
04
b11100111 8
b11100111 Q
09
0/
03
07
b11100111 5
01
02
b10000010000 F
b1 :
b1 ;
b100110110 C
b1001000011 L
b1001000011 H
b1000100101 J
b1001100000 O
b1110 I
b1000110011 K
#11160000
0.
#11165000
1.
#11166000
1P
14
b10101 8
b10101 Q
1/
b1011 0
13
b10101 5
11
b10000010001 F
b0 :
b0 ;
#11170000
0.
#11175000
b110 T
b1101 &
b1101 U
b110 Z
b1011 "
b1011 Y
1.
#11176000
0P
04
b1011101 8
b1011101 Q
0/
03
b1011101 5
01
b10000010010 F
b1 :
b1001000100 L
b1001000100 H
b1101 I
b1000100110 J
#11180000
0.
#11185000
1.
#11186000
1P
14
b11111 8
b11111 Q
1/
b10010101 0
13
b11111 5
11
b10000010011 F
b0 :
#11190000
0.
#11195000
b111 T
b1100 &
b1100 U
b111 Z
b10010101 "
b10010101 Y
1.
#11196000
0P
1R
04
b1111100 8
b1111100 Q
19
0/
03
17
b1111100 5
01
12
b10000010100 F
b1 :
b1001000101 L
b1001000101 H
b1100 I
b1000100111 J
#11200000
0.
#11205000
b100 S
b1101 &
b1101 U
b10100 [
1.
#11206000
0R
b11110011 8
b11110011 Q
09
07
b11110011 5
02
b10000010101 F
b0 :
b1 ;
b1001100001 O
b1101 I
b1000110100 K
#11210000
0.
#11215000
1.
#11216000
1P
14
b1011011 8
b1011011 Q
1/
b1011001 0
13
b1011011 5
11
b10000010110 F
b0 ;
#11220000
0.
#11225000
b1000 T
b1100 &
b1100 U
b1000 Z
b1011001 "
b1011001 Y
1.
#11226000
0P
1R
04
b10110110 8
b10110110 Q
19
0/
03
17
b10110110 5
01
12
b10000010111 F
b1 :
b1001000110 L
b1001000110 H
b1100 I
b1000101000 J
#11230000
0.
#11235000
b101 S
b1101 &
b1101 U
b10101 [
1.
#11236000
1P
0R
14
b1010011 8
b1010011 Q
09
1/
b11110001 0
13
07
b1010011 5
11
02
b10000011000 F
b0 :
b1 ;
b1001100010 O
b1101 I
b1000110101 K
#11240000
0.
#11245000
b1001 T
b1100 &
b1100 U
b1001 Z
b11110001 "
b11110001 Y
1.
#11246000
0P
04
b1110010 8
b1110010 Q
0/
03
b1110010 5
01
b10000011001 F
b1 :
b0 ;
b1001000111 L
b1001000111 H
b1100 I
b1000101001 J
#11250000
0.
#11255000
1.
#11256000
1P
14
b10111000 8
b10111000 Q
1/
b100101 0
13
b10111000 5
11
b10000011010 F
b0 :
#11260000
0.
#11265000
b1010 T
b1011 &
b1011 U
b1010 Z
b100101 "
b100101 Y
1.
#11266000
1R
b1010000 8
b1010000 Q
19
b11101110 0
17
b1010000 5
12
b10000011011 F
b1 :
b1001001000 L
b1001001000 H
b1011 I
b1000101010 J
#11270000
0.
#11275000
b1011 T
b110 S
b1011 Z
b11101110 "
b11101110 Y
b1011 &
b1011 U
b10110 [
1.
#11276000
0P
0R
04
b110011 8
b110011 Q
09
0/
03
07
b110011 5
01
02
b10000011100 F
b10 :
b1 ;
b100110111 C
b1001001001 L
b1001001001 H
b1000101011 J
b1001100011 O
b1011 I
b1000110110 K
#11280000
0.
#11285000
1.
#11286000
1P
14
b10110010 8
b10110010 Q
1/
b1011101 0
13
b10110010 5
11
b10000011101 F
b0 :
b0 ;
#11290000
0.
#11295000
b1100 T
b1010 &
b1010 U
b1100 Z
b1011101 "
b1011101 Y
1.
#11296000
0P
1R
04
b1011011 8
b1011011 Q
19
0/
03
17
b1011011 5
01
12
b10000011110 F
b1 :
b1001001010 L
b1001001010 H
b1010 I
b1000101100 J
#11300000
0.
#11305000
b111 S
b1011 &
b1011 U
b10111 [
1.
#11306000
1P
14
b10101 8
b10101 Q
1/
b11010010 0
13
b10101 5
11
b10000011111 F
b0 :
b1 ;
b1001100100 O
b1011 I
b1000110111 K
#11310000
0.
#11315000
b1101 T
b1000 S
b1101 Z
b11010010 "
b11010010 Y
b1011 &
b1011 U
b11000 [
1.
#11316000
0P
0R
04
b1 8
b1 Q
09
0/
03
07
b1 5
01
02
b10000100000 F
b1 :
b10 ;
b100111000 C
b1001001011 L
b1001001011 H
b1000101101 J
b1001100101 O
b1011 I
b1000111000 K
#11320000
0.
#11325000
1.
#11326000
1P
1R
14
b11101110 8
b11101110 Q
19
1/
b10000100 0
13
17
b11101110 5
11
12
b10000100001 F
b0 :
b0 ;
#11330000
0.
#11335000
b1110 T
b1001 S
b1110 Z
b10000100 "
b10000100 Y
b1011 &
b1011 U
b11001 [
1.
#11336000
0P
0R
04
b1100000 8
b1100000 Q
09
0/
03
07
b1100000 5
01
02
b10000100010 F
b1 :
b1 ;
b100111001 C
b1001001100 L
b1001001100 H
b1000101110 J
b1001100110 O
b1011 I
b1000111001 K
#11340000
0.
#11345000
1.
#11346000
b10001 8
b10001 Q
b10001 5
b10000100011 F
b0 :
b0 ;
#11350000
0.
#11355000
1.
#11356000
1P
14
b1011100 8
b1011100 Q
1/
b11100110 0
13
b1011100 5
11
b10000100100 F
#11360000
0.
#11365000
b1111 T
b1010 &
b1010 U
b1111 Z
b11100110 "
b11100110 Y
1.
#11366000
1R
b10001111 8
b10001111 Q
19
b10100101 0
17
b10001111 5
12
b10000100101 F
b1 :
b1001001101 L
b1001001101 H
b1010 I
b1000101111 J
#11370000
0.
#11375000
b0 T
b1010 S
b10000 Z
b10100101 "
b10100101 Y
b1010 &
b1010 U
b11010 [
1.
#11376000
0P
04
b1010100 8
b1010100 Q
0/
03
b1010100 5
01
b10000100110 F
b10 :
b1 ;
b100111010 C
b1001001110 L
b1001001110 H
b1000110000 J
b1001100111 O
b1010 I
b1000111010 K
#11380000
0.
#11385000
b1011 S
b1011 &
b1011 U
b11011 [
1.
#11386000
1P
0R
14
b11110101 8
b11110101 Q
09
1/
b11010100 0
13
07
b11110101 5
11
02
b10000100111 F
b0 :
b10 ;
b1001101000 O
b1011 I
b1000111011 K
#11390000
0.
#11395000
b1 T
b1010 &
b1010 U
b10001 Z
b11010100 "
b11010100 Y
1.
#11396000
1R
b11100100 8
b11100100 Q
19
b10011111 0
17
b11100100 5
12
b10000101000 F
b1 :
b0 ;
b1001001111 L
b1001001111 H
b1010 I
b1000110001 J
#11400000
0.
#11405000
b1100 S
b10 T
b11100 [
b1010 &
b1010 U
b10010 Z
b10011111 "
b10011111 Y
1.
#11406000
0P
0R
04
b1000001 8
b1000001 Q
09
0/
03
07
b1000001 5
01
02
b10000101001 F
b10 :
b1 ;
b100111011 C
b1001010000 L
b1001010000 H
b1000110010 J
b1001101001 O
b1010 I
b1000111100 K
#11410000
0.
#11415000
1.
#11416000
1P
1R
14
b1110001 8
b1110001 Q
19
1/
b11000101 0
13
17
b1110001 5
11
12
b10000101010 F
b0 :
b0 ;
#11420000
0.
#11425000
b1101 S
b11 T
b11101 [
b1010 &
b1010 U
b10011 Z
b11000101 "
b11000101 Y
1.
#11426000
b11111111 8
b11111111 Q
b1111100 0
b11111111 5
b10000101011 F
b1 :
b1 ;
b100111100 C
b1001010001 L
b1001010001 H
b1000110011 J
b1001101010 O
b1010 I
b1000111101 K
#11430000
0.
#11435000
b100 T
b1110 S
b10100 Z
b1111100 "
b1111100 Y
b1010 &
b1010 U
b11110 [
1.
#11436000
0P
04
b11100 8
b11100 Q
0/
03
b11100 5
01
b10000101100 F
b10 :
b10 ;
b100111101 C
b1001010010 L
b1001010010 H
b1000110100 J
b1001101011 O
b1010 I
b1000111110 K
#11440000
0.
#11445000
b1111 S
b1011 &
b1011 U
b11111 [
1.
#11446000
b1010111 8
b1010111 Q
b1010111 5
b10000101101 F
b0 :
b11 ;
b1001101100 O
b1011 I
b1000111111 K
#11450000
0.
#11455000
b0 S
b1100 &
b1100 U
b0 [
1.
#11456000
0R
b11010001 8
b11010001 Q
09
07
b11010001 5
02
b10000101110 F
b1110001 ?
b100 ;
b1001101101 O
b1100 I
b1001000000 K
#11460000
0.
#11465000
1.
#11466000
1P
1R
14
b11010101 8
b11010101 Q
19
1/
b10110110 0
13
17
b11010101 5
11
12
b10000101111 F
b0 ;
#11470000
0.
#11475000
b101 T
b1 S
b10101 Z
b10110110 "
b10110110 Y
b1100 &
b1100 U
b1 [
1.
#11476000
0P
04
b11000011 8
b11000011 Q
0/
03
b11000011 5
01
b10000110000 F
b1 :
b1 ;
b100111110 C
b1001010011 L
b1001010011 H
b1000110101 J
b1001101110 O
b1100 I
b1001000001 K
#11480000
0.
#11485000
b10 S
b1101 &
b1101 U
b10 [
1.
#11486000
b10100001 8
b10100001 Q
b10100001 5
b10000110001 F
b0 :
b10 ;
b1001101111 O
b1101 I
b1001000010 K
#11490000
0.
#11495000
b11 S
b1110 &
b1110 U
b11 [
1.
#11496000
0R
b101011 8
b101011 Q
09
07
b101011 5
02
b10000110010 F
b11 ;
b1001110000 O
b1110 I
b1001000011 K
#11500000
0.
#11505000
1.
#11506000
b10101111 8
b10101111 Q
b10101111 5
b10000110011 F
b0 ;
#11510000
0.
#11515000
1.
#11516000
1R
b1001 8
b1001 Q
19
17
b1001 5
12
b10000110100 F
#11520000
0.
#11525000
b100 S
1'
b1111 &
b1111 U
b100 [
1.
#11526000
0R
b1101111 8
b1101111 Q
09
07
b1101111 5
02
b10000110101 F
b1 ;
b1100110 =
b1001110001 O
b1111 I
b1001000100 K
#11530000
0.
#11535000
1.
#11536000
1P
1R
14
b10010011 8
b10010011 Q
19
1/
b1010000 0
13
17
b10010011 5
11
12
b10000110110 F
b0 ;
b1100111 =
#11540000
0.
#11545000
b101 S
b110 T
b101 [
1'
b1111 &
b1111 U
b10110 Z
b1010000 "
b1010000 Y
1.
#11546000
0P
0R
04
b10110 8
b10110 Q
09
0/
03
07
b10110 5
01
02
b10000110111 F
b1 :
b1 ;
b100111111 C
b1101000 =
b1001010100 L
b1001010100 H
b1000110110 J
b1001110010 O
b1111 I
b1001000101 K
#11550000
0.
#11555000
1.
#11556000
1P
14
b10 8
b10 Q
1/
b1011011 0
13
b10 5
11
b10000111000 F
b0 :
b0 ;
b1101001 =
#11560000
0.
#11565000
b111 T
0'
b1110 &
b1110 U
b10111 Z
b1011011 "
b1011011 Y
1.
#11566000
1R
b1110001 8
b1110001 Q
19
b10101 0
17
b1110001 5
12
b10000111001 F
b1 :
b1001010101 L
b1001010101 H
b1110 I
b1000110111 J
#11570000
0.
#11575000
b1000 T
b110 S
b11000 Z
b10101 "
b10101 Y
0'
b1110 &
b1110 U
b110 [
1.
#11576000
0R
b1001001 8
b1001001 Q
09
b11101110 0
07
b1001001 5
02
b10000111010 F
b10 :
b1 ;
b101000000 C
b1001010110 L
b1001010110 H
b1000111000 J
b1001110011 O
b1110 I
b1001000110 K
#11580000
0.
#11585000
b1001 T
b1101 &
b1101 U
b11001 Z
b11101110 "
b11101110 Y
1.
#11586000
0P
1R
04
b100011 8
b100011 Q
19
0/
03
17
b100011 5
01
12
b10000111011 F
b11 :
b0 ;
b1001010111 L
b1001010111 H
b1101 I
b1000111001 J
#11590000
0.
#11595000
b111 S
b1110 &
b1110 U
b111 [
1.
#11596000
0R
b1000110 8
b1000110 Q
09
07
b1000110 5
02
b10000111100 F
b0 :
b1 ;
b1001110100 O
b1110 I
b1001000111 K
#11600000
0.
#11605000
1.
#11606000
1R
b10110101 8
b10110101 Q
19
17
b10110101 5
12
b10000111101 F
b0 ;
#11610000
0.
#11615000
b1000 S
1'
b1111 &
b1111 U
b1000 [
1.
#11616000
1P
0R
14
b10001100 8
b10001100 Q
09
1/
b10001111 0
13
07
b10001100 5
11
02
b10000111110 F
b1 ;
b1101010 =
b1001110101 O
b1111 I
b1001001000 K
#11620000
0.
#11625000
b1010 T
0'
b1110 &
b1110 U
b11010 Z
b10001111 "
b10001111 Y
1.
#11626000
0P
1R
04
b11101111 8
b11101111 Q
19
0/
03
17
b11101111 5
01
12
b10000111111 F
b1 :
b0 ;
b1001011000 L
b1001011000 H
b1110 I
b1000111010 J
#11630000
0.
#11635000
b1001 S
1'
b1111 &
b1111 U
b1001 [
1.
#11636000
b10001101 8
b10001101 Q
b10001101 5
b10001000000 F
b0 :
b1 ;
b1101011 =
b1001110110 O
b1111 I
b1001001001 K
#11640000
0.
#11645000
0R
1$
b1010 S
0'
b10000 &
b10000 U
b1010 [
1.
#11646000
1P
14
b11011010 8
b11011010 Q
1/
b1010100 0
13
07
b11011010 5
11
b10001000001 F
b10 ;
b111000 A
b1001110111 O
b10000 I
b1001001010 K
#11650000
0.
#11655000
1R
0$
b1011 T
1#
1'
b1111 &
b1111 U
b11011 Z
b1010100 "
b1010100 Y
1.
#11656000
b10000 8
b10000 Q
b11100100 0
17
b10000 5
b10001000010 F
b1 :
b0 ;
b1111 D
b1101100 =
b1001011001 L
b1001011001 H
b1111 I
b1000111011 J
b100001 E
b100001 G
#11660000
0.
#11665000
b1011 S
b1100 T
b1011 [
1'
b1111 &
b1111 U
b11100 Z
b11100100 "
b11100100 Y
0#
1.
#11666000
b10110101 8
b10110101 Q
b1110001 0
b10110101 5
b10001000011 F
b10 :
b1 ;
b101000001 C
b1101101 =
b1001011010 L
b1001011010 H
b1000111100 J
b1001111000 O
b1111 I
b1001001011 K
#11670000
0.
#11675000
b1101 T
b1100 S
b11101 Z
b1110001 "
b1110001 Y
1'
b1111 &
b1111 U
b1100 [
1.
#11676000
b11001001 8
b11001001 Q
b11111111 0
b11001001 5
b10001000100 F
b11 :
b10 ;
b101000010 C
b1101110 =
b1001011011 L
b1001011011 H
b1000111101 J
b1001111001 O
b1111 I
b1001001100 K
#11680000
0.
#11685000
b1101 S
b1110 T
b1101 [
1'
b1111 &
b1111 U
b11110 Z
b11111111 "
b11111111 Y
1.
#11686000
b1010101 8
b1010101 Q
b11100 0
b1010101 5
b10001000101 F
b1100010 >
b100 :
b11 ;
b101000011 C
b1101111 =
b1001011100 L
b1001011100 H
b1000111110 J
b1001111010 O
b1111 I
b1001001101 K
#11690000
0.
#11695000
b1111 T
b1110 S
b11111 Z
b11100 "
b11100 Y
1'
b1111 &
b1111 U
b1110 [
1.
#11696000
0R
b1111011 8
b1111011 Q
09
b1010111 0
07
b1111011 5
02
b10001000110 F
b1100011 >
b1110010 ?
b101 :
b100 ;
b101000100 C
b1110000 =
b1001011101 L
b1001011101 H
b1000111111 J
b1001111011 O
b1111 I
b1001001110 K
#11700000
0.
#11705000
b0 T
0'
b1110 &
b1110 U
b0 Z
b1010111 "
b1010111 Y
1.
#11706000
1R
b11001001 8
b11001001 Q
19
b11010101 0
17
b11001001 5
12
b10001000111 F
b1100100 >
b110 :
b0 ;
b1001011110 L
b1001011110 H
b1110 I
b1001000000 J
#11710000
0.
#11715000
b1 T
b1111 S
b1 Z
b11010101 "
b11010101 Y
0'
b1110 &
b1110 U
b1111 [
1.
#11716000
0P
0R
04
b11111100 8
b11111100 Q
09
0/
03
07
b11111100 5
01
02
b10001001000 F
b1100101 >
b111 :
b1 ;
b101000101 C
b1001011111 L
b1001011111 H
b1001000001 J
b1001111100 O
b1110 I
b1001001111 K
#11720000
0.
#11725000
1.
#11726000
1P
1R
14
b1010010 8
b1010010 Q
19
1/
b11000011 0
13
17
b1010010 5
11
12
b10001001001 F
b0 :
b0 ;
#11730000
0.
#11735000
b10 T
b0 S
b10 Z
b11000011 "
b11000011 Y
0'
b1110 &
b1110 U
b10000 [
1.
#11736000
b1010 8
b1010 Q
b10100001 0
b1010 5
b10001001010 F
b1 :
b1 ;
b101000110 C
b1001100000 L
b1001100000 H
b1001000010 J
b1001111101 O
b1110 I
b1001010000 K
#11740000
0.
#11745000
b1 S
b11 T
b10001 [
b1110 &
b1110 U
b11 Z
b10100001 "
b10100001 Y
1.
#11746000
b1101010 8
b1101010 Q
b1001 0
b1101010 5
b10001001011 F
b10 :
b10 ;
b101000111 C
b1001100001 L
b1001100001 H
b1001000011 J
b1001111110 O
b1110 I
b1001010001 K
#11750000
0.
#11755000
b100 T
b10 S
b100 Z
b1001 "
b1001 Y
0'
b1110 &
b1110 U
b10010 [
1.
#11756000
b11010110 8
b11010110 Q
b10010011 0
b11010110 5
b10001001100 F
b11 :
b11 ;
b101001000 C
b1001100010 L
b1001100010 H
b1001000100 J
b1001111111 O
b1110 I
b1001010010 K
#11760000
0.
#11765000
b11 S
b101 T
b10011 [
b1110 &
b1110 U
b101 Z
b10010011 "
b10010011 Y
1.
#11766000
0P
04
b10001001 8
b10001001 Q
0/
03
b10001001 5
01
b10001001101 F
b1100110 >
b1110011 ?
b100 :
b100 ;
b101001001 C
b1001100011 L
b1001100011 H
b1001000101 J
b1010000000 O
b1110 I
b1001010011 K
#11770000
0.
#11775000
b100 S
1'
b1111 &
b1111 U
b10100 [
1.
#11776000
0R
b1001001 8
b1001001 Q
09
07
b1001001 5
02
b10001001110 F
b1110100 ?
b0 :
b101 ;
b1110001 =
b1010000001 O
b1111 I
b1001010100 K
#11780000
0.
#11785000
1.
#11786000
1P
14
b10000 8
b10000 Q
1/
b1110001 0
13
b10000 5
11
b10001001111 F
b0 ;
b1110010 =
#11790000
0.
#11795000
b110 T
0'
b1110 &
b1110 U
b110 Z
b1110001 "
b1110001 Y
1.
#11796000
b11011111 8
b11011111 Q
b100011 0
b11011111 5
b10001010000 F
b1 :
b1001100100 L
b1001100100 H
b1110 I
b1001000110 J
#11800000
0.
#11805000
b111 T
b1101 &
b1101 U
b111 Z
b100011 "
b100011 Y
1.
#11806000
b11100 8
b11100 Q
b10110101 0
b11100 5
b10001010001 F
b10 :
b1001100101 L
b1001100101 H
b1101 I
b1001000111 J
#11810000
0.
#11815000
b1000 T
b1100 &
b1100 U
b1000 Z
b10110101 "
b10110101 Y
1.
#11816000
0P
04
b1110110 8
b1110110 Q
0/
03
b1110110 5
01
b10001010010 F
b11 :
b1001100110 L
b1001100110 H
b1100 I
b1001001000 J
#11820000
0.
#11825000
1.
#11826000
1P
1R
14
b10111010 8
b10111010 Q
19
1/
b11101111 0
13
17
b10111010 5
11
12
b10001010011 F
b0 :
#11830000
0.
#11835000
b1001 T
b101 S
b1001 Z
b11101111 "
b11101111 Y
b1100 &
b1100 U
b10101 [
1.
#11836000
0P
0R
04
b10100101 8
b10100101 Q
09
0/
03
07
b10100101 5
01
02
b10001010100 F
b1 :
b1 ;
b101001010 C
b1001100111 L
b1001100111 H
b1001001001 J
b1010000010 O
b1100 I
b1001010101 K
#11840000
0.
#11845000
1.
#11846000
1R
b1001110 8
b1001110 Q
19
17
b1001110 5
12
b10001010101 F
b0 :
b0 ;
#11850000
0.
#11855000
b110 S
b1101 &
b1101 U
b10110 [
1.
#11856000
0R
b1000 8
b1000 Q
09
07
b1000 5
02
b10001010110 F
b1 ;
b1010000011 O
b1101 I
b1001010110 K
#11860000
0.
#11865000
1.
#11866000
1P
1R
14
b1101100 8
b1101100 Q
19
1/
b10001101 0
13
17
b1101100 5
11
12
b10001010111 F
b0 ;
#11870000
0.
#11875000
b1010 T
b111 S
b1010 Z
b10001101 "
b10001101 Y
b1101 &
b1101 U
b10111 [
1.
#11876000
0P
04
b1000100 8
b1000100 Q
0/
03
b1000100 5
01
b10001011000 F
b1 :
b1 ;
b101001011 C
b1001101000 L
b1001101000 H
b1001001010 J
b1010000100 O
b1101 I
b1001010111 K
#11880000
0.
#11885000
b1000 S
b1110 &
b1110 U
b11000 [
1.
#11886000
0R
b10101111 8
b10101111 Q
09
07
b10101111 5
02
b10001011001 F
b0 :
b10 ;
b1010000101 O
b1110 I
b1001011000 K
#11890000
0.
#11895000
1.
#11896000
1P
1R
14
b1100001 8
b1100001 Q
19
1/
b10000 0
13
17
b1100001 5
11
12
b10001011010 F
b0 ;
#11900000
0.
#11905000
b1001 S
b1011 T
b11001 [
b1110 &
b1110 U
b1011 Z
b10000 "
b10000 Y
1.
#11906000
0R
b11000110 8
b11000110 Q
09
b10110101 0
07
b11000110 5
02
b10001011011 F
b1 :
b1 ;
b101001100 C
b1001101001 L
b1001101001 H
b1001001011 J
b1010000110 O
b1110 I
b1001011001 K
#11910000
0.
#11915000
b1100 T
b1101 &
b1101 U
b1100 Z
b10110101 "
b10110101 Y
1.
#11916000
0P
1R
04
b111101 8
b111101 Q
19
0/
03
17
b111101 5
01
12
b10001011100 F
b10 :
b0 ;
b1001101010 L
b1001101010 H
b1101 I
b1001001100 J
#11920000
0.
#11925000
b1010 S
b1110 &
b1110 U
b11010 [
1.
#11926000
b100 8
b100 Q
b100 5
b10001011101 F
b0 :
b1 ;
b1010000111 O
b1110 I
b1001011010 K
#11930000
0.
#11935000
b1011 S
1'
b1111 &
b1111 U
b11011 [
1.
#11936000
1P
0R
14
b10101010 8
b10101010 Q
09
1/
b11001001 0
13
07
b10101010 5
11
02
b10001011110 F
b10 ;
b1110011 =
b1010001000 O
b1111 I
b1001011011 K
#11940000
0.
#11945000
b1101 T
0'
b1110 &
b1110 U
b1101 Z
b11001001 "
b11001001 Y
1.
#11946000
0P
1R
04
b1110111 8
b1110111 Q
19
0/
03
17
b1110111 5
01
12
b10001011111 F
b1 :
b0 ;
b1001101011 L
b1001101011 H
b1110 I
b1001001101 J
#11950000
0.
#11955000
b1100 S
1'
b1111 &
b1111 U
b11100 [
1.
#11956000
b1100101 8
b1100101 Q
b1100101 5
b10001100000 F
b0 :
b1 ;
b1110100 =
b1010001001 O
b1111 I
b1001011100 K
#11960000
0.
#11965000
0R
1$
b1101 S
0'
b10000 &
b10000 U
b11101 [
1.
#11966000
1P
14
b10001 8
b10001 Q
09
1/
b1010101 0
13
07
b10001 5
11
02
b10001100001 F
b10 ;
b111001 A
b1010001010 O
b10000 I
b1001011101 K
#11970000
0.
#11975000
0$
b1110 T
1'
b1111 &
b1111 U
b1110 Z
b1010101 "
b1010101 Y
1.
#11976000
1R
b1110001 8
b1110001 Q
19
b11001001 0
17
b1110001 5
12
b10001100010 F
b1 :
b0 ;
b1110101 =
b1001101100 L
b1001101100 H
b1111 I
b1001001110 J
#11980000
0.
#11985000
b1110 S
b1111 T
b11110 [
1'
b1111 &
b1111 U
b1111 Z
b11001001 "
b11001001 Y
1.
#11986000
0P
04
b11111101 8
b11111101 Q
0/
03
b11111101 5
01
b10001100011 F
b10 :
b1 ;
b101001101 C
b1110110 =
b1001101101 L
b1001101101 H
b1001001111 J
b1010001011 O
b1111 I
b1001011110 K
#11990000
0.
#11995000
0R
1$
b1111 S
0'
b10000 &
b10000 U
b11111 [
1.
#11996000
1P
14
b1111001 8
b1111001 Q
1/
b1010010 0
13
07
b1111001 5
11
b10001100100 F
b0 :
b10 ;
b111010 A
b1010001100 O
b10000 I
b1001011111 K
#12000000
0.
#12005000
1R
0$
b0 T
1'
b1111 &
b1111 U
b10000 Z
b1010010 "
b1010010 Y
1#
1.
#12006000
b10 8
b10 Q
b1010 0
17
b10 5
b10001100101 F
b1 :
b0 ;
b10000 D
b1110111 =
b1001101110 L
b1001101110 H
b1111 I
b1001010000 J
b100010 E
b100010 G
#12010000
0.
#12015000
b1 T
b0 S
0#
b10001 Z
b1010 "
b1010 Y
1'
b1111 &
b1111 U
b0 [
1.
#12016000
0R
b1100101 8
b1100101 Q
09
b1101010 0
07
b1100101 5
02
b10001100110 F
b10 :
b1 ;
b101001110 C
b1111000 =
b1001101111 L
b1001101111 H
b1001010001 J
b1010001101 O
b1111 I
b1001100000 K
#12020000
0.
#12025000
b10 T
0'
b1110 &
b1110 U
b10010 Z
b1101010 "
b1101010 Y
1.
#12026000
0P
1R
04
b11010110 8
b11010110 Q
19
0/
03
17
b11010110 5
01
12
b10001100111 F
b11 :
b0 ;
b1001110000 L
b1001110000 H
b1110 I
b1001010010 J
#12030000
0.
#12035000
b1 S
1'
b1111 &
b1111 U
b1 [
1.
#12036000
b10000111 8
b10000111 Q
b10000111 5
b10001101000 F
b0 :
b1 ;
b1111001 =
b1010001110 O
b1111 I
b1001100001 K
#12040000
0.
#12045000
0R
1$
b10 S
0'
b10000 &
b10000 U
b10 [
1.
#12046000
b100001 8
b100001 Q
09
07
b100001 5
02
b10001101001 F
b10 ;
b111011 A
b1010001111 O
b10000 I
b1001100010 K
#12050000
0.
#12055000
1.
#12056000
1P
14
b1101000 8
b1101000 Q
1/
b11010110 0
13
b1101000 5
11
b10001101010 F
b0 ;
b111100 A
#12060000
0.
#12065000
0$
b11 T
1'
b1111 &
b1111 U
b10011 Z
b11010110 "
b11010110 Y
1.
#12066000
b110101 8
b110101 Q
b10001001 0
b110101 5
b10001101011 F
b1 :
b1111010 =
b1001110001 L
b1001110001 H
b1111 I
b1001010011 J
#12070000
0.
#12075000
b100 T
0'
b1110 &
b1110 U
b10100 Z
b10001001 "
b10001001 Y
1.
#12076000
0P
1R
04
b1000110 8
b1000110 Q
19
0/
03
17
b1000110 5
01
12
b10001101100 F
b10 :
b1001110010 L
b1001110010 H
b1110 I
b1001010100 J
#12080000
0.
#12085000
b11 S
1'
b1111 &
b1111 U
b11 [
1.
#12086000
1P
14
b10111 8
b10111 Q
1/
b10111010 0
13
b10111 5
11
b10001101101 F
b0 :
b1 ;
b1111011 =
b1010010000 O
b1111 I
b1001100011 K
#12090000
0.
#12095000
b101 T
b100 S
b10101 Z
b10111010 "
b10111010 Y
1'
b1111 &
b1111 U
b100 [
1.
#12096000
0P
0R
04
b11000110 8
b11000110 Q
09
0/
03
07
b11000110 5
01
02
b10001101110 F
b1 :
b10 ;
b101001111 C
b1111100 =
b1001110011 L
b1001110011 H
b1001010101 J
b1010010001 O
b1111 I
b1001100100 K
#12100000
0.
#12105000
1.
#12106000
1P
14
b11001010 8
b11001010 Q
1/
b1001110 0
13
b11001010 5
11
b10001101111 F
b0 :
b0 ;
b1111101 =
#12110000
0.
#12115000
b110 T
0'
b1110 &
b1110 U
b10110 Z
b1001110 "
b1001110 Y
1.
#12116000
0P
1R
04
b1101 8
b1101 Q
19
0/
03
17
b1101 5
01
12
b10001110000 F
b1 :
b1001110100 L
b1001110100 H
b1110 I
b1001010110 J
#12120000
0.
#12125000
b101 S
1'
b1111 &
b1111 U
b101 [
1.
#12126000
b11010101 8
b11010101 Q
b11010101 5
b10001110001 F
b0 :
b1 ;
b1111110 =
b1010010010 O
b1111 I
b1001100101 K
#12130000
0.
#12135000
0R
1$
b110 S
0'
b10000 &
b10000 U
b110 [
1.
#12136000
1P
14
b1001010 8
b1001010 Q
1/
b1101100 0
13
07
b1001010 5
11
b10001110010 F
b10 ;
b111101 A
b1010010011 O
b10000 I
b1001100110 K
#12140000
0.
#12145000
1R
0$
b111 T
1'
b1111 &
b1111 U
b10111 Z
b1101100 "
b1101100 Y
1#
1.
#12146000
0P
0R
04
b110010 8
b110010 Q
09
0/
03
b110010 5
01
02
b10001110011 F
b1 :
b0 ;
b10001 D
b1111111 =
b1001110101 L
b1001110101 H
b1111 I
b1001010111 J
b100011 E
b100011 G
#12150000
0.
#12155000
0#
1.
#12156000
b100 8
b100 Q
b100 5
b10001110100 F
b0 :
b10000000 =
#12160000
0.
#12165000
1.
#12166000
1P
14
b0 8
b0 Q
1/
b1000100 0
13
b0 5
11
b10001110101 F
b10000001 =
#12170000
0.
#12175000
b1000 T
0'
b1110 &
b1110 U
b11000 Z
b1000100 "
b1000100 Y
1.
#12176000
1R
b1111001 8
b1111001 Q
19
b1100001 0
17
b1111001 5
12
b10001110110 F
b1 :
b1001110110 L
b1001110110 H
b1110 I
b1001011000 J
#12180000
0.
#12185000
b111 S
b1001 T
b111 [
b1110 &
b1110 U
b11001 Z
b1100001 "
b1100001 Y
1.
#12186000
0R
b101101 8
b101101 Q
09
b111101 0
07
b101101 5
02
b10001110111 F
b10 :
b1 ;
b101010000 C
b1001110111 L
b1001110111 H
b1001011001 J
b1010010100 O
b1110 I
b1001100111 K
#12190000
0.
#12195000
b1010 T
b1101 &
b1101 U
b11010 Z
b111101 "
b111101 Y
1.
#12196000
1R
b10110111 8
b10110111 Q
19
b100 0
17
b10110111 5
12
b10001111000 F
b11 :
b0 ;
b1001111000 L
b1001111000 H
b1101 I
b1001011010 J
#12200000
0.
#12205000
b1000 S
b1011 T
b1000 [
b1101 &
b1101 U
b11011 Z
b100 "
b100 Y
1.
#12206000
0R
b1100000 8
b1100000 Q
09
b1110111 0
07
b1100000 5
02
b10001111001 F
b1100111 >
b100 :
b1 ;
b101010001 C
b1001111001 L
b1001111001 H
b1001011011 J
b1010010101 O
b1101 I
b1001101000 K
#12210000
0.
#12215000
b1100 T
b1100 &
b1100 U
b11100 Z
b1110111 "
b1110111 Y
1.
#12216000
0P
04
b111100 8
b111100 Q
0/
03
b111100 5
01
b10001111010 F
b1101000 >
b101 :
b0 ;
b1001111010 L
b1001111010 H
b1100 I
b1001011100 J
#12220000
0.
#12225000
1.
#12226000
1R
b10011001 8
b10011001 Q
19
17
b10011001 5
12
b10001111011 F
b0 :
#12230000
0.
#12235000
b1001 S
b1101 &
b1101 U
b1001 [
1.
#12236000
b100110 8
b100110 Q
b100110 5
b10001111100 F
b1 ;
b1010010110 O
b1101 I
b1001101001 K
#12240000
0.
#12245000
b1010 S
b1110 &
b1110 U
b1010 [
1.
#12246000
1P
14
b11000101 8
b11000101 Q
1/
b1100101 0
13
b11000101 5
11
b10001111101 F
b10 ;
b1010010111 O
b1110 I
b1001101010 K
#12250000
0.
#12255000
b1101 T
b1011 S
b11101 Z
b1100101 "
b1100101 Y
0'
b1110 &
b1110 U
b1011 [
1.
#12256000
0P
0R
04
b10111001 8
b10111001 Q
09
0/
03
07
b10111001 5
01
02
b10001111110 F
b1 :
b11 ;
b101010010 C
b1001111011 L
b1001111011 H
b1001011101 J
b1010011000 O
b1110 I
b1001101011 K
#12260000
0.
#12265000
1.
#12266000
1R
b11100001 8
b11100001 Q
19
17
b11100001 5
12
b10001111111 F
b0 :
b0 ;
#12270000
0.
#12275000
b1100 S
1'
b1111 &
b1111 U
b1100 [
1.
#12276000
1P
14
b10010 8
b10010 Q
1/
b1110001 0
13
b10010 5
11
b10010000000 F
b1 ;
b10000010 =
b1010011001 O
b1111 I
b1001101100 K
#12280000
0.
#12285000
b1101 S
b1110 T
b1101 [
1'
b1111 &
b1111 U
b11110 Z
b1110001 "
b1110001 Y
1.
#12286000
0P
04
b1001111 8
b1001111 Q
0/
03
b1001111 5
01
b10010000001 F
b1 :
b10 ;
b101010011 C
b10000011 =
b1001111100 L
b1001111100 H
b1001011110 J
b1010011010 O
b1111 I
b1001101101 K
#12290000
0.
#12295000
0R
1$
b1110 S
0'
b10000 &
b10000 U
b1110 [
1.
#12296000
1P
14
b10011 8
b10011 Q
1/
b11111101 0
13
07
b10011 5
11
b10010000010 F
b0 :
b11 ;
b111110 A
b1010011011 O
b10000 I
b1001101110 K
#12300000
0.
#12305000
1R
0$
b1111 T
1'
b1111 &
b1111 U
b11111 Z
b11111101 "
b11111101 Y
1#
1.
#12306000
0P
0R
04
b1011000 8
b1011000 Q
09
0/
03
b1011000 5
01
02
b10010000011 F
b1 :
b0 ;
b10010 D
b10000100 =
b1001111101 L
b1001111101 H
b1111 I
b1001011111 J
b100100 E
b100100 G
#12310000
0.
#12315000
0#
1.
#12316000
1R
b11110111 8
b11110111 Q
19
17
b11110111 5
12
b10010000100 F
b0 :
b10000101 =
#12320000
0.
#12325000
0R
1$
b1111 S
0'
b10000 &
b10000 U
b1111 [
1.
#12326000
1P
14
b10010 8
b10010 Q
09
1/
b10 0
13
07
b10010 5
11
02
b10010000101 F
b1 ;
b111111 A
b1010011100 O
b10000 I
b1001101111 K
#12330000
0.
#12335000
0$
b0 T
1'
b1111 &
b1111 U
b0 Z
b10 "
b10 Y
1.
#12336000
b1111000 8
b1111000 Q
b11010110 0
b1111000 5
b10010000110 F
b1 :
b0 ;
b10000110 =
b1001111110 L
b1001111110 H
b1111 I
b1001100000 J
#12340000
0.
#12345000
b1 T
0'
b1110 &
b1110 U
b1 Z
b11010110 "
b11010110 Y
1.
#12346000
b10101111 8
b10101111 Q
b10000111 0
b10101111 5
b10010000111 F
b10 :
b1001111111 L
b1001111111 H
b1110 I
b1001100001 J
#12350000
0.
#12355000
b10 T
b1101 &
b1101 U
b10 Z
b10000111 "
b10000111 Y
1.
#12356000
0P
1R
04
b11010 8
b11010 Q
19
0/
03
17
b11010 5
01
12
b10010001000 F
b11 :
b1010000000 L
b1010000000 H
b1101 I
b1001100010 J
#12360000
0.
#12365000
b0 S
b1110 &
b1110 U
b10000 [
1.
#12366000
1P
14
b10010001 8
b10010001 Q
1/
b1000110 0
13
b10010001 5
11
b10010001001 F
b0 :
b1 ;
b1010011101 O
b1110 I
b1001110000 K
#12370000
0.
#12375000
b11 T
b1 S
b11 Z
b1000110 "
b1000110 Y
0'
b1110 &
b1110 U
b10001 [
1.
#12376000
0P
0R
04
b10001100 8
b10001100 Q
09
0/
03
07
b10001100 5
01
02
b10010001010 F
b1 :
b10 ;
b101010100 C
b1010000001 L
b1010000001 H
b1001100011 J
b1010011110 O
b1110 I
b1001110001 K
#12380000
0.
#12385000
1.
#12386000
1R
b1111111 8
b1111111 Q
19
17
b1111111 5
12
b10010001011 F
b0 :
b0 ;
#12390000
0.
#12395000
b10 S
1'
b1111 &
b1111 U
b10010 [
1.
#12396000
b10010000 8
b10010000 Q
b10010000 5
b10010001100 F
b1 ;
b10000111 =
b1010011111 O
b1111 I
b1001110010 K
#12400000
0.
#12405000
0R
1$
b11 S
0'
b10000 &
b10000 U
b10011 [
1.
#12406000
1P
14
b1110011 8
b1110011 Q
09
1/
b10111 0
13
07
b1110011 5
11
02
b10010001101 F
b10 ;
b1000000 A
b1010100000 O
b10000 I
b1001110011 K
#12410000
0.
#12415000
0$
b100 T
1'
b1111 &
b1111 U
b100 Z
b10111 "
b10111 Y
1.
#12416000
0P
04
b110010 8
b110010 Q
0/
03
b110010 5
01
b10010001110 F
b1 :
b0 ;
b10001000 =
b1010000010 L
b1010000010 H
b1111 I
b1001100100 J
#12420000
0.
#12425000
1.
#12426000
1P
1R
14
b10010110 8
b10010110 Q
19
1/
b1101 0
13
17
b10010110 5
11
12
b10010001111 F
b0 :
b10001001 =
#12430000
0.
#12435000
b101 T
b100 S
b101 Z
b1101 "
b1101 Y
1'
b1111 &
b1111 U
b10100 [
1.
#12436000
0R
b1100 8
b1100 Q
09
b11010101 0
07
b1100 5
02
b10010010000 F
b1 :
b1 ;
b101010101 C
b10001010 =
b1010000011 L
b1010000011 H
b1001100101 J
b1010100001 O
b1111 I
b1001110100 K
#12440000
0.
#12445000
b110 T
0'
b1110 &
b1110 U
b110 Z
b11010101 "
b11010101 Y
1.
#12446000
1R
b1110110 8
b1110110 Q
19
b1111001 0
17
b1110110 5
12
b10010010001 F
b10 :
b0 ;
b1010000100 L
b1010000100 H
b1110 I
b1001100110 J
#12450000
0.
#12455000
b111 T
b101 S
b111 Z
b1111001 "
b1111001 Y
0'
b1110 &
b1110 U
b10101 [
1.
#12456000
0P
0R
04
b111011 8
b111011 Q
09
0/
03
07
b111011 5
01
02
b10010010010 F
b11 :
b1 ;
b101010110 C
b1010000101 L
b1010000101 H
b1001100111 J
b1010100010 O
b1110 I
b1001110101 K
#12460000
0.
#12465000
1.
#12466000
1P
1R
14
b10000011 8
b10000011 Q
19
1/
b10110111 0
13
17
b10000011 5
11
12
b10010010011 F
b0 :
b0 ;
#12470000
0.
#12475000
b1000 T
b110 S
b1000 Z
b10110111 "
b10110111 Y
0'
b1110 &
b1110 U
b10110 [
1.
#12476000
0P
0R
04
b110 8
b110 Q
09
0/
03
07
b110 5
01
02
b10010010100 F
b1 :
b1 ;
b101010111 C
b1010000110 L
b1010000110 H
b1001101000 J
b1010100011 O
b1110 I
b1001110110 K
#12480000
0.
#12485000
1.
#12486000
1R
b10001100 8
b10001100 Q
19
17
b10001100 5
12
b10010010101 F
b0 :
b0 ;
#12490000
0.
#12495000
b111 S
1'
b1111 &
b1111 U
b10111 [
1.
#12496000
1P
14
b1110010 8
b1110010 Q
1/
b10011001 0
13
b1110010 5
11
b10010010110 F
b1 ;
b10001011 =
b1010100100 O
b1111 I
b1001110111 K
#12500000
0.
#12505000
b1000 S
b1001 T
b11000 [
1'
b1111 &
b1111 U
b1001 Z
b10011001 "
b10011001 Y
1.
#12506000
b10001000 8
b10001000 Q
b100110 0
b10001000 5
b10010010111 F
b1 :
b10 ;
b101011000 C
b10001100 =
b1010000111 L
b1010000111 H
b1001101001 J
b1010100101 O
b1111 I
b1001111000 K
#12510000
0.
#12515000
b1010 T
b1001 S
b1010 Z
b100110 "
b100110 Y
1'
b1111 &
b1111 U
b11001 [
1.
#12516000
0R
b1100010 8
b1100010 Q
09
b11000101 0
07
b1100010 5
02
b10010011000 F
b10 :
b11 ;
b101011001 C
b10001101 =
b1010001000 L
b1010001000 H
b1001101010 J
b1010100110 O
b1111 I
b1001111001 K
#12520000
0.
#12525000
b1011 T
0'
b1110 &
b1110 U
b1011 Z
b11000101 "
b11000101 Y
1.
#12526000
0P
04
b10010110 8
b10010110 Q
0/
03
b10010110 5
01
b10010011001 F
b11 :
b0 ;
b1010001001 L
b1010001001 H
b1110 I
b1001101011 J
#12530000
0.
#12535000
1.
#12536000
b100101 8
b100101 Q
b100101 5
b10010011010 F
b0 :
#12540000
0.
#12545000
1.
#12546000
1P
14
b11110111 8
b11110111 Q
1/
b11100001 0
13
b11110111 5
11
b10010011011 F
#12550000
0.
#12555000
b1100 T
b1101 &
b1101 U
b1100 Z
b11100001 "
b11100001 Y
1.
#12556000
b10111110 8
b10111110 Q
b10010 0
b10111110 5
b10010011100 F
b1 :
b1010001010 L
b1010001010 H
b1101 I
b1001101100 J
#12560000
0.
#12565000
b1101 T
b1100 &
b1100 U
b1101 Z
b10010 "
b10010 Y
1.
#12566000
b110111 8
b110111 Q
b1001111 0
b110111 5
b10010011101 F
b10 :
b1010001011 L
b1010001011 H
b1100 I
b1001101101 J
#12570000
0.
#12575000
b1110 T
b1011 &
b1011 U
b1110 Z
b1001111 "
b1001111 Y
1.
#12576000
0P
1R
04
b110 8
b110 Q
19
0/
03
17
b110 5
01
12
b10010011110 F
b11 :
b1010001100 L
b1010001100 H
b1011 I
b1001101110 J
#12580000
0.
#12585000
b1010 S
b1100 &
b1100 U
b11010 [
1.
#12586000
1P
14
b10011010 8
b10011010 Q
1/
b11110111 0
13
b10011010 5
11
b10010011111 F
b0 :
b1 ;
b1010100111 O
b1100 I
b1001111010 K
#12590000
0.
#12595000
b1111 T
b1011 S
b1111 Z
b11110111 "
b11110111 Y
b1100 &
b1100 U
b11011 [
1.
#12596000
b110 8
b110 Q
b11010 0
b110 5
b10010100000 F
b1 :
b10 ;
b101011010 C
b1010001101 L
b1010001101 H
b1001101111 J
b1010101000 O
b1100 I
b1001111011 K
#12600000
0.
#12605000
b1100 S
b0 T
b11100 [
b1100 &
b1100 U
b10000 Z
b11010 "
b11010 Y
1.
#12606000
0P
04
b10101100 8
b10101100 Q
0/
03
b10101100 5
01
b10010100001 F
b10 :
b11 ;
b101011011 C
b1010001110 L
b1010001110 H
b1001110000 J
b1010101001 O
b1100 I
b1001111100 K
#12610000
0.
#12615000
b1101 S
b1101 &
b1101 U
b11101 [
1.
#12616000
b10011 8
b10011 Q
b10011 5
b10010100010 F
b1110101 ?
b0 :
b100 ;
b1010101010 O
b1101 I
b1001111101 K
#12620000
0.
#12625000
b1110 S
b1110 &
b1110 U
b11110 [
1.
#12626000
0R
b10110001 8
b10110001 Q
09
07
b10110001 5
02
b10010100011 F
b1110110 ?
b101 ;
b1010101011 O
b1110 I
b1001111110 K
#12630000
0.
#12635000
1.
#12636000
1P
1R
14
b11110111 8
b11110111 Q
19
1/
b10010001 0
13
17
b11110111 5
11
12
b10010100100 F
b0 ;
#12640000
0.
#12645000
b1111 S
b1 T
b11111 [
b1110 &
b1110 U
b10001 Z
b10010001 "
b10010001 Y
1.
#12646000
0P
04
b10011100 8
b10011100 Q
0/
03
b10011100 5
01
b10010100101 F
b1 :
b1 ;
b101011100 C
b1010001111 L
b1010001111 H
b1001110001 J
b1010101100 O
b1110 I
b1001111111 K
#12650000
0.
#12655000
b0 S
1'
b1111 &
b1111 U
b0 [
1.
#12656000
1P
14
b11100101 8
b11100101 Q
1/
b1111111 0
13
b11100101 5
11
b10010100110 F
b0 :
b10 ;
b10001110 =
b1010101101 O
b1111 I
b1010000000 K
#12660000
0.
#12665000
b1 S
b10 T
b1 [
1'
b1111 &
b1111 U
b10010 Z
b1111111 "
b1111111 Y
1.
#12666000
0P
04
b10100001 8
b10100001 Q
0/
03
b10100001 5
01
b10010100111 F
b1 :
b11 ;
b101011101 C
b10001111 =
b1010010000 L
b1010010000 H
b1001110010 J
b1010101110 O
b1111 I
b1010000001 K
#12670000
0.
#12675000
0R
1$
b10 S
0'
b10000 &
b10000 U
b10 [
1.
#12676000
1P
14
b10110100 8
b10110100 Q
1/
b10010000 0
13
07
b10110100 5
11
b10010101000 F
b1110111 ?
b0 :
b100 ;
b1000001 A
b1010101111 O
b10000 I
b1010000010 K
#12680000
0.
#12685000
1R
0$
b11 T
1'
b1111 &
b1111 U
b10011 Z
b10010000 "
b10010000 Y
1#
1.
#12686000
b1100001 8
b1100001 Q
b10010110 0
17
b1100001 5
b10010101001 F
b1 :
b0 ;
b10011 D
b10010000 =
b1010010001 L
b1010010001 H
b1111 I
b1001110011 J
b100101 E
b100101 G
#12690000
0.
#12695000
b100 T
b11 S
0#
b10100 Z
b10010110 "
b10010110 Y
1'
b1111 &
b1111 U
b11 [
1.
#12696000
0P
0R
04
b10000111 8
b10000111 Q
09
0/
03
07
b10000111 5
01
02
b10010101010 F
b10 :
b1 ;
b101011110 C
b10010001 =
b1010010010 L
b1010010010 H
b1001110100 J
b1010110000 O
b1111 I
b1010000011 K
#12700000
0.
#12705000
1.
#12706000
1P
1R
14
b1100000 8
b1100000 Q
19
1/
b1110110 0
13
17
b1100000 5
11
12
b10010101011 F
b0 :
b0 ;
b10010010 =
#12710000
0.
#12715000
b101 T
b100 S
b10101 Z
b1110110 "
b1110110 Y
1'
b1111 &
b1111 U
b100 [
1.
#12716000
0R
b10000110 8
b10000110 Q
09
b10000011 0
07
b10000110 5
02
b10010101100 F
b1 :
b1 ;
b101011111 C
b10010011 =
b1010010011 L
b1010010011 H
b1001110101 J
b1010110001 O
b1111 I
b1010000100 K
#12720000
0.
#12725000
b110 T
0'
b1110 &
b1110 U
b10110 Z
b10000011 "
b10000011 Y
1.
#12726000
0P
1R
04
b101011 8
b101011 Q
19
0/
03
17
b101011 5
01
12
b10010101101 F
b10 :
b0 ;
b1010010100 L
b1010010100 H
b1110 I
b1001110110 J
#12730000
0.
#12735000
b101 S
1'
b1111 &
b1111 U
b101 [
1.
#12736000
1P
0R
14
b11000000 8
b11000000 Q
09
1/
b10001100 0
13
07
b11000000 5
11
02
b10010101110 F
b0 :
b1 ;
b10010100 =
b1010110010 O
b1111 I
b1010000101 K
#12740000
0.
#12745000
b111 T
0'
b1110 &
b1110 U
b10111 Z
b10001100 "
b10001100 Y
1.
#12746000
b1000000 8
b1000000 Q
b1110010 0
b1000000 5
b10010101111 F
b1 :
b0 ;
b1010010101 L
b1010010101 H
b1110 I
b1001110111 J
#12750000
0.
#12755000
b1000 T
b1101 &
b1101 U
b11000 Z
b1110010 "
b1110010 Y
1.
#12756000
1R
b10000111 8
b10000111 Q
19
b10001000 0
17
b10000111 5
12
b10010110000 F
b10 :
b1010010110 L
b1010010110 H
b1101 I
b1001111000 J
#12760000
0.
#12765000
b110 S
b1001 T
b110 [
b1101 &
b1101 U
b11001 Z
b10001000 "
b10001000 Y
1.
#12766000
0P
04
b101 8
b101 Q
0/
03
b101 5
01
b10010110001 F
b11 :
b1 ;
b101100000 C
b1010010111 L
b1010010111 H
b1001111001 J
b1010110011 O
b1101 I
b1010000110 K
#12770000
0.
#12775000
b111 S
b1110 &
b1110 U
b111 [
1.
#12776000
0R
b1101011 8
b1101011 Q
09
07
b1101011 5
02
b10010110010 F
b0 :
b10 ;
b1010110100 O
b1110 I
b1010000111 K
#12780000
0.
#12785000
1.
#12786000
1R
b10010110 8
b10010110 Q
19
17
b10010110 5
12
b10010110011 F
b0 ;
#12790000
0.
#12795000
b1000 S
1'
b1111 &
b1111 U
b1000 [
1.
#12796000
1P
14
b10110110 8
b10110110 Q
1/
b110 0
13
b10110110 5
11
b10010110100 F
b1 ;
b10010101 =
b1010110101 O
b1111 I
b1010001000 K
#12800000
0.
#12805000
b1001 S
b1010 T
b1001 [
1'
b1111 &
b1111 U
b11010 Z
b110 "
b110 Y
1.
#12806000
0R
b10011000 8
b10011000 Q
09
b10011010 0
07
b10011000 5
02
b10010110101 F
b1 :
b10 ;
b101100001 C
b10010110 =
b1010011000 L
b1010011000 H
b1001111010 J
b1010110110 O
b1111 I
b1010001001 K
#12810000
0.
#12815000
b1011 T
0'
b1110 &
b1110 U
b11011 Z
b10011010 "
b10011010 Y
1.
#12816000
0P
04
b1001011 8
b1001011 Q
0/
03
b1001011 5
01
b10010110110 F
b10 :
b0 ;
b1010011001 L
b1010011001 H
b1110 I
b1001111011 J
#12820000
0.
#12825000
1.
#12826000
1R
b1101011 8
b1101011 Q
19
17
b1101011 5
12
b10010110111 F
b0 :
#12830000
0.
#12835000
b1010 S
1'
b1111 &
b1111 U
b1010 [
1.
#12836000
1P
14
b10111100 8
b10111100 Q
1/
b110 0
13
b10111100 5
11
b10010111000 F
b1 ;
b10010111 =
b1010110111 O
b1111 I
b1010001010 K
#12840000
0.
#12845000
b1011 S
b1100 T
b1011 [
1'
b1111 &
b1111 U
b11100 Z
b110 "
b110 Y
1.
#12846000
0R
b111110 8
b111110 Q
09
b10101100 0
07
b111110 5
02
b10010111001 F
b1 :
b10 ;
b101100010 C
b10011000 =
b1010011010 L
b1010011010 H
b1001111100 J
b1010111000 O
b1111 I
b1010001011 K
#12850000
0.
#12855000
b1101 T
0'
b1110 &
b1110 U
b11101 Z
b10101100 "
b10101100 Y
1.
#12856000
0P
04
b1110001 8
b1110001 Q
0/
03
b1110001 5
01
b10010111010 F
b10 :
b0 ;
b1010011011 L
b1010011011 H
b1110 I
b1001111101 J
#12860000
0.
#12865000
1.
#12866000
1P
14
b111001 8
b111001 Q
1/
b10011 0
13
b111001 5
11
b10010111011 F
b0 :
#12870000
0.
#12875000
b1110 T
b1101 &
b1101 U
b11110 Z
b10011 "
b10011 Y
1.
#12876000
b1101001 8
b1101001 Q
b11110111 0
b1101001 5
b10010111100 F
b1 :
b1010011100 L
b1010011100 H
b1101 I
b1001111110 J
#12880000
0.
#12885000
b1111 T
b1100 &
b1100 U
b11111 Z
b11110111 "
b11110111 Y
1.
#12886000
0P
04
b10111000 8
b10111000 Q
0/
03
b10111000 5
01
b10010111101 F
b10 :
b1010011101 L
b1010011101 H
b1100 I
b1001111111 J
#12890000
0.
#12895000
1.
#12896000
1R
b101101 8
b101101 Q
19
17
b101101 5
12
b10010111110 F
b0 :
#12900000
0.
#12905000
b1100 S
b1101 &
b1101 U
b1100 [
1.
#12906000
0R
b1001111 8
b1001111 Q
09
07
b1001111 5
02
b10010111111 F
b1 ;
b1010111001 O
b1101 I
b1010001100 K
#12910000
0.
#12915000
1.
#12916000
b10100100 8
b10100100 Q
b10100100 5
b10011000000 F
b0 ;
#12920000
0.
#12925000
1.
#12926000
1P
1R
14
b10011101 8
b10011101 Q
19
1/
b10011100 0
13
17
b10011101 5
11
12
b10011000001 F
#12930000
0.
#12935000
b0 T
b1101 S
b0 Z
b10011100 "
b10011100 Y
b1101 &
b1101 U
b1101 [
1.
#12936000
0R
b11001 8
b11001 Q
09
b11100101 0
07
b11001 5
02
b10011000010 F
b1 :
b1 ;
b101100011 C
b1010011110 L
b1010011110 H
b1010000000 J
b1010111010 O
b1101 I
b1010001101 K
#12940000
0.
#12945000
b1 T
b1100 &
b1100 U
b1 Z
b11100101 "
b11100101 Y
1.
#12946000
0P
04
b1101110 8
b1101110 Q
0/
03
b1101110 5
01
b10011000011 F
b10 :
b0 ;
b1010011111 L
b1010011111 H
b1100 I
b1010000001 J
#12950000
0.
#12955000
1.
#12956000
1P
14
b1011101 8
b1011101 Q
1/
b10100001 0
13
b1011101 5
11
b10011000100 F
b0 :
#12960000
0.
#12965000
b10 T
b1011 &
b1011 U
b10 Z
b10100001 "
b10100001 Y
1.
#12966000
0P
04
b1010011 8
b1010011 Q
0/
03
b1010011 5
01
b10011000101 F
b1 :
b1010100000 L
b1010100000 H
b1011 I
b1010000010 J
#12970000
0.
#12975000
1.
#12976000
1P
1R
14
b10101010 8
b10101010 Q
19
1/
b1100001 0
13
17
b10101010 5
11
12
b10011000110 F
b0 :
#12980000
0.
#12985000
b1110 S
b11 T
b1110 [
b1011 &
b1011 U
b11 Z
b1100001 "
b1100001 Y
1.
#12986000
0R
b10110110 8
b10110110 Q
09
b1100000 0
07
b10110110 5
02
b10011000111 F
b1 :
b1 ;
b101100100 C
b1010100001 L
b1010100001 H
b1010000011 J
b1010111011 O
b1011 I
b1010001110 K
#12990000
0.
#12995000
b100 T
b1010 &
b1010 U
b100 Z
b1100000 "
b1100000 Y
1.
#12996000
b10111111 8
b10111111 Q
b101011 0
b10111111 5
b10011001000 F
b10 :
b0 ;
b1010100010 L
b1010100010 H
b1010 I
b1010000100 J
#13000000
0.
#13005000
b101 T
b1001 &
b1001 U
b101 Z
b101011 "
b101011 Y
1.
#13006000
0P
04
b101011 8
b101011 Q
0/
03
b101011 5
01
b10011001001 F
b11 :
b1010100011 L
b1010100011 H
b1001 I
b1010000101 J
#13010000
0.
#13015000
1.
#13016000
1P
14
b1110011 8
b1110011 Q
1/
b10000111 0
13
b1110011 5
11
b10011001010 F
b0 :
#13020000
0.
#13025000
b110 T
b1000 &
b1000 U
b110 Z
b10000111 "
b10000111 Y
1.
#13026000
0P
1R
04
b11101111 8
b11101111 Q
19
0/
03
17
b11101111 5
01
12
b10011001011 F
b1 :
b1010100100 L
b1010100100 H
b1000 I
b1010000110 J
#13030000
0.
#13035000
b1111 S
b1001 &
b1001 U
b1111 [
1.
#13036000
1P
14
b10100011 8
b10100011 Q
1/
b101 0
13
b10100011 5
11
b10011001100 F
b0 :
b1 ;
b1010111100 O
b1001 I
b1010001111 K
#13040000
0.
#13045000
b0 S
b111 T
b10000 [
b1001 &
b1001 U
b111 Z
b101 "
b101 Y
1.
#13046000
b11101010 8
b11101010 Q
b10010110 0
b11101010 5
b10011001101 F
b1 :
b10 ;
b101100101 C
b1010100101 L
b1010100101 H
b1010000111 J
b1010111101 O
b1001 I
b1010010000 K
#13050000
0.
#13055000
b1000 T
b1 S
b1000 Z
b10010110 "
b10010110 Y
b1001 &
b1001 U
b10001 [
1.
#13056000
b11110001 8
b11110001 Q
b10110110 0
b11110001 5
b10011001110 F
b10 :
b11 ;
b101100110 C
b1010100110 L
b1010100110 H
b1010001000 J
b1010111110 O
b1001 I
b1010010001 K
#13060000
0.
#13065000
b10 S
b1001 T
b10010 [
b1001 &
b1001 U
b1001 Z
b10110110 "
b10110110 Y
1.
#13066000
b11010010 8
b11010010 Q
b1101011 0
b11010010 5
b10011001111 F
b1111000 ?
b11 :
b100 ;
b101100111 C
b1010100111 L
b1010100111 H
b1010001001 J
b1010111111 O
b1001 I
b1010010010 K
#13070000
0.
#13075000
b1010 T
b11 S
b1010 Z
b1101011 "
b1101011 Y
b1001 &
b1001 U
b10011 [
1.
#13076000
b10010 8
b10010 Q
b10111100 0
b10010 5
b10011010000 F
b1101001 >
b1111001 ?
b100 :
b101 ;
b101101000 C
b1010101000 L
b1010101000 H
b1010001010 J
b1011000000 O
b1001 I
b1010010011 K
#13080000
0.
#13085000
b100 S
b1011 T
b10100 [
b1001 &
b1001 U
b1011 Z
b10111100 "
b10111100 Y
1.
#13086000
0P
0R
04
b11100100 8
b11100100 Q
09
0/
03
07
b11100100 5
01
02
b10011010001 F
b1101010 >
b1111010 ?
b101 :
b110 ;
b101101001 C
b1010101001 L
b1010101001 H
b1010001011 J
b1011000001 O
b1001 I
b1010010100 K
#13090000
0.
#13095000
1.
#13096000
1R
b10001010 8
b10001010 Q
19
17
b10001010 5
12
b10011010010 F
b0 :
b0 ;
#13100000
0.
#13105000
b101 S
b1010 &
b1010 U
b10101 [
1.
#13106000
1P
0R
14
b11001110 8
b11001110 Q
09
1/
b101101 0
13
07
b11001110 5
11
02
b10011010011 F
b1 ;
b1011000010 O
b1010 I
b1010010101 K
#13110000
0.
#13115000
b1100 T
b1001 &
b1001 U
b1100 Z
b101101 "
b101101 Y
1.
#13116000
0P
04
b1001100 8
b1001100 Q
0/
03
b1001100 5
01
b10011010100 F
b1 :
b0 ;
b1010101010 L
b1010101010 H
b1001 I
b1010001100 J
#13120000
0.
#13125000
1.
#13126000
1R
b1100111 8
b1100111 Q
19
17
b1100111 5
12
b10011010101 F
b0 :
#13130000
0.
#13135000
b110 S
b1010 &
b1010 U
b10110 [
1.
#13136000
1P
14
b100110 8
b100110 Q
1/
b10011101 0
13
b100110 5
11
b10011010110 F
b1 ;
b1011000011 O
b1010 I
b1010010110 K
#13140000
0.
#13145000
b111 S
b1101 T
b10111 [
b1010 &
b1010 U
b1101 Z
b10011101 "
b10011101 Y
1.
#13146000
b1111101 8
b1111101 Q
b10101010 0
b1111101 5
b10011010111 F
b1 :
b10 ;
b101101010 C
b1010101011 L
b1010101011 H
b1010001101 J
b1011000100 O
b1010 I
b1010010111 K
#13150000
0.
#13155000
b1110 T
b1000 S
b1110 Z
b10101010 "
b10101010 Y
b1010 &
b1010 U
b11000 [
1.
#13156000
0P
0R
04
b10100110 8
b10100110 Q
09
0/
03
07
b10100110 5
01
02
b10011011000 F
b10 :
b11 ;
b101101011 C
b1010101100 L
b1010101100 H
b1010001110 J
b1011000101 O
b1010 I
b1010011000 K
#13160000
0.
#13165000
1.
#13166000
1R
b100000 8
b100000 Q
19
17
b100000 5
12
b10011011001 F
b0 :
b0 ;
#13170000
0.
#13175000
b1001 S
b1011 &
b1011 U
b11001 [
1.
#13176000
1P
14
b1111111 8
b1111111 Q
1/
b11101111 0
13
b1111111 5
11
b10011011010 F
b1 ;
b1011000110 O
b1011 I
b1010011001 K
#13180000
0.
#13185000
b1010 S
b1111 T
b11010 [
b1011 &
b1011 U
b1111 Z
b11101111 "
b11101111 Y
1.
#13186000
0R
b10110001 8
b10110001 Q
09
b10100011 0
07
b10110001 5
02
b10011011011 F
b1 :
b10 ;
b101101100 C
b1010101101 L
b1010101101 H
b1010001111 J
b1011000111 O
b1011 I
b1010011010 K
#13190000
0.
#13195000
b0 T
b1010 &
b1010 U
b10000 Z
b10100011 "
b10100011 Y
1.
#13196000
0P
1R
04
b111011 8
b111011 Q
19
0/
03
17
b111011 5
01
12
b10011011100 F
b10 :
b0 ;
b1010101110 L
b1010101110 H
b1010 I
b1010010000 J
#13200000
0.
#13205000
b1011 S
b1011 &
b1011 U
b11011 [
1.
#13206000
1P
14
b10111111 8
b10111111 Q
1/
b11101010 0
13
b10111111 5
11
b10011011101 F
b0 :
b1 ;
b1011001000 O
b1011 I
b1010011011 K
#13210000
0.
#13215000
b1 T
b1100 S
b10001 Z
b11101010 "
b11101010 Y
b1011 &
b1011 U
b11100 [
1.
#13216000
0P
04
b10100 8
b10100 Q
0/
03
b10100 5
01
b10011011110 F
b1 :
b10 ;
b101101101 C
b1010101111 L
b1010101111 H
b1010010001 J
b1011001001 O
b1011 I
b1010011100 K
#13220000
0.
#13225000
b1101 S
b1100 &
b1100 U
b11101 [
1.
#13226000
1P
14
b11100111 8
b11100111 Q
1/
b11110001 0
13
b11100111 5
11
b10011011111 F
b0 :
b11 ;
b1011001010 O
b1100 I
b1010011101 K
#13230000
0.
#13235000
b10 T
b1110 S
b10010 Z
b11110001 "
b11110001 Y
b1100 &
b1100 U
b11110 [
1.
#13236000
b110110 8
b110110 Q
b11010010 0
b110110 5
b10011100000 F
b1111011 ?
b1 :
b100 ;
b101101110 C
b1010110000 L
b1010110000 H
b1010010010 J
b1011001011 O
b1100 I
b1010011110 K
#13240000
0.
#13245000
b1111 S
b11 T
b11111 [
b1100 &
b1100 U
b10011 Z
b11010010 "
b11010010 Y
1.
#13246000
0P
04
b11110000 8
b11110000 Q
0/
03
b11110000 5
01
b10011100001 F
b1111100 ?
b10 :
b101 ;
b101101111 C
b1010110001 L
b1010110001 H
b1010010011 J
b1011001100 O
b1100 I
b1010011111 K
#13250000
0.
#13255000
b0 S
b1101 &
b1101 U
b0 [
1.
#13256000
0R
b1010111 8
b1010111 Q
09
07
b1010111 5
02
b10011100010 F
b1111101 ?
b0 :
b110 ;
b1011001101 O
b1101 I
b1010100000 K
#13260000
0.
#13265000
1.
#13266000
b1110011 8
b1110011 Q
b1110011 5
b10011100011 F
b0 ;
#13270000
0.
#13275000
1.
#13276000
1P
14
b110101 8
b110101 Q
1/
b10010 0
13
b110101 5
11
b10011100100 F
#13280000
0.
#13285000
b100 T
b1100 &
b1100 U
b10100 Z
b10010 "
b10010 Y
1.
#13286000
0P
04
b10001000 8
b10001000 Q
0/
03
b10001000 5
01
b10011100101 F
b1 :
b1010110010 L
b1010110010 H
b1100 I
b1010010100 J
#13290000
0.
#13295000
1.
#13296000
1R
b10010000 8
b10010000 Q
19
17
b10010000 5
12
b10011100110 F
b0 :
#13300000
0.
#13305000
b1 S
b1101 &
b1101 U
b1 [
1.
#13306000
1P
0R
14
b10110101 8
b10110101 Q
09
1/
b10001010 0
13
07
b10110101 5
11
02
b10011100111 F
b1 ;
b1011001110 O
b1101 I
b1010100001 K
#13310000
0.
#13315000
b101 T
b1100 &
b1100 U
b10101 Z
b10001010 "
b10001010 Y
1.
#13316000
b10011 8
b10011 Q
b1100111 0
b10011 5
b10011101000 F
b1 :
b0 ;
b1010110011 L
b1010110011 H
b1100 I
b1010010101 J
#13320000
0.
#13325000
b110 T
b1011 &
b1011 U
b10110 Z
b1100111 "
b1100111 Y
1.
#13326000
b1100110 8
b1100110 Q
b100110 0
b1100110 5
b10011101001 F
b10 :
b1010110100 L
b1010110100 H
b1011 I
b1010010110 J
#13330000
0.
#13335000
b111 T
b1010 &
b1010 U
b10111 Z
b100110 "
b100110 Y
1.
#13336000
0P
1R
04
b1110111 8
b1110111 Q
19
0/
03
17
b1110111 5
01
12
b10011101010 F
b11 :
b1010110101 L
b1010110101 H
b1010 I
b1010010111 J
#13340000
0.
#13345000
b10 S
b1011 &
b1011 U
b10 [
1.
#13346000
b111101 8
b111101 Q
b111101 5
b10011101011 F
b0 :
b1 ;
b1011001111 O
b1011 I
b1010100010 K
#13350000
0.
#13355000
b11 S
b1100 &
b1100 U
b11 [
1.
#13356000
0R
b10010 8
b10010 Q
09
07
b10010 5
02
b10011101100 F
b10 ;
b1011010000 O
b1100 I
b1010100011 K
#13360000
0.
#13365000
1.
#13366000
b1110110 8
b1110110 Q
b1110110 5
b10011101101 F
b0 ;
#13370000
0.
#13375000
1.
#13376000
1P
14
b10010010 8
b10010010 Q
1/
b1111101 0
13
b10010010 5
11
b10011101110 F
#13380000
0.
#13385000
b1000 T
b1011 &
b1011 U
b11000 Z
b1111101 "
b1111101 Y
1.
#13386000
1R
b10010000 8
b10010000 Q
19
b100000 0
17
b10010000 5
12
b10011101111 F
b1 :
b1010110110 L
b1010110110 H
b1011 I
b1010011000 J
#13390000
0.
#13395000
b1001 T
b100 S
b11001 Z
b100000 "
b100000 Y
b1011 &
b1011 U
b100 [
1.
#13396000
0P
04
b110001 8
b110001 Q
0/
03
b110001 5
01
b10011110000 F
b10 :
b1 ;
b101110000 C
b1010110111 L
b1010110111 H
b1010011001 J
b1011010001 O
b1011 I
b1010100100 K
#13400000
0.
#13405000
b101 S
b1100 &
b1100 U
b101 [
1.
#13406000
1P
0R
14
b11010000 8
b11010000 Q
09
1/
b1111111 0
13
07
b11010000 5
11
02
b10011110001 F
b0 :
b10 ;
b1011010010 O
b1100 I
b1010100101 K
#13410000
0.
#13415000
b1010 T
b1011 &
b1011 U
b11010 Z
b1111111 "
b1111111 Y
1.
#13416000
0P
04
b11010001 8
b11010001 Q
0/
03
b11010001 5
01
b10011110010 F
b1 :
b0 ;
b1010111000 L
b1010111000 H
b1011 I
b1010011010 J
#13420000
0.
#13425000
1.
#13426000
b1110 8
b1110 Q
b1110 5
b10011110011 F
b0 :
#13430000
0.
#13435000
1.
#13436000
b101100 8
b101100 Q
b101100 5
b10011110100 F
#13440000
0.
#13445000
1.
#13446000
1R
b11010100 8
b11010100 Q
19
17
b11010100 5
12
b10011110101 F
#13450000
0.
#13455000
b110 S
b1100 &
b1100 U
b110 [
1.
#13456000
1P
14
b11110100 8
b11110100 Q
1/
b111011 0
13
b11110100 5
11
b10011110110 F
b1 ;
b1011010011 O
b1100 I
b1010100110 K
#13460000
0.
#13465000
b111 S
b1011 T
b111 [
b1100 &
b1100 U
b11011 Z
b111011 "
b111011 Y
1.
#13466000
0P
0R
04
b100010 8
b100010 Q
09
0/
03
07
b100010 5
01
02
b10011110111 F
b1 :
b10 ;
b101110001 C
b1010111001 L
b1010111001 H
b1010011011 J
b1011010100 O
b1100 I
b1010100111 K
#13470000
0.
#13475000
1.
#13476000
1R
b1101101 8
b1101101 Q
19
17
b1101101 5
12
b10011111000 F
b0 :
b0 ;
#13480000
0.
#13485000
b1000 S
b1101 &
b1101 U
b1000 [
1.
#13486000
b11100010 8
b11100010 Q
b11100010 5
b10011111001 F
b1 ;
b1011010101 O
b1101 I
b1010101000 K
#13490000
0.
#13495000
b1001 S
b1110 &
b1110 U
b1001 [
1.
#13496000
1P
14
b10111110 8
b10111110 Q
1/
b10111111 0
13
b10111110 5
11
b10011111010 F
b10 ;
b1011010110 O
b1110 I
b1010101001 K
#13500000
0.
#13505000
b1010 S
b1100 T
b1010 [
b1110 &
b1110 U
b11100 Z
b10111111 "
b10111111 Y
1.
#13506000
0P
0R
04
b10110000 8
b10110000 Q
09
0/
03
07
b10110000 5
01
02
b10011111011 F
b1 :
b11 ;
b101110010 C
b1010111010 L
b1010111010 H
b1010011100 J
b1011010111 O
b1110 I
b1010101010 K
#13510000
0.
#13515000
1.
#13516000
b11110100 8
b11110100 Q
b11110100 5
b10011111100 F
b0 :
b0 ;
#13520000
0.
#13525000
1.
#13526000
b11100001 8
b11100001 Q
b11100001 5
b10011111101 F
#13530000
0.
#13535000
1.
#13536000
1R
b11101100 8
b11101100 Q
19
17
b11101100 5
12
b10011111110 F
#13540000
0.
#13545000
b1011 S
1'
b1111 &
b1111 U
b1011 [
1.
#13546000
0R
b10000100 8
b10000100 Q
09
07
b10000100 5
02
b10011111111 F
b1 ;
b10011001 =
b1011011000 O
b1111 I
b1010101011 K
#13550000
0.
#13555000
1.
#13556000
1P
1R
14
b11110110 8
b11110110 Q
19
1/
b10100 0
13
17
b11110110 5
11
12
b10100000000 F
b0 ;
b10011010 =
#13560000
0.
#13565000
b1100 S
b1101 T
b1100 [
1'
b1111 &
b1111 U
b11101 Z
b10100 "
b10100 Y
1.
#13566000
0P
04
b11010011 8
b11010011 Q
0/
03
b11010011 5
01
b10100000001 F
b1 :
b1 ;
b101110011 C
b10011011 =
b1010111011 L
b1010111011 H
b1010011101 J
b1011011001 O
b1111 I
b1010101100 K
#13570000
0.
#13575000
0R
1$
b1101 S
0'
b10000 &
b10000 U
b1101 [
1.
#13576000
1P
14
b10010000 8
b10010000 Q
1/
b11100111 0
13
07
b10010000 5
11
b10100000010 F
b0 :
b10 ;
b1000010 A
b1011011010 O
b10000 I
b1010101101 K
#13580000
0.
#13585000
1R
0$
b1110 T
1'
b1111 &
b1111 U
b11110 Z
b11100111 "
b11100111 Y
1#
1.
#13586000
0R
b11101 8
b11101 Q
09
b110110 0
b11101 5
02
b10100000011 F
b1 :
b0 ;
b10100 D
b10011100 =
b1010111100 L
b1010111100 H
b1111 I
b1010011110 J
b100110 E
b100110 G
#13590000
0.
#13595000
b1111 T
0#
0'
b1110 &
b1110 U
b11111 Z
b110110 "
b110110 Y
1.
#13596000
0P
04
b10111001 8
b10111001 Q
0/
03
b10111001 5
01
b10100000100 F
b10 :
b1010111101 L
b1010111101 H
b1110 I
b1010011111 J
#13600000
0.
#13605000
1.
#13606000
b100101 8
b100101 Q
b100101 5
b10100000101 F
b0 :
#13610000
0.
#13615000
1.
#13616000
1P
14
b101101 8
b101101 Q
1/
b11110000 0
13
b101101 5
11
b10100000110 F
#13620000
0.
#13625000
b0 T
b1101 &
b1101 U
b0 Z
b11110000 "
b11110000 Y
1.
#13626000
1R
b100000 8
b100000 Q
19
b10010000 0
17
b100000 5
12
b10100000111 F
b1 :
b1010111110 L
b1010111110 H
b1101 I
b1010100000 J
#13630000
0.
#13635000
b1 T
b1110 S
b1 Z
b10010000 "
b10010000 Y
b1101 &
b1101 U
b1110 [
1.
#13636000
b11110011 8
b11110011 Q
b1110111 0
b11110011 5
b10100001000 F
b10 :
b1 ;
b101110100 C
b1010111111 L
b1010111111 H
b1010100001 J
b1011011011 O
b1101 I
b1010101110 K
#13640000
0.
#13645000
b1111 S
b10 T
b1111 [
b1101 &
b1101 U
b10 Z
b1110111 "
b1110111 Y
1.
#13646000
0R
b1100110 8
b1100110 Q
09
b111101 0
07
b1100110 5
02
b10100001001 F
b11 :
b10 ;
b101110101 C
b1011000000 L
b1011000000 H
b1010100010 J
b1011011100 O
b1101 I
b1010101111 K
#13650000
0.
#13655000
b11 T
b1100 &
b1100 U
b11 Z
b111101 "
b111101 Y
1.
#13656000
0P
1R
04
b11000111 8
b11000111 Q
19
0/
03
17
b11000111 5
01
12
b10100001010 F
b1101011 >
b100 :
b0 ;
b1011000001 L
b1011000001 H
b1100 I
b1010100011 J
#13660000
0.
#13665000
b0 S
b1101 &
b1101 U
b10000 [
1.
#13666000
b1011000 8
b1011000 Q
b1011000 5
b10100001011 F
b0 :
b1 ;
b1011011101 O
b1101 I
b1010110000 K
#13670000
0.
#13675000
b1 S
b1110 &
b1110 U
b10001 [
1.
#13676000
1P
14
b10100110 8
b10100110 Q
1/
b10010000 0
13
b10100110 5
11
b10100001100 F
b10 ;
b1011011110 O
b1110 I
b1010110001 K
#13680000
0.
#13685000
b10 S
b100 T
b10010 [
b1110 &
b1110 U
b100 Z
b10010000 "
b10010000 Y
1.
#13686000
0P
04
b10110010 8
b10110010 Q
0/
03
b10110010 5
01
b10100001101 F
b1 :
b11 ;
b101110110 C
b1011000010 L
b1011000010 H
b1010100100 J
b1011011111 O
b1110 I
b1010110010 K
#13690000
0.
#13695000
b11 S
1'
b1111 &
b1111 U
b10011 [
1.
#13696000
b10111010 8
b10111010 Q
b10111010 5
b10100001110 F
b1111110 ?
b0 :
b100 ;
b10011101 =
b1011100000 O
b1111 I
b1010110011 K
#13700000
0.
#13705000
0R
1$
b100 S
0'
b10000 &
b10000 U
b10100 [
1.
#13706000
b11111100 8
b11111100 Q
09
07
b11111100 5
02
b10100001111 F
b1111111 ?
b101 ;
b1000011 A
b1011100001 O
b10000 I
b1010110100 K
#13710000
0.
#13715000
1.
#13716000
b1010010 8
b1010010 Q
19
b1010010 5
12
b10100010000 F
b0 ;
b1000100 A
#13720000
0.
#13725000
1#
1.
#13726000
1P
14
b11100011 8
b11100011 Q
1/
b110001 0
13
b11100011 5
11
b10100010001 F
b1000101 A
b100111 E
b100111 G
#13730000
0.
#13735000
1R
0$
b101 T
1'
b1111 &
b1111 U
b101 Z
b110001 "
b110001 Y
1.
#13736000
0P
04
b101 8
b101 Q
0/
03
17
b101 5
01
b10100010010 F
b1 :
b10101 D
b10011110 =
b1011000011 L
b1011000011 H
b1111 I
b1010100101 J
b101000 E
b101000 G
#13740000
0.
#13745000
0R
1$
b101 S
0'
b10000 &
b10000 U
b10101 [
0#
1.
#13746000
b10110010 8
b10110010 Q
09
07
b10110010 5
02
b10100010011 F
b0 :
b1 ;
b1000110 A
b1011100010 O
b10000 I
b1010110101 K
#13750000
0.
#13755000
1.
#13756000
1P
14
b11100110 8
b11100110 Q
1/
b11010100 0
13
b11100110 5
11
b10100010100 F
b0 ;
b1000111 A
#13760000
0.
#13765000
0$
b110 T
1'
b1111 &
b1111 U
b110 Z
b11010100 "
b11010100 Y
1.
#13766000
0P
1R
04
b1011011 8
b1011011 Q
19
0/
03
17
b1011011 5
01
12
b10100010101 F
b1 :
b10011111 =
b1011000100 L
b1011000100 H
b1111 I
b1010100110 J
#13770000
0.
#13775000
0R
1$
b110 S
0'
b10000 &
b10000 U
b10110 [
1.
#13776000
1P
14
b1110000 8
b1110000 Q
1/
b11110100 0
13
07
b1110000 5
11
b10100010110 F
b0 :
b1 ;
b1001000 A
b1011100011 O
b10000 I
b1010110110 K
#13780000
0.
#13785000
1R
0$
b111 T
1'
b1111 &
b1111 U
b111 Z
b11110100 "
b11110100 Y
1#
1.
#13786000
0R
b1111010 8
b1111010 Q
09
b1101101 0
b1111010 5
02
b10100010111 F
b1 :
b0 ;
b10110 D
b10100000 =
b1011000101 L
b1011000101 H
b1111 I
b1010100111 J
b101001 E
b101001 G
#13790000
0.
#13795000
b1000 T
0#
0'
b1110 &
b1110 U
b1000 Z
b1101101 "
b1101101 Y
1.
#13796000
b11001010 8
b11001010 Q
b11100010 0
b11001010 5
b10100011000 F
b10 :
b1011000110 L
b1011000110 H
b1110 I
b1010101000 J
#13800000
0.
#13805000
b1001 T
b1101 &
b1101 U
b1001 Z
b11100010 "
b11100010 Y
1.
#13806000
1R
b11 8
b11 Q
19
b10111110 0
17
b11 5
12
b10100011001 F
b11 :
b1011000111 L
b1011000111 H
b1101 I
b1010101001 J
#13810000
0.
#13815000
b1010 T
b111 S
b1010 Z
b10111110 "
b10111110 Y
b1101 &
b1101 U
b10111 [
1.
#13816000
0P
0R
04
b10100110 8
b10100110 Q
09
0/
03
07
b10100110 5
01
02
b10100011010 F
b1101100 >
b100 :
b1 ;
b101110111 C
b1011001000 L
b1011001000 H
b1010101010 J
b1011100100 O
b1101 I
b1010110111 K
#13820000
0.
#13825000
1.
#13826000
1P
1R
14
b10000001 8
b10000001 Q
19
1/
b11101100 0
13
17
b10000001 5
11
12
b10100011011 F
b0 :
b0 ;
#13830000
0.
#13835000
b1011 T
b1000 S
b1011 Z
b11101100 "
b11101100 Y
b1101 &
b1101 U
b11000 [
1.
#13836000
0R
b11111100 8
b11111100 Q
09
b11110110 0
07
b11111100 5
02
b10100011100 F
b1 :
b1 ;
b101111000 C
b1011001001 L
b1011001001 H
b1010101011 J
b1011100101 O
b1101 I
b1010111000 K
#13840000
0.
#13845000
b1100 T
b1100 &
b1100 U
b1100 Z
b11110110 "
b11110110 Y
1.
#13846000
0P
1R
04
b11001111 8
b11001111 Q
19
0/
03
17
b11001111 5
01
12
b10100011101 F
b10 :
b0 ;
b1011001010 L
b1011001010 H
b1100 I
b1010101100 J
#13850000
0.
#13855000
b1001 S
b1101 &
b1101 U
b11001 [
1.
#13856000
b110110 8
b110110 Q
b110110 5
b10100011110 F
b0 :
b1 ;
b1011100110 O
b1101 I
b1010111001 K
#13860000
0.
#13865000
b1010 S
b1110 &
b1110 U
b11010 [
1.
#13866000
1P
14
b10000110 8
b10000110 Q
1/
b11010011 0
13
b10000110 5
11
b10100011111 F
b10 ;
b1011100111 O
b1110 I
b1010111010 K
#13870000
0.
#13875000
b1101 T
b1011 S
b1101 Z
b11010011 "
b11010011 Y
0'
b1110 &
b1110 U
b11011 [
1.
#13876000
0R
b111 8
b111 Q
09
b100000 0
07
b111 5
02
b10100100000 F
b1 :
b11 ;
b101111001 C
b1011001011 L
b1011001011 H
b1010101101 J
b1011101000 O
b1110 I
b1010111011 K
#13880000
0.
#13885000
b1110 T
b1101 &
b1101 U
b1110 Z
b100000 "
b100000 Y
1.
#13886000
1R
b11001101 8
b11001101 Q
19
b11110011 0
17
b11001101 5
12
b10100100001 F
b10 :
b0 ;
b1011001100 L
b1011001100 H
b1101 I
b1010101110 J
#13890000
0.
#13895000
b1111 T
b1100 S
b1111 Z
b11110011 "
b11110011 Y
b1101 &
b1101 U
b11100 [
1.
#13896000
0P
04
b1101 8
b1101 Q
0/
03
b1101 5
01
b10100100010 F
b11 :
b1 ;
b101111010 C
b1011001101 L
b1011001101 H
b1010101111 J
b1011101001 O
b1101 I
b1010111100 K
#13900000
0.
#13905000
b1101 S
b1110 &
b1110 U
b11101 [
1.
#13906000
1P
14
b1001000 8
b1001000 Q
1/
b11000111 0
13
b1001000 5
11
b10100100011 F
b0 :
b10 ;
b1011101010 O
b1110 I
b1010111101 K
#13910000
0.
#13915000
b0 T
b1110 S
b10000 Z
b11000111 "
b11000111 Y
0'
b1110 &
b1110 U
b11110 [
1.
#13916000
b1010000 8
b1010000 Q
b1011000 0
b1010000 5
b10100100100 F
b1 :
b11 ;
b101111011 C
b1011001110 L
b1011001110 H
b1010110000 J
b1011101011 O
b1110 I
b1010111110 K
#13920000
0.
#13925000
b1111 S
b1 T
b11111 [
b1110 &
b1110 U
b10001 Z
b1011000 "
b1011000 Y
1.
#13926000
0R
b10110010 8
b10110010 Q
09
b10100110 0
07
b10110010 5
02
b10100100101 F
b10000000 ?
b10 :
b100 ;
b101111100 C
b1011001111 L
b1011001111 H
b1010110001 J
b1011101100 O
b1110 I
b1010111111 K
#13930000
0.
#13935000
b10 T
b1101 &
b1101 U
b10010 Z
b10100110 "
b10100110 Y
1.
#13936000
0P
1R
04
b11100010 8
b11100010 Q
19
0/
03
17
b11100010 5
01
12
b10100100110 F
b11 :
b0 ;
b1011010000 L
b1011010000 H
b1101 I
b1010110010 J
#13940000
0.
#13945000
b0 S
b1110 &
b1110 U
b0 [
1.
#13946000
b110101 8
b110101 Q
b110101 5
b10100100111 F
b0 :
b1 ;
b1011101101 O
b1110 I
b1011000000 K
#13950000
0.
#13955000
b1 S
1'
b1111 &
b1111 U
b1 [
1.
#13956000
1P
0R
14
b1110 8
b1110 Q
09
1/
b10110010 0
13
07
b1110 5
11
02
b10100101000 F
b10 ;
b10100001 =
b1011101110 O
b1111 I
b1011000001 K
#13960000
0.
#13965000
b11 T
0'
b1110 &
b1110 U
b10011 Z
b10110010 "
b10110010 Y
1.
#13966000
0P
04
b1011001 8
b1011001 Q
0/
03
b1011001 5
01
b10100101001 F
b1 :
b0 ;
b1011010001 L
b1011010001 H
b1110 I
b1010110011 J
#13970000
0.
#13975000
1.
#13976000
1P
1R
14
b10100001 8
b10100001 Q
19
1/
b10111010 0
13
17
b10100001 5
11
12
b10100101010 F
b0 :
#13980000
0.
#13985000
b10 S
b100 T
b10 [
b1110 &
b1110 U
b10100 Z
b10111010 "
b10111010 Y
1.
#13986000
0P
04
b1001001 8
b1001001 Q
0/
03
b1001001 5
01
b10100101011 F
b1 :
b1 ;
b101111101 C
b1011010010 L
b1011010010 H
b1010110100 J
b1011101111 O
b1110 I
b1011000010 K
#13990000
0.
#13995000
b11 S
1'
b1111 &
b1111 U
b11 [
1.
#13996000
b11100001 8
b11100001 Q
b11100001 5
b10100101100 F
b0 :
b10 ;
b10100010 =
b1011110000 O
b1111 I
b1011000011 K
#14000000
0.
#14005000
0R
1$
b100 S
0'
b10000 &
b10000 U
b100 [
1.
#14006000
b10011100 8
b10011100 Q
07
b10011100 5
b10100101101 F
b11 ;
b1001001 A
b1011110001 O
b10000 I
b1011000100 K
#14010000
0.
#14015000
1#
1.
#14016000
1P
14
b11001111 8
b11001111 Q
1/
b101 0
13
b11001111 5
11
b10100101110 F
b0 ;
b1001010 A
b101010 E
b101010 G
#14020000
0.
#14025000
1R
0$
b101 T
1'
b1111 &
b1111 U
b10101 Z
b101 "
b101 Y
1.
#14026000
0P
0R
04
b11010011 8
b11010011 Q
09
0/
03
b11010011 5
01
02
b10100101111 F
b1 :
b10111 D
b10100011 =
b1011010011 L
b1011010011 H
b1111 I
b1010110101 J
b101011 E
b101011 G
#14030000
0.
#14035000
0#
1.
#14036000
1R
b11010000 8
b11010000 Q
19
17
b11010000 5
12
b10100110000 F
b0 :
b10100100 =
#14040000
0.
#14045000
0R
1$
b101 S
0'
b10000 &
b10000 U
b101 [
1.
#14046000
1P
14
b10010011 8
b10010011 Q
09
1/
b1011011 0
13
07
b10010011 5
11
02
b10100110001 F
b1 ;
b1001011 A
b1011110010 O
b10000 I
b1011000101 K
#14050000
0.
#14055000
0$
b110 T
1'
b1111 &
b1111 U
b10110 Z
b1011011 "
b1011011 Y
1.
#14056000
0P
1R
04
b1111010 8
b1111010 Q
19
0/
03
17
b1111010 5
01
12
b10100110010 F
b1 :
b0 ;
b10100101 =
b1011010100 L
b1011010100 H
b1111 I
b1010110110 J
#14060000
0.
#14065000
0R
1$
b110 S
0'
b10000 &
b10000 U
b110 [
1.
#14066000
b10010010 8
b10010010 Q
07
b10010010 5
b10100110011 F
b0 :
b1 ;
b1001100 A
b1011110011 O
b10000 I
b1011000110 K
#14070000
0.
#14075000
1#
1.
#14076000
1P
14
b110110 8
b110110 Q
1/
b11 0
13
b110110 5
11
b10100110100 F
b0 ;
b1001101 A
b101100 E
b101100 G
#14080000
0.
#14085000
1R
0$
b111 T
1'
b1111 &
b1111 U
b10111 Z
b11 "
b11 Y
1.
#14086000
b1111 8
b1111 Q
b10000001 0
17
b1111 5
b10100110101 F
b1 :
b11000 D
b10100110 =
b1011010101 L
b1011010101 H
b1111 I
b1010110111 J
b101101 E
b101101 G
#14090000
0.
#14095000
b1000 T
b111 S
0#
b11000 Z
b10000001 "
b10000001 Y
1'
b1111 &
b1111 U
b111 [
1.
#14096000
b100010 8
b100010 Q
b11001111 0
b100010 5
b10100110110 F
b10 :
b1 ;
b101111110 C
b10100111 =
b1011010110 L
b1011010110 H
b1010111000 J
b1011110100 O
b1111 I
b1011000111 K
#14100000
0.
#14105000
b1000 S
b1001 T
b1000 [
1'
b1111 &
b1111 U
b11001 Z
b11001111 "
b11001111 Y
1.
#14106000
0R
b1100010 8
b1100010 Q
09
b110110 0
07
b1100010 5
02
b10100110111 F
b11 :
b10 ;
b101111111 C
b10101000 =
b1011010111 L
b1011010111 H
b1010111001 J
b1011110101 O
b1111 I
b1011001000 K
#14110000
0.
#14115000
b1010 T
0'
b1110 &
b1110 U
b11010 Z
b110110 "
b110110 Y
1.
#14116000
1R
b11100011 8
b11100011 Q
19
b10000110 0
17
b11100011 5
12
b10100111000 F
b1101101 >
b100 :
b0 ;
b1011011000 L
b1011011000 H
b1110 I
b1010111010 J
#14120000
0.
#14125000
b1001 S
b1011 T
b1001 [
b1110 &
b1110 U
b11011 Z
b10000110 "
b10000110 Y
1.
#14126000
b11100010 8
b11100010 Q
b11001101 0
b11100010 5
b10100111001 F
b1101110 >
b101 :
b1 ;
b110000000 C
b1011011001 L
b1011011001 H
b1010111011 J
b1011110110 O
b1110 I
b1011001001 K
#14130000
0.
#14135000
b1100 T
b1010 S
b11100 Z
b11001101 "
b11001101 Y
0'
b1110 &
b1110 U
b1010 [
1.
#14136000
0P
0R
04
b10111101 8
b10111101 Q
09
0/
03
07
b10111101 5
01
02
b10100111010 F
b1101111 >
b110 :
b10 ;
b110000001 C
b1011011010 L
b1011011010 H
b1010111100 J
b1011110111 O
b1110 I
b1011001010 K
#14140000
0.
#14145000
1.
#14146000
b1101100 8
b1101100 Q
b1101100 5
b10100111011 F
b0 :
b0 ;
#14150000
0.
#14155000
1.
#14156000
1P
1R
14
b1101101 8
b1101101 Q
19
1/
b1101 0
13
17
b1101101 5
11
12
b10100111100 F
#14160000
0.
#14165000
b1011 S
b1101 T
b1011 [
b1110 &
b1110 U
b11101 Z
b1101 "
b1101 Y
1.
#14166000
b1010100 8
b1010100 Q
b1001000 0
b1010100 5
b10100111101 F
b1 :
b1 ;
b110000010 C
b1011011011 L
b1011011011 H
b1010111101 J
b1011111000 O
b1110 I
b1011001011 K
#14170000
0.
#14175000
b1110 T
b1100 S
b11110 Z
b1001000 "
b1001000 Y
0'
b1110 &
b1110 U
b1100 [
1.
#14176000
0P
0R
04
b10111011 8
b10111011 Q
09
0/
03
07
b10111011 5
01
02
b10100111110 F
b10 :
b10 ;
b110000011 C
b1011011100 L
b1011011100 H
b1010111110 J
b1011111001 O
b1110 I
b1011001100 K
#14180000
0.
#14185000
1.
#14186000
1R
b10001000 8
b10001000 Q
19
17
b10001000 5
12
b10100111111 F
b0 :
b0 ;
#14190000
0.
#14195000
b1101 S
1'
b1111 &
b1111 U
b1101 [
1.
#14196000
0R
b1111010 8
b1111010 Q
09
07
b1111010 5
02
b10101000000 F
b1 ;
b10101001 =
b1011111010 O
b1111 I
b1011001101 K
#14200000
0.
#14205000
1.
#14206000
1P
14
b11000001 8
b11000001 Q
1/
b1010000 0
13
b11000001 5
11
b10101000001 F
b0 ;
b10101010 =
#14210000
0.
#14215000
b1111 T
0'
b1110 &
b1110 U
b11111 Z
b1010000 "
b1010000 Y
1.
#14216000
1R
b10101000 8
b10101000 Q
19
b11100010 0
17
b10101000 5
12
b10101000010 F
b1 :
b1011011101 L
b1011011101 H
b1110 I
b1010111111 J
#14220000
0.
#14225000
b1110 S
b0 T
b1110 [
b1110 &
b1110 U
b0 Z
b11100010 "
b11100010 Y
1.
#14226000
0R
b1001010 8
b1001010 Q
09
b110101 0
07
b1001010 5
02
b10101000011 F
b10 :
b1 ;
b110000100 C
b1011011110 L
b1011011110 H
b1011000000 J
b1011111011 O
b1110 I
b1011001110 K
#14230000
0.
#14235000
b1 T
b1101 &
b1101 U
b1 Z
b110101 "
b110101 Y
1.
#14236000
1R
b10001010 8
b10001010 Q
19
b10100001 0
17
b10001010 5
12
b10101000100 F
b11 :
b0 ;
b1011011111 L
b1011011111 H
b1101 I
b1011000001 J
#14240000
0.
#14245000
b1111 S
b10 T
b1111 [
b1101 &
b1101 U
b10 Z
b10100001 "
b10100001 Y
1.
#14246000
0R
b1010010 8
b1010010 Q
09
b1001001 0
07
b1010010 5
02
b10101000101 F
b1110000 >
b100 :
b1 ;
b110000101 C
b1011100000 L
b1011100000 H
b1011000010 J
b1011111100 O
b1101 I
b1011001111 K
#14250000
0.
#14255000
b11 T
b1100 &
b1100 U
b11 Z
b1001001 "
b1001001 Y
1.
#14256000
b11011101 8
b11011101 Q
b11100001 0
b11011101 5
b10101000110 F
b1110001 >
b101 :
b0 ;
b1011100001 L
b1011100001 H
b1100 I
b1011000011 J
#14260000
0.
#14265000
b100 T
b1011 &
b1011 U
b100 Z
b11100001 "
b11100001 Y
1.
#14266000
b11101110 8
b11101110 Q
b11010000 0
b11101110 5
b10101000111 F
b1110010 >
b110 :
b1011100010 L
b1011100010 H
b1011 I
b1011000100 J
#14270000
0.
#14275000
b101 T
b1010 &
b1010 U
b101 Z
b11010000 "
b11010000 Y
1.
#14276000
1R
b10000001 8
b10000001 Q
19
b1111010 0
17
b10000001 5
12
b10101001000 F
b1110011 >
b111 :
b1011100011 L
b1011100011 H
b1010 I
b1011000101 J
#14280000
0.
#14285000
b0 S
b110 T
b10000 [
b1010 &
b1010 U
b110 Z
b1111010 "
b1111010 Y
1.
#14286000
0P
0R
04
b1001010 8
b1001010 Q
09
0/
03
07
b1001010 5
01
02
b10101001001 F
b1110100 >
b1000 :
b1 ;
b110000110 C
b1011100100 L
b1011100100 H
b1011000110 J
b1011111101 O
b1010 I
b1011010000 K
#14290000
0.
#14295000
1.
#14296000
1R
b1010000 8
b1010000 Q
19
17
b1010000 5
12
b10101001010 F
b0 :
b0 ;
#14300000
0.
#14305000
b1 S
b1011 &
b1011 U
b10001 [
1.
#14306000
1P
14
b10111 8
b10111 Q
1/
b1111 0
13
b10111 5
11
b10101001011 F
b1 ;
b1011111110 O
b1011 I
b1011010001 K
#14310000
0.
#14315000
b111 T
b10 S
b111 Z
b1111 "
b1111 Y
b1011 &
b1011 U
b10010 [
1.
#14316000
0P
04
b11110000 8
b11110000 Q
0/
03
b11110000 5
01
b10101001100 F
b1 :
b10 ;
b110000111 C
b1011100101 L
b1011100101 H
b1011000111 J
b1011111111 O
b1011 I
b1011010010 K
#14320000
0.
#14325000
b11 S
b1100 &
b1100 U
b10011 [
1.
#14326000
1P
0R
14
b1001111 8
b1001111 Q
09
1/
b100010 0
13
07
b1001111 5
11
02
b10101001101 F
b0 :
b11 ;
b1100000000 O
b1100 I
b1011010011 K
#14330000
0.
#14335000
b1000 T
b1011 &
b1011 U
b1000 Z
b100010 "
b100010 Y
1.
#14336000
1R
b10000001 8
b10000001 Q
19
b11100011 0
17
b10000001 5
12
b10101001110 F
b1 :
b0 ;
b1011100110 L
b1011100110 H
b1011 I
b1011001000 J
#14340000
0.
#14345000
b100 S
b1001 T
b10100 [
b1011 &
b1011 U
b1001 Z
b11100011 "
b11100011 Y
1.
#14346000
0R
b1110 8
b1110 Q
09
b11100010 0
07
b1110 5
02
b10101001111 F
b10 :
b1 ;
b110001000 C
b1011100111 L
b1011100111 H
b1011001001 J
b1100000001 O
b1011 I
b1011010100 K
#14350000
0.
#14355000
b1010 T
b1010 &
b1010 U
b1010 Z
b11100010 "
b11100010 Y
1.
#14356000
1R
b11110000 8
b11110000 Q
19
b1101101 0
17
b11110000 5
12
b10101010000 F
b11 :
b0 ;
b1011101000 L
b1011101000 H
b1010 I
b1011001010 J
#14360000
0.
#14365000
b101 S
b1011 T
b10101 [
b1010 &
b1010 U
b1011 Z
b1101101 "
b1101101 Y
1.
#14366000
b10110011 8
b10110011 Q
b1010100 0
b10110011 5
b10101010001 F
b1110101 >
b100 :
b1 ;
b110001001 C
b1011101001 L
b1011101001 H
b1011001011 J
b1100000010 O
b1010 I
b1011010101 K
#14370000
0.
#14375000
b1100 T
b110 S
b1100 Z
b1010100 "
b1010100 Y
b1010 &
b1010 U
b10110 [
1.
#14376000
0P
0R
04
b1101 8
b1101 Q
09
0/
03
07
b1101 5
01
02
b10101010010 F
b1110110 >
b101 :
b10 ;
b110001010 C
b1011101010 L
b1011101010 H
b1011001100 J
b1100000011 O
b1010 I
b1011010110 K
#14380000
0.
#14385000
1.
#14386000
1R
b11 8
b11 Q
19
17
b11 5
12
b10101010011 F
b0 :
b0 ;
#14390000
0.
#14395000
b111 S
b1011 &
b1011 U
b10111 [
1.
#14396000
1P
0R
14
09
1/
b10001000 0
13
07
11
02
b10101010100 F
b1 ;
b1100000100 O
b1011 I
b1011010111 K
#14400000
0.
#14405000
b1101 T
b1010 &
b1010 U
b1101 Z
b10001000 "
b10001000 Y
1.
#14406000
1R
b10100011 8
b10100011 Q
19
b10101000 0
17
b10100011 5
12
b10101010101 F
b1 :
b0 ;
b1011101011 L
b1011101011 H
b1010 I
b1011001101 J
#14410000
0.
#14415000
b1110 T
b1000 S
b1110 Z
b10101000 "
b10101000 Y
b1010 &
b1010 U
b11000 [
1.
#14416000
0P
04
b1011101 8
b1011101 Q
0/
03
b1011101 5
01
b10101010110 F
b10 :
b1 ;
b110001011 C
b1011101100 L
b1011101100 H
b1011001110 J
b1100000101 O
b1010 I
b1011011000 K
#14420000
0.
#14425000
b1001 S
b1011 &
b1011 U
b11001 [
1.
#14426000
0R
b1110010 8
b1110010 Q
09
07
b1110010 5
02
b10101010111 F
b0 :
b10 ;
b1100000110 O
b1011 I
b1011011001 K
#14430000
0.
#14435000
1.
#14436000
1P
1R
14
b1001001 8
b1001001 Q
19
1/
b10001010 0
13
17
b1001001 5
11
12
b10101011000 F
b0 ;
#14440000
0.
#14445000
b1010 S
b1111 T
b11010 [
b1011 &
b1011 U
b1111 Z
b10001010 "
b10001010 Y
1.
#14446000
b10110111 8
b10110111 Q
b10000001 0
b10110111 5
b10101011001 F
b1 :
b1 ;
b110001100 C
b1011101101 L
b1011101101 H
b1011001111 J
b1100000111 O
b1011 I
b1011011010 K
#14450000
0.
#14455000
b0 T
b1011 S
b10000 Z
b10000001 "
b10000001 Y
b1011 &
b1011 U
b11011 [
1.
#14456000
b10010011 8
b10010011 Q
b1010000 0
b10010011 5
b10101011010 F
b10 :
b10 ;
b110001101 C
b1011101110 L
b1011101110 H
b1011010000 J
b1100001000 O
b1011 I
b1011011011 K
#14460000
0.
#14465000
b1100 S
b1 T
b11100 [
b1011 &
b1011 U
b10001 Z
b1010000 "
b1010000 Y
1.
#14466000
b10110101 8
b10110101 Q
b10111 0
b10110101 5
b10101011011 F
b11 :
b11 ;
b110001110 C
b1011101111 L
b1011101111 H
b1011010001 J
b1100001001 O
b1011 I
b1011011100 K
#14470000
0.
#14475000
b10 T
b1101 S
b10010 Z
b10111 "
b10111 Y
b1011 &
b1011 U
b11101 [
1.
#14476000
0P
0R
04
b111 8
b111 Q
09
0/
03
07
b111 5
01
02
b10101011100 F
b1110111 >
b10000001 ?
b100 :
b100 ;
b110001111 C
b1011110000 L
b1011110000 H
b1011010010 J
b1100001010 O
b1011 I
b1011011101 K
#14480000
0.
#14485000
1.
#14486000
1R
b1011001 8
b1011001 Q
19
17
b1011001 5
12
b10101011101 F
b0 :
b0 ;
#14490000
0.
#14495000
b1110 S
b1100 &
b1100 U
b11110 [
1.
#14496000
1P
0R
14
b10010001 8
b10010001 Q
09
1/
b11110000 0
13
07
b10010001 5
11
02
b10101011110 F
b1 ;
b1100001011 O
b1100 I
b1011011110 K
#14500000
0.
#14505000
b11 T
b1011 &
b1011 U
b10011 Z
b11110000 "
b11110000 Y
1.
#14506000
0P
04
b1100010 8
b1100010 Q
0/
03
b1100010 5
01
b10101011111 F
b1 :
b0 ;
b1011110001 L
b1011110001 H
b1011 I
b1011010011 J
#14510000
0.
#14515000
1.
#14516000
1P
14
b1001011 8
b1001011 Q
1/
b10000001 0
13
b1001011 5
11
b10101100000 F
b0 :
#14520000
0.
#14525000
b100 T
b1010 &
b1010 U
b10100 Z
b10000001 "
b10000001 Y
1.
#14526000
b11110000 8
b11110000 Q
b11110000 0
b11110000 5
b10101100001 F
b1 :
b1011110010 L
b1011110010 H
b1010 I
b1011010100 J
#14530000
0.
#14535000
b101 T
b1001 &
b1001 U
b10101 Z
b11110000 "
b11110000 Y
1.
#14536000
b11000101 8
b11000101 Q
b10110011 0
b11000101 5
b10101100010 F
b10 :
b1011110011 L
b1011110011 H
b1001 I
b1011010101 J
#14540000
0.
#14545000
b110 T
b1000 &
b1000 U
b10110 Z
b10110011 "
b10110011 Y
1.
#14546000
0P
1R
04
b11110110 8
b11110110 Q
19
0/
03
17
b11110110 5
01
12
b10101100011 F
b11 :
b1011110100 L
b1011110100 H
b1000 I
b1011010110 J
#14550000
0.
#14555000
b1111 S
b1001 &
b1001 U
b11111 [
1.
#14556000
1P
14
b100111 8
b100111 Q
1/
b11 0
13
b100111 5
11
b10101100100 F
b0 :
b1 ;
b1100001100 O
b1001 I
b1011011111 K
#14560000
0.
#14565000
b0 S
b111 T
b0 [
b1001 &
b1001 U
b10111 Z
b11 "
b11 Y
1.
#14566000
0P
0R
04
b11000100 8
b11000100 Q
09
0/
03
07
b11000100 5
01
02
b10101100101 F
b1 :
b10 ;
b110010000 C
b1011110101 L
b1011110101 H
b1011010111 J
b1100001101 O
b1001 I
b1011100000 K
#14570000
0.
#14575000
1.
#14576000
b10111 8
b10111 Q
b10111 5
b10101100110 F
b0 :
b0 ;
#14580000
0.
#14585000
1.
#14586000
b10 8
b10 Q
b10 5
b10101100111 F
#14590000
0.
#14595000
1.
#14596000
1P
1R
14
b11010001 8
b11010001 Q
19
1/
b10100011 0
13
17
b11010001 5
11
12
b10101101000 F
#14600000
0.
#14605000
b1 S
b1000 T
b1 [
b1001 &
b1001 U
b11000 Z
b10100011 "
b10100011 Y
1.
#14606000
b100000 8
b100000 Q
b1011101 0
b100000 5
b10101101001 F
b1 :
b1 ;
b110010001 C
b1011110110 L
b1011110110 H
b1011011000 J
b1100001110 O
b1001 I
b1011100001 K
#14610000
0.
#14615000
b1001 T
b10 S
b11001 Z
b1011101 "
b1011101 Y
b1001 &
b1001 U
b10 [
1.
#14616000
0P
04
b101100 8
b101100 Q
0/
03
b101100 5
01
b10101101010 F
b10 :
b10 ;
b110010010 C
b1011110111 L
b1011110111 H
b1011011001 J
b1100001111 O
b1001 I
b1011100010 K
#14620000
0.
#14625000
b11 S
b1010 &
b1010 U
b11 [
1.
#14626000
0R
b11000010 8
b11000010 Q
09
07
b11000010 5
02
b10101101011 F
b0 :
b11 ;
b1100010000 O
b1010 I
b1011100011 K
#14630000
0.
#14635000
1.
#14636000
1P
14
b10101010 8
b10101010 Q
1/
b1001001 0
13
b10101010 5
11
b10101101100 F
b0 ;
#14640000
0.
#14645000
b1010 T
b1001 &
b1001 U
b11010 Z
b1001001 "
b1001001 Y
1.
#14646000
b0 8
b0 Q
b10110111 0
b0 5
b10101101101 F
b1 :
b1011111000 L
b1011111000 H
b1001 I
b1011011010 J
#14650000
0.
#14655000
b1011 T
b1000 &
b1000 U
b11011 Z
b10110111 "
b10110111 Y
1.
#14656000
0P
04
b11001101 8
b11001101 Q
0/
03
b11001101 5
01
b10101101110 F
b10 :
b1011111001 L
b1011111001 H
b1000 I
b1011011011 J
#14660000
0.
#14665000
1.
#14666000
1P
14
b11100011 8
b11100011 Q
1/
b10010011 0
13
b11100011 5
11
b10101101111 F
b0 :
#14670000
0.
#14675000
b1100 T
b111 &
b111 U
b11100 Z
b10010011 "
b10010011 Y
1.
#14676000
1R
b11100100 8
b11100100 Q
19
b10110101 0
17
b11100100 5
12
b10101110000 F
b1 :
b1011111010 L
b1011111010 H
b111 I
b1011011100 J
#14680000
0.
#14685000
b100 S
b1101 T
b100 [
b111 &
b111 U
b11101 Z
b10110101 "
b10110101 Y
1.
#14686000
0P
04
b1110000 8
b1110000 Q
0/
03
b1110000 5
01
b10101110001 F
b10 :
b1 ;
b110010011 C
b1011111011 L
b1011111011 H
b1011011101 J
b1100010001 O
b111 I
b1011100100 K
#14690000
0.
#14695000
b101 S
b1000 &
b1000 U
b101 [
1.
#14696000
0R
b100111 8
b100111 Q
09
07
b100111 5
02
b10101110010 F
b0 :
b10 ;
b1100010010 O
b1000 I
b1011100101 K
#14700000
0.
#14705000
1.
#14706000
1P
14
b11010101 8
b11010101 Q
1/
b1011001 0
13
b11010101 5
11
b10101110011 F
b0 ;
#14710000
0.
#14715000
b1110 T
b111 &
b111 U
b11110 Z
b1011001 "
b1011001 Y
1.
#14716000
b1100001 8
b1100001 Q
b11110110 0
b1100001 5
b10101110100 F
b1 :
b1011111100 L
b1011111100 H
b111 I
b1011011110 J
#14720000
0.
#14725000
b1111 T
b110 &
b110 U
b11111 Z
b11110110 "
b11110110 Y
1.
#14726000
b1100011 8
b1100011 Q
b100111 0
b1100011 5
b10101110101 F
b10 :
b1011111101 L
b1011111101 H
b110 I
b1011011111 J
#14730000
0.
#14735000
b0 T
b101 &
b101 U
b0 Z
b100111 "
b100111 Y
1.
#14736000
0P
04
b1000000 8
b1000000 Q
0/
03
b1000000 5
01
b10101110110 F
b11 :
b1011111110 L
b1011111110 H
b101 I
b1011100000 J
#14740000
0.
#14745000
1.
#14746000
1P
1R
14
b11111110 8
b11111110 Q
19
1/
b11010001 0
13
17
b11111110 5
11
12
b10101110111 F
b0 :
#14750000
0.
#14755000
b1 T
b110 S
b1 Z
b11010001 "
b11010001 Y
b101 &
b101 U
b110 [
1.
#14756000
0P
04
b11111001 8
b11111001 Q
0/
03
b11111001 5
01
b10101111000 F
b1 :
b1 ;
b110010100 C
b1011111111 L
b1011111111 H
b1011100001 J
b1100010011 O
b101 I
b1011100110 K
#14760000
0.
#14765000
b111 S
b110 &
b110 U
b111 [
1.
#14766000
1P
14
b10010111 8
b10010111 Q
1/
b100000 0
13
b10010111 5
11
b10101111001 F
b0 :
b10 ;
b1100010100 O
b110 I
b1011100111 K
#14770000
0.
#14775000
b10 T
b1000 S
b10 Z
b100000 "
b100000 Y
b110 &
b110 U
b1000 [
1.
#14776000
0R
b11000101 8
b11000101 Q
09
b101100 0
07
b11000101 5
02
b10101111010 F
b1 :
b11 ;
b110010101 C
b1100000000 L
b1100000000 H
b1011100010 J
b1100010101 O
b110 I
b1011101000 K
#14780000
0.
#14785000
b11 T
b101 &
b101 U
b11 Z
b101100 "
b101100 Y
1.
#14786000
0P
1R
04
b10011011 8
b10011011 Q
19
0/
03
17
b10011011 5
01
12
b10101111011 F
b10 :
b0 ;
b1100000001 L
b1100000001 H
b101 I
b1011100011 J
#14790000
0.
#14795000
b1001 S
b110 &
b110 U
b1001 [
1.
#14796000
b111010 8
b111010 Q
b111010 5
b10101111100 F
b0 :
b1 ;
b1100010110 O
b110 I
b1011101001 K
#14800000
0.
#14805000
b1010 S
b111 &
b111 U
b1010 [
1.
#14806000
1P
0R
14
b11100011 8
b11100011 Q
09
1/
b11100100 0
13
07
b11100011 5
11
02
b10101111101 F
b10 ;
b1100010111 O
b111 I
b1011101010 K
#14810000
0.
#14815000
b100 T
b110 &
b110 U
b100 Z
b11100100 "
b11100100 Y
1.
#14816000
b11101 8
b11101 Q
b1110000 0
b11101 5
b10101111110 F
b1 :
b0 ;
b1100000010 L
b1100000010 H
b110 I
b1011100100 J
#14820000
0.
#14825000
b101 T
b101 &
b101 U
b101 Z
b1110000 "
b1110000 Y
1.
#14826000
0P
04
b100101 8
b100101 Q
0/
03
b100101 5
01
b10101111111 F
b10 :
b1100000011 L
b1100000011 H
b101 I
b1011100101 J
#14830000
0.
#14835000
1.
#14836000
b1100010 8
b1100010 Q
b1100010 5
b10110000000 F
b0 :
#14840000
0.
#14845000
1.
#14846000
1P
14
b11110101 8
b11110101 Q
1/
b11111110 0
13
b11110101 5
11
b10110000001 F
#14850000
0.
#14855000
b110 T
b100 &
b100 U
b110 Z
b11111110 "
b11111110 Y
1.
#14856000
0P
1R
04
b1010011 8
b1010011 Q
19
0/
03
17
b1010011 5
01
12
b10110000010 F
b1 :
b1100000100 L
b1100000100 H
b100 I
b1011100110 J
#14860000
0.
#14865000
b1011 S
b101 &
b101 U
b1011 [
1.
#14866000
b10011010 8
b10011010 Q
b10011010 5
b10110000011 F
b0 :
b1 ;
b1100011000 O
b101 I
b1011101011 K
#14870000
0.
#14875000
b1100 S
b110 &
b110 U
b1100 [
1.
#14876000
1P
14
b1110 8
b1110 Q
1/
b11111001 0
13
b1110 5
11
b10110000100 F
b10 ;
b1100011001 O
b110 I
b1011101100 K
#14880000
0.
#14885000
b1101 S
b111 T
b1101 [
b110 &
b110 U
b111 Z
b11111001 "
b11111001 Y
1.
#14886000
0P
0R
04
b1100101 8
b1100101 Q
09
0/
03
07
b1100101 5
01
02
b10110000101 F
b1 :
b11 ;
b110010110 C
b1100000101 L
b1100000101 H
b1011100111 J
b1100011010 O
b110 I
b1011101101 K
#14890000
0.
#14895000
1.
#14896000
b1010111 8
b1010111 Q
b1010111 5
b10110000110 F
b0 :
b0 ;
#14900000
0.
#14905000
1.
#14906000
b11100010 8
b11100010 Q
b11100010 5
b10110000111 F
#14910000
0.
#14915000
1.
#14916000
1P
14
b11110011 8
b11110011 Q
1/
b10010111 0
13
b11110011 5
11
b10110001000 F
#14920000
0.
#14925000
b1000 T
b101 &
b101 U
b1000 Z
b10010111 "
b10010111 Y
1.
#14926000
1R
b10011110 8
b10011110 Q
19
b10011011 0
17
b10011110 5
12
b10110001001 F
b1 :
b1100000110 L
b1100000110 H
b101 I
b1011101000 J
#14930000
0.
#14935000
b1001 T
b1110 S
b1001 Z
b10011011 "
b10011011 Y
b101 &
b101 U
b1110 [
1.
#14936000
0P
04
b10011000 8
b10011000 Q
0/
03
b10011000 5
01
b10110001010 F
b10 :
b1 ;
b110010111 C
b1100000111 L
b1100000111 H
b1011101001 J
b1100011011 O
b101 I
b1011101110 K
#14940000
0.
#14945000
b1111 S
b110 &
b110 U
b1111 [
1.
#14946000
1P
0R
14
b1001001 8
b1001001 Q
09
1/
b111010 0
13
07
b1001001 5
11
02
b10110001011 F
b0 :
b10 ;
b1100011100 O
b110 I
b1011101111 K
#14950000
0.
#14955000
b1010 T
b101 &
b101 U
b1010 Z
b111010 "
b111010 Y
1.
#14956000
0P
04
b10010101 8
b10010101 Q
0/
03
b10010101 5
01
b10110001100 F
b1 :
b0 ;
b1100001000 L
b1100001000 H
b101 I
b1011101010 J
#14960000
0.
#14965000
1.
#14966000
1R
b11 8
b11 Q
19
17
b11 5
12
b10110001101 F
b0 :
#14970000
0.
#14975000
b0 S
b110 &
b110 U
b10000 [
1.
#14976000
1P
14
b11111011 8
b11111011 Q
1/
b1010011 0
13
b11111011 5
11
b10110001110 F
b1 ;
b1100011101 O
b110 I
b1011110000 K
#14980000
0.
#14985000
b1 S
b1011 T
b10001 [
b110 &
b110 U
b1011 Z
b1010011 "
b1010011 Y
1.
#14986000
0R
b11000001 8
b11000001 Q
09
b10011010 0
07
b11000001 5
02
b10110001111 F
b1 :
b10 ;
b110011000 C
b1100001001 L
b1100001001 H
b1011101011 J
b1100011110 O
b110 I
b1011110001 K
#14990000
0.
#14995000
b1100 T
b101 &
b101 U
b1100 Z
b10011010 "
b10011010 Y
1.
#14996000
b11001100 8
b11001100 Q
b1110 0
b11001100 5
b10110010000 F
b10 :
b0 ;
b1100001010 L
b1100001010 H
b101 I
b1011101100 J
#15000000
0.
#15005000
b1101 T
b100 &
b100 U
b1101 Z
b1110 "
b1110 Y
1.
#15006000
b1010100 8
b1010100 Q
b10011110 0
b1010100 5
b10110010001 F
b11 :
b1100001011 L
b1100001011 H
b100 I
b1011101101 J
#15010000
0.
#15015000
b1110 T
b11 &
b11 U
b1110 Z
b10011110 "
b10011110 Y
1.
#15016000
b11000000 8
b11000000 Q
b10011000 0
b11000000 5
b10110010010 F
b1111000 >
b100 :
b1100001100 L
b1100001100 H
b11 I
b1011101110 J
#15020000
0.
#15025000
b1111 T
b10 &
b10 U
b1111 Z
b10011000 "
b10011000 Y
1.
#15026000
b1010110 8
b1010110 Q
b11 0
b1010110 5
b10110010011 F
b1111001 >
b101 :
b1100001101 L
b1100001101 H
b10 I
b1011101111 J
#15030000
0.
#15035000
b0 T
1(
b1 &
b1 U
b10000 Z
b11 "
b11 Y
1.
#15036000
b10010000 8
b10010000 Q
b11111011 0
b10010000 5
b10110010100 F
b1111010 >
b110 :
b11110 <
b1100001110 L
b1100001110 H
b1 I
b1011110000 J
#15040000
0.
#15045000
b1 T
0P
1%
0(
b0 &
b0 U
b10001 Z
b11111011 "
b11111011 Y
1.
#15046000
1R
04
b111010 8
b111010 Q
19
0/
03
17
b111010 5
01
12
b10110010101 F
b1111011 >
b111 :
b101 @
b1100001111 L
b1100001111 H
b0 I
b1011110001 J
#15050000
0.
#15055000
b10 S
0%
1(
b1 &
b1 U
b10010 [
1.
#15056000
1P
0R
14
b10111000 8
b10111000 Q
09
1/
b111010 0
13
07
b10111000 5
11
02
b10110010110 F
b0 :
b1 ;
b11111 <
b1100011111 O
b1 I
b1011110010 K
#15060000
0.
#15065000
b10 T
0P
1%
0(
b0 &
b0 U
b10010 Z
b111010 "
b111010 Y
1.
#15066000
1R
04
b10110 8
b10110 Q
19
0/
03
17
b10110 5
01
12
b10110010111 F
b1 :
b0 ;
b110 @
b1100010000 L
b1100010000 H
b0 I
b1011110010 J
#15070000
0.
#15075000
b11 S
0%
1(
b1 &
b1 U
b10011 [
1.
#15076000
1P
0R
14
b1011100 8
b1011100 Q
09
1/
b10110 0
13
07
b1011100 5
11
02
b10110011000 F
b0 :
b1 ;
b100000 <
b1100100000 O
b1 I
b1011110011 K
#15080000
0.
#15085000
b11 T
0P
1%
0(
b0 &
b0 U
b10011 Z
b10110 "
b10110 Y
1.
#15086000
1R
04
b1110011 8
b1110011 Q
19
0/
03
17
b1110011 5
01
12
b10110011001 F
b1 :
b0 ;
b111 @
b1100010001 L
b1100010001 H
b0 I
b1011110011 J
#15090000
0.
#15095000
b100 S
0%
1(
b1 &
b1 U
b10100 [
1.
#15096000
1P
0R
14
b11111101 8
b11111101 Q
09
1/
b1110011 0
13
07
b11111101 5
11
02
b10110011010 F
b0 :
b1 ;
b100001 <
b1100100001 O
b1 I
b1011110100 K
#15100000
0.
#15105000
b100 T
0P
1%
0(
b0 &
b0 U
b10100 Z
b1110011 "
b1110011 Y
1.
#15106000
1R
b1011001 8
b1011001 Q
19
0/
03
17
b1011001 5
12
b10110011011 F
b1 :
b0 ;
b1000 @
b1100010010 L
b1100010010 H
b0 I
b1011110100 J
#15110000
0.
#15115000
b101 S
1P
1!
0%
1(
b1 &
b1 U
b10101 [
1.
#15116000
b100010 8
b100010 Q
1/
b1011001 0
13
b100010 5
b10110011100 F
b0 :
b1 ;
b110011001 C
b100010 <
b100 B
b100 N
b1100100010 O
b1 I
b1011110101 K
#15120000
0.
#15125000
b110 S
b101 T
b10110 [
0%
1(
b1 &
b1 U
b10101 Z
b1011001 "
b1011001 Y
0!
1.
#15126000
b10010 8
b10010 Q
b100010 0
b10010 5
b10110011101 F
b1 :
b10 ;
b110011010 C
b100011 <
b1100010011 L
b1100010011 H
b1011110101 J
b1100100011 O
b1 I
b1011110110 K
#15130000
0.
#15135000
b110 T
b111 S
b10110 Z
b100010 "
b100010 Y
1(
b1 &
b1 U
b10111 [
1.
#15136000
b1011 8
b1011 Q
b10010 0
b1011 5
b10110011110 F
b10 :
b11 ;
b110011011 C
b100100 <
b1100010100 L
b1100010100 H
b1011110110 J
b1100100100 O
b1 I
b1011110111 K
#15140000
0.
#15145000
b1000 S
b111 T
b11000 [
0%
1(
b1 &
b1 U
b10111 Z
b10010 "
b10010 Y
1.
#15146000
0P
0R
04
b100010 8
b100010 Q
09
0/
03
07
b100010 5
01
02
b10110011111 F
b10000010 ?
b11 :
b100 ;
b110011100 C
b100101 <
b1100010101 L
b1100010101 H
b1011110111 J
b1100100101 O
b1 I
b1011111000 K
#15150000
0.
#15155000
1.
#15156000
1P
1R
14
b10010101 8
b10010101 Q
19
1/
b1011 0
13
17
b10010101 5
11
12
b10110100000 F
b0 :
b0 ;
b100110 <
#15160000
0.
#15165000
b1001 S
b1000 T
b11001 [
0%
1(
b1 &
b1 U
b11000 Z
b1011 "
b1011 Y
1.
#15166000
b11001001 8
b11001001 Q
b10010101 0
b11001001 5
b10110100001 F
b1 :
b1 ;
b110011101 C
b100111 <
b1100010110 L
b1100010110 H
b1011111000 J
b1100100110 O
b1 I
b1011111001 K
#15170000
0.
#15175000
b1001 T
b1010 S
b11001 Z
b10010101 "
b10010101 Y
1(
b1 &
b1 U
b11010 [
1.
#15176000
0R
b11001111 8
b11001111 Q
09
b11001001 0
07
b11001111 5
02
b10110100010 F
b10 :
b10 ;
b110011110 C
b101000 <
b1100010111 L
b1100010111 H
b1011111001 J
b1100100111 O
b1 I
b1011111010 K
#15180000
0.
#15185000
b1010 T
0P
1%
0(
b0 &
b0 U
b11010 Z
b11001001 "
b11001001 Y
1.
#15186000
b1 8
b1 Q
0/
03
b1 5
b10110100011 F
b11 :
b0 ;
b1001 @
b1100011000 L
b1100011000 H
b0 I
b1011111010 J
#15190000
0.
#15195000
1!
1.
#15196000
1R
b1011000 8
b1011000 Q
19
17
b1011000 5
12
b10110100100 F
b0 :
b1010 @
b101 B
b101 N
#15200000
0.
#15205000
b1011 S
1P
0%
1(
b1 &
b1 U
b11011 [
1.
#15206000
0P
04
b101011 8
b101011 Q
b101011 5
01
b10110100101 F
b1 ;
b110011111 C
b101001 <
b110 B
b110 N
b1100101000 O
b1 I
b1011111011 K
#15210000
0.
#15215000
b1100 S
0!
0(
b10 &
b10 U
b11100 [
1.
#15216000
1P
14
b101100 8
b101100 Q
1/
b1011000 0
13
b101100 5
11
b10110100110 F
b10 ;
b1100101001 O
b10 I
b1011111100 K
#15220000
0.
#15225000
b1101 S
b1011 T
b11101 [
0(
b10 &
b10 U
b11011 Z
b1011000 "
b1011000 Y
1.
#15226000
0P
04
b10111100 8
b10111100 Q
0/
03
b10111100 5
01
b10110100111 F
b1 :
b11 ;
b110100000 C
b1100011001 L
b1100011001 H
b1011111011 J
b1100101010 O
b10 I
b1011111101 K
#15230000
0.
#15235000
b1110 S
b11 &
b11 U
b11110 [
1.
#15236000
1P
14
b1000110 8
b1000110 Q
1/
b101011 0
13
b1000110 5
11
b10110101000 F
b10000011 ?
b0 :
b100 ;
b1100101011 O
b11 I
b1011111110 K
#15240000
0.
#15245000
b1111 S
b1100 T
b11111 [
b11 &
b11 U
b11100 Z
b101011 "
b101011 Y
1.
#15246000
0P
0R
04
b1100011 8
b1100011 Q
09
0/
03
07
b1100011 5
01
02
b10110101001 F
b10000100 ?
b1 :
b101 ;
b110100001 C
b1100011010 L
b1100011010 H
b1011111100 J
b1100101100 O
b11 I
b1011111111 K
#15250000
0.
#15255000
1.
#15256000
1P
1R
14
b1 8
b1 Q
19
1/
b101100 0
13
17
b1 5
11
12
b10110101010 F
b0 :
b0 ;
#15260000
0.
#15265000
b0 S
b1101 T
b0 [
b11 &
b11 U
b11101 Z
b101100 "
b101100 Y
1.
#15266000
b10100101 8
b10100101 Q
b10111100 0
b10100101 5
b10110101011 F
b1 :
b1 ;
b110100010 C
b1100011011 L
b1100011011 H
b1011111101 J
b1100101101 O
b11 I
b1100000000 K
#15270000
0.
#15275000
b1110 T
b1 S
b11110 Z
b10111100 "
b10111100 Y
b11 &
b11 U
b1 [
1.
#15276000
0P
0R
04
b11100010 8
b11100010 Q
09
0/
03
07
b11100010 5
01
02
b10110101100 F
b10 :
b10 ;
b110100011 C
b1100011100 L
b1100011100 H
b1011111110 J
b1100101110 O
b11 I
b1100000001 K
#15280000
0.
#15285000
1.
#15286000
1P
1R
14
b11000101 8
b11000101 Q
19
1/
b1000110 0
13
17
b11000101 5
11
12
b10110101101 F
b0 :
b0 ;
#15290000
0.
#15295000
b1111 T
b10 S
b11111 Z
b1000110 "
b1000110 Y
b11 &
b11 U
b10 [
1.
#15296000
0R
b10100000 8
b10100000 Q
09
b1 0
07
b10100000 5
02
b10110101110 F
b1 :
b1 ;
b110100100 C
b1100011101 L
b1100011101 H
b1011111111 J
b1100101111 O
b11 I
b1100000010 K
#15300000
0.
#15305000
b0 T
b10 &
b10 U
b0 Z
b1 "
b1 Y
1.
#15306000
b1011000 8
b1011000 Q
b10100101 0
b1011000 5
b10110101111 F
b10 :
b0 ;
b1100011110 L
b1100011110 H
b10 I
b1100000000 J
#15310000
0.
#15315000
b1 T
1(
b1 &
b1 U
b1 Z
b10100101 "
b10100101 Y
1.
#15316000
0P
04
b10110001 8
b10110001 Q
0/
03
b10110001 5
01
b10110110000 F
b11 :
b101010 <
b1100011111 L
b1100011111 H
b1 I
b1100000001 J
#15320000
0.
#15325000
1.
#15326000
1P
14
b1000101 8
b1000101 Q
1/
b11000101 0
13
b1000101 5
11
b10110110001 F
b0 :
b101011 <
#15330000
0.
#15335000
b10 T
0P
1%
0(
b0 &
b0 U
b10 Z
b11000101 "
b11000101 Y
1.
#15336000
1R
04
b1011001 8
b1011001 Q
19
0/
03
17
b1011001 5
01
12
b10110110010 F
b1 :
b1011 @
b1100100000 L
b1100100000 H
b0 I
b1100000010 J
#15340000
0.
#15345000
b11 S
0%
1(
b1 &
b1 U
b11 [
1.
#15346000
1P
14
b1001110 8
b1001110 Q
1/
b1011001 0
13
b1001110 5
11
b10110110011 F
b0 :
b1 ;
b101100 <
b1100110000 O
b1 I
b1100000011 K
#15350000
0.
#15355000
b11 T
b100 S
b11 Z
b1011001 "
b1011001 Y
1(
b1 &
b1 U
b100 [
1.
#15356000
0P
04
b11111100 8
b11111100 Q
0/
03
b11111100 5
01
b10110110100 F
b1 :
b10 ;
b110100101 C
b101101 <
b1100100001 L
b1100100001 H
b1100000011 J
b1100110001 O
b1 I
b1100000100 K
#15360000
0.
#15365000
b101 S
0(
b10 &
b10 U
b101 [
1.
#15366000
1P
0R
14
b10101100 8
b10101100 Q
09
1/
b1001110 0
13
07
b10101100 5
11
02
b10110110101 F
b0 :
b11 ;
b1100110010 O
b10 I
b1100000101 K
#15370000
0.
#15375000
b100 T
1(
b1 &
b1 U
b100 Z
b1001110 "
b1001110 Y
1.
#15376000
0P
1R
04
b1111011 8
b1111011 Q
19
0/
03
17
b1111011 5
01
12
b10110110110 F
b1 :
b0 ;
b101110 <
b1100100010 L
b1100100010 H
b1 I
b1100000100 J
#15380000
0.
#15385000
b110 S
0(
b10 &
b10 U
b110 [
1.
#15386000
1P
0R
14
b10000110 8
b10000110 Q
09
1/
b11111100 0
13
07
b10000110 5
11
02
b10110110111 F
b0 :
b1 ;
b1100110011 O
b10 I
b1100000110 K
#15390000
0.
#15395000
b101 T
1(
b1 &
b1 U
b101 Z
b11111100 "
b11111100 Y
1.
#15396000
0P
1R
04
b1001000 8
b1001000 Q
19
0/
03
17
b1001000 5
01
12
b10110111000 F
b1 :
b0 ;
b101111 <
b1100100011 L
b1100100011 H
b1 I
b1100000101 J
#15400000
0.
#15405000
b111 S
0(
b10 &
b10 U
b111 [
1.
#15406000
b11000 8
b11000 Q
b11000 5
b10110111001 F
b0 :
b1 ;
b1100110100 O
b10 I
b1100000111 K
#15410000
0.
#15415000
b1000 S
b11 &
b11 U
b1000 [
1.
#15416000
1P
0R
14
b11110000 8
b11110000 Q
09
1/
b1111011 0
13
07
b11110000 5
11
02
b10110111010 F
b10 ;
b1100110101 O
b11 I
b1100001000 K
#15420000
0.
#15425000
b110 T
b10 &
b10 U
b110 Z
b1111011 "
b1111011 Y
1.
#15426000
0P
04
b101000 8
b101000 Q
0/
03
b101000 5
01
b10110111011 F
b1 :
b0 ;
b1100100100 L
b1100100100 H
b10 I
b1100000110 J
#15430000
0.
#15435000
1.
#15436000
1P
14
b10000011 8
b10000011 Q
1/
b1001000 0
13
b10000011 5
11
b10110111100 F
b0 :
#15440000
0.
#15445000
b111 T
1(
b1 &
b1 U
b111 Z
b1001000 "
b1001000 Y
1.
#15446000
0P
04
b100010 8
b100010 Q
0/
03
b100010 5
01
b10110111101 F
b1 :
b110000 <
b1100100101 L
b1100100101 H
b1 I
b1100000111 J
#15450000
0.
#15455000
1.
#15456000
1P
1R
14
b1010110 8
b1010110 Q
19
1/
b11000 0
13
17
b1010110 5
11
12
b10110111110 F
b0 :
b110001 <
#15460000
0.
#15465000
b1001 S
b1000 T
b1001 [
0%
1(
b1 &
b1 U
b1000 Z
b11000 "
b11000 Y
1.
#15466000
b11100100 8
b11100100 Q
b1010110 0
b11100100 5
b10110111111 F
b1 :
b1 ;
b110100110 C
b110010 <
b1100100110 L
b1100100110 H
b1100001000 J
b1100110110 O
b1 I
b1100001001 K
#15470000
0.
#15475000
b1001 T
b1010 S
b1001 Z
b1010110 "
b1010110 Y
1(
b1 &
b1 U
b1010 [
1.
#15476000
0R
b10100010 8
b10100010 Q
09
b11100100 0
07
b10100010 5
02
b10111000000 F
b10 :
b10 ;
b110100111 C
b110011 <
b1100100111 L
b1100100111 H
b1100001001 J
b1100110111 O
b1 I
b1100001010 K
#15480000
0.
#15485000
b1010 T
0P
1%
0(
b0 &
b0 U
b1010 Z
b11100100 "
b11100100 Y
1.
#15486000
b11000000 8
b11000000 Q
0/
03
b11000000 5
b10111000001 F
b11 :
b0 ;
b1100 @
b1100101000 L
b1100101000 H
b0 I
b1100001010 J
#15490000
0.
#15495000
1!
1.
#15496000
1R
b1000000 8
b1000000 Q
19
17
b1000000 5
12
b10111000010 F
b0 :
b1101 @
b111 B
b111 N
#15500000
0.
#15505000
b1011 S
1P
0%
1(
b1 &
b1 U
b1011 [
1.
#15506000
0R
b1110011 8
b1110011 Q
09
1/
b1000000 0
13
07
b1110011 5
02
b10111000011 F
b1 ;
b110101000 C
b110100 <
b1000 B
b1000 N
b1100111000 O
b1 I
b1100001011 K
#15510000
0.
#15515000
b1011 T
0P
0!
1%
0(
b0 &
b0 U
b1011 Z
b1000000 "
b1000000 Y
1.
#15516000
1R
b1000100 8
b1000100 Q
19
0/
03
17
b1000100 5
12
b10111000100 F
b1 :
b0 ;
b1110 @
b1100101001 L
b1100101001 H
b0 I
b1100001011 J
#15520000
0.
#15525000
b1100 S
1P
0%
1(
b1 &
b1 U
b1100 [
1!
1.
#15526000
0P
04
b10101010 8
b10101010 Q
b10101010 5
01
b10111000101 F
b0 :
b1 ;
b110101001 C
b110101 <
b1001 B
b1001 N
b1100111001 O
b1 I
b1100001100 K
#15530000
0.
#15535000
b1101 S
0!
0(
b10 &
b10 U
b1101 [
1.
#15536000
b11110110 8
b11110110 Q
b11110110 5
b10111000110 F
b10 ;
b1100111010 O
b10 I
b1100001101 K
#15540000
0.
#15545000
b1110 S
b11 &
b11 U
b1110 [
1.
#15546000
b1111100 8
b1111100 Q
b1111100 5
b10111000111 F
b11 ;
b1100111011 O
b11 I
b1100001110 K
#15550000
0.
#15555000
b1111 S
b100 &
b100 U
b1111 [
1.
#15556000
1P
14
b10010100 8
b10010100 Q
1/
b1000100 0
13
b10010100 5
11
b10111001000 F
b10000101 ?
b100 ;
b1100111100 O
b100 I
b1100001111 K
#15560000
0.
#15565000
b0 S
b1100 T
b10000 [
b100 &
b100 U
b1100 Z
b1000100 "
b1000100 Y
1.
#15566000
0P
04
b11101010 8
b11101010 Q
0/
03
b11101010 5
01
b10111001001 F
b10000110 ?
b1 :
b101 ;
b110101010 C
b1100101010 L
b1100101010 H
b1100001100 J
b1100111101 O
b100 I
b1100010000 K
#15570000
0.
#15575000
b1 S
b101 &
b101 U
b10001 [
1.
#15576000
b11100101 8
b11100101 Q
b11100101 5
b10111001010 F
b10000111 ?
b0 :
b110 ;
b1100111110 O
b101 I
b1100010001 K
#15580000
0.
#15585000
b10 S
b110 &
b110 U
b10010 [
1.
#15586000
1P
14
b11001100 8
b11001100 Q
1/
b10101010 0
13
b11001100 5
11
b10111001011 F
b10001000 ?
b111 ;
b1100111111 O
b110 I
b1100010010 K
#15590000
0.
#15595000
b1101 T
b11 S
b1101 Z
b10101010 "
b10101010 Y
b110 &
b110 U
b10011 [
1.
#15596000
b1101101 8
b1101101 Q
b11110110 0
b1101101 5
b10111001100 F
b10001001 ?
b1 :
b1000 ;
b110101011 C
b1100101011 L
b1100101011 H
b1100001101 J
b1101000000 O
b110 I
b1100010011 K
#15600000
0.
#15605000
b100 S
b1110 T
b10100 [
b110 &
b110 U
b1110 Z
b11110110 "
b11110110 Y
1.
#15606000
b11010001 8
b11010001 Q
b1111100 0
b11010001 5
b10111001101 F
b10001010 ?
b10 :
b1001 ;
b110101100 C
b1100101100 L
b1100101100 H
b1100001110 J
b1101000001 O
b110 I
b1100010100 K
#15610000
0.
#15615000
b1111 T
b101 S
b1111 Z
b1111100 "
b1111100 Y
b110 &
b110 U
b10101 [
1.
#15616000
0P
0R
04
b10011100 8
b10011100 Q
09
0/
03
07
b10011100 5
01
02
b10111001110 F
b10001011 ?
b11 :
b1010 ;
b110101101 C
b1100101101 L
b1100101101 H
b1100001111 J
b1101000010 O
b110 I
b1100010101 K
#15620000
0.
#15625000
1.
#15626000
1P
1R
14
b10001111 8
b10001111 Q
19
1/
b10010100 0
13
17
b10001111 5
11
12
b10111001111 F
b0 :
b0 ;
#15630000
0.
#15635000
b0 T
b110 S
b10000 Z
b10010100 "
b10010100 Y
b110 &
b110 U
b10110 [
1.
#15636000
b10001001 8
b10001001 Q
b11101010 0
b10001001 5
b10111010000 F
b1 :
b1 ;
b110101110 C
b1100101110 L
b1100101110 H
b1100010000 J
b1101000011 O
b110 I
b1100010110 K
#15640000
0.
#15645000
b111 S
b1 T
b10111 [
b110 &
b110 U
b10001 Z
b11101010 "
b11101010 Y
1.
#15646000
0P
04
b10000101 8
b10000101 Q
0/
03
b10000101 5
01
b10111010001 F
b10 :
b10 ;
b110101111 C
b1100101111 L
b1100101111 H
b1100010001 J
b1101000100 O
b110 I
b1100010111 K
#15650000
0.
#15655000
b1000 S
b111 &
b111 U
b11000 [
1.
#15656000
0R
b0 8
b0 Q
09
07
b0 5
02
b10111010010 F
b0 :
b11 ;
b1101000101 O
b111 I
b1100011000 K
#15660000
0.
#15665000
1.
#15666000
1R
b1 8
b1 Q
19
17
b1 5
12
b10111010011 F
b0 ;
#15670000
0.
#15675000
b1001 S
b1000 &
b1000 U
b11001 [
1.
#15676000
1P
0R
14
b111100 8
b111100 Q
09
1/
b11100101 0
13
07
b111100 5
11
02
b10111010100 F
b1 ;
b1101000110 O
b1000 I
b1100011001 K
#15680000
0.
#15685000
b10 T
b111 &
b111 U
b10010 Z
b11100101 "
b11100101 Y
1.
#15686000
0P
1R
04
b11011100 8
b11011100 Q
19
0/
03
17
b11011100 5
01
12
b10111010101 F
b1 :
b0 ;
b1100110000 L
b1100110000 H
b111 I
b1100010010 J
#15690000
0.
#15695000
b1010 S
b1000 &
b1000 U
b11010 [
1.
#15696000
1P
14
b1101 8
b1101 Q
1/
b11001100 0
13
b1101 5
11
b10111010110 F
b0 :
b1 ;
b1101000111 O
b1000 I
b1100011010 K
#15700000
0.
#15705000
b1011 S
b11 T
b11011 [
b1000 &
b1000 U
b10011 Z
b11001100 "
b11001100 Y
1.
#15706000
0P
04
b11010110 8
b11010110 Q
0/
03
b11010110 5
01
b10111010111 F
b1 :
b10 ;
b110110000 C
b1100110001 L
b1100110001 H
b1100010011 J
b1101001000 O
b1000 I
b1100011011 K
#15710000
0.
#15715000
b1100 S
b1001 &
b1001 U
b11100 [
1.
#15716000
0R
b11111111 8
b11111111 Q
09
07
b11111111 5
02
b10111011000 F
b0 :
b11 ;
b1101001001 O
b1001 I
b1100011100 K
#15720000
0.
#15725000
1.
#15726000
1P
1R
14
b101110 8
b101110 Q
19
1/
b1101101 0
13
17
b101110 5
11
12
b10111011001 F
b0 ;
#15730000
0.
#15735000
b100 T
b1101 S
b10100 Z
b1101101 "
b1101101 Y
b1001 &
b1001 U
b11101 [
1.
#15736000
0P
0R
04
b1011101 8
b1011101 Q
09
0/
03
07
b1011101 5
01
02
b10111011010 F
b1 :
b1 ;
b110110001 C
b1100110010 L
b1100110010 H
b1100010100 J
b1101001010 O
b1001 I
b1100011101 K
#15740000
0.
#15745000
1.
#15746000
b111100 8
b111100 Q
b111100 5
b10111011011 F
b0 :
b0 ;
#15750000
0.
#15755000
1.
#15756000
1P
1R
14
b11010010 8
b11010010 Q
19
1/
b11010001 0
13
17
b11010010 5
11
12
b10111011100 F
#15760000
0.
#15765000
b1110 S
b101 T
b11110 [
b1001 &
b1001 U
b10101 Z
b11010001 "
b11010001 Y
1.
#15766000
0R
b1101100 8
b1101100 Q
09
b10001111 0
07
b1101100 5
02
b10111011101 F
b1 :
b1 ;
b110110010 C
b1100110011 L
b1100110011 H
b1100010101 J
b1101001011 O
b1001 I
b1100011110 K
#15770000
0.
#15775000
b110 T
b1000 &
b1000 U
b10110 Z
b10001111 "
b10001111 Y
1.
#15776000
0P
1R
04
b1000110 8
b1000110 Q
19
0/
03
17
b1000110 5
01
12
b10111011110 F
b10 :
b0 ;
b1100110100 L
b1100110100 H
b1000 I
b1100010110 J
#15780000
0.
#15785000
b1111 S
b1001 &
b1001 U
b11111 [
1.
#15786000
b110010 8
b110010 Q
b110010 5
b10111011111 F
b0 :
b1 ;
b1101001100 O
b1001 I
b1100011111 K
#15790000
0.
#15795000
b0 S
b1010 &
b1010 U
b0 [
1.
#15796000
1P
14
b110110 8
b110110 Q
1/
b10001001 0
13
b110110 5
11
b10111100000 F
b10 ;
b1101001101 O
b1010 I
b1100100000 K
#15800000
0.
#15805000
b1 S
b111 T
b1 [
b1010 &
b1010 U
b10111 Z
b10001001 "
b10001001 Y
1.
#15806000
b10001000 8
b10001000 Q
b10000101 0
b10001000 5
b10111100001 F
b1 :
b11 ;
b110110011 C
b1100110101 L
b1100110101 H
b1100010111 J
b1101001110 O
b1010 I
b1100100001 K
#15810000
0.
#15815000
b1000 T
b10 S
b11000 Z
b10000101 "
b10000101 Y
b1010 &
b1010 U
b10 [
1.
#15816000
0P
0R
04
b111011 8
b111011 Q
09
0/
03
07
b111011 5
01
02
b10111100010 F
b10001100 ?
b10 :
b100 ;
b110110100 C
b1100110110 L
b1100110110 H
b1100011000 J
b1101001111 O
b1010 I
b1100100010 K
#15820000
0.
#15825000
1.
#15826000
1P
1R
14
b10110000 8
b10110000 Q
19
1/
b1 0
13
17
b10110000 5
11
12
b10111100011 F
b0 :
b0 ;
#15830000
0.
#15835000
b1001 T
b11 S
b11001 Z
b1 "
b1 Y
b1010 &
b1010 U
b11 [
1.
#15836000
0R
b1000001 8
b1000001 Q
09
b11011100 0
07
b1000001 5
02
b10111100100 F
b1 :
b1 ;
b110110101 C
b1100110111 L
b1100110111 H
b1100011001 J
b1101010000 O
b1010 I
b1100100011 K
#15840000
0.
#15845000
b1010 T
b1001 &
b1001 U
b11010 Z
b11011100 "
b11011100 Y
1.
#15846000
1R
b10010 8
b10010 Q
19
b1101 0
17
b10010 5
12
b10111100101 F
b10 :
b0 ;
b1100111000 L
b1100111000 H
b1001 I
b1100011010 J
#15850000
0.
#15855000
b1011 T
b100 S
b11011 Z
b1101 "
b1101 Y
b1001 &
b1001 U
b100 [
1.
#15856000
0R
b11011101 8
b11011101 Q
09
b11010110 0
07
b11011101 5
02
b10111100110 F
b11 :
b1 ;
b110110110 C
b1100111001 L
b1100111001 H
b1100011011 J
b1101010001 O
b1001 I
b1100100100 K
#15860000
0.
#15865000
b1100 T
b1000 &
b1000 U
b11100 Z
b11010110 "
b11010110 Y
1.
#15866000
0P
1R
04
b11000110 8
b11000110 Q
19
0/
03
17
b11000110 5
01
12
b10111100111 F
b1111100 >
b100 :
b0 ;
b1100111010 L
b1100111010 H
b1000 I
b1100011100 J
#15870000
0.
#15875000
b101 S
b1001 &
b1001 U
b101 [
1.
#15876000
b10101 8
b10101 Q
b10101 5
b10111101000 F
b0 :
b1 ;
b1101010010 O
b1001 I
b1100100101 K
#15880000
0.
#15885000
b110 S
b1010 &
b1010 U
b110 [
1.
#15886000
b10001001 8
b10001001 Q
b10001001 5
b10111101001 F
b10 ;
b1101010011 O
b1010 I
b1100100110 K
#15890000
0.
#15895000
b111 S
b1011 &
b1011 U
b111 [
1.
#15896000
1P
14
b11001000 8
b11001000 Q
1/
b101110 0
13
b11001000 5
11
b10111101010 F
b11 ;
b1101010100 O
b1011 I
b1100100111 K
#15900000
0.
#15905000
b1000 S
b1101 T
b1000 [
b1011 &
b1011 U
b11101 Z
b101110 "
b101110 Y
1.
#15906000
0R
b10110000 8
b10110000 Q
09
b11010010 0
07
b10110000 5
02
b10111101011 F
b10001101 ?
b1 :
b100 ;
b110110111 C
b1100111011 L
b1100111011 H
b1100011101 J
b1101010101 O
b1011 I
b1100101000 K
#15910000
0.
#15915000
b1110 T
b1010 &
b1010 U
b11110 Z
b11010010 "
b11010010 Y
1.
#15916000
0P
04
b10111111 8
b10111111 Q
0/
03
b10111111 5
01
b10111101100 F
b10 :
b0 ;
b1100111100 L
b1100111100 H
b1010 I
b1100011110 J
#15920000
0.
#15925000
1.
#15926000
b11001110 8
b11001110 Q
b11001110 5
b10111101101 F
b0 :
#15930000
0.
#15935000
1.
#15936000
b11100 8
b11100 Q
b11100 5
b10111101110 F
#15940000
0.
#15945000
1.
#15946000
b10001100 8
b10001100 Q
b10001100 5
b10111101111 F
#15950000
0.
#15955000
1.
#15956000
1P
1R
14
b110111 8
b110111 Q
19
1/
b1000110 0
13
17
b110111 5
11
12
b10111110000 F
#15960000
0.
#15965000
b1001 S
b1111 T
b1001 [
b1010 &
b1010 U
b11111 Z
b1000110 "
b1000110 Y
1.
#15966000
b10110010 8
b10110010 Q
b110010 0
b10110010 5
b10111110001 F
b1 :
b1 ;
b110111000 C
b1100111101 L
b1100111101 H
b1100011111 J
b1101010110 O
b1010 I
b1100101001 K
#15970000
0.
#15975000
b0 T
b1010 S
b0 Z
b110010 "
b110010 Y
b1010 &
b1010 U
b1010 [
1.
#15976000
0P
0R
04
b1001111 8
b1001111 Q
09
0/
03
07
b1001111 5
01
02
b10111110010 F
b10 :
b10 ;
b110111001 C
b1100111110 L
b1100111110 H
b1100100000 J
b1101010111 O
b1010 I
b1100101010 K
#15980000
0.
#15985000
1.
#15986000
1P
1R
14
b110000 8
b110000 Q
19
1/
b110110 0
13
17
b110000 5
11
12
b10111110011 F
b0 :
b0 ;
#15990000
0.
#15995000
b1 T
b1011 S
b1 Z
b110110 "
b110110 Y
b1010 &
b1010 U
b1011 [
1.
#15996000
0P
0R
04
b10100 8
b10100 Q
09
0/
03
07
b10100 5
01
02
b10111110100 F
b1 :
b1 ;
b110111010 C
b1100111111 L
b1100111111 H
b1100100001 J
b1101011000 O
b1010 I
b1100101011 K
#16000000
0.
#16005000
1.
#16006000
b10000110 8
b10000110 Q
b10000110 5
b10111110101 F
b0 :
b0 ;
#16010000
0.
#16015000
1.
#16016000
1P
1R
14
b10111111 8
b10111111 Q
19
1/
b10001000 0
13
17
b10111111 5
11
12
b10111110110 F
#16020000
0.
#16025000
b1100 S
b10 T
b1100 [
b1010 &
b1010 U
b10 Z
b10001000 "
b10001000 Y
1.
#16026000
0R
b1001011 8
b1001011 Q
09
b10110000 0
07
b1001011 5
02
b10111110111 F
b1 :
b1 ;
b110111011 C
b1101000000 L
b1101000000 H
b1100100010 J
b1101011001 O
b1010 I
b1100101100 K
#16030000
0.
#16035000
b11 T
b1001 &
b1001 U
b11 Z
b10110000 "
b10110000 Y
1.
#16036000
1R
b101100 8
b101100 Q
19
b10010 0
17
b101100 5
12
b10111111000 F
b10 :
b0 ;
b1101000001 L
b1101000001 H
b1001 I
b1100100011 J
#16040000
0.
#16045000
b1101 S
b100 T
b1101 [
b1001 &
b1001 U
b100 Z
b10010 "
b10010 Y
1.
#16046000
0P
0R
04
b111011 8
b111011 Q
09
0/
03
07
b111011 5
01
02
b10111111001 F
b11 :
b1 ;
b110111100 C
b1101000010 L
b1101000010 H
b1100100100 J
b1101011010 O
b1001 I
b1100101101 K
#16050000
0.
#16055000
1.
#16056000
1P
1R
14
b10100 8
b10100 Q
19
1/
b11000110 0
13
17
b10100 5
11
12
b10111111010 F
b0 :
b0 ;
#16060000
0.
#16065000
b1110 S
b101 T
b1110 [
b1001 &
b1001 U
b101 Z
b11000110 "
b11000110 Y
1.
#16066000
b11000010 8
b11000010 Q
b10101 0
b11000010 5
b10111111011 F
b1 :
b1 ;
b110111101 C
b1101000011 L
b1101000011 H
b1100100101 J
b1101011011 O
b1001 I
b1100101110 K
#16070000
0.
#16075000
b110 T
b1111 S
b110 Z
b10101 "
b10101 Y
b1001 &
b1001 U
b1111 [
1.
#16076000
0R
b101101 8
b101101 Q
09
b10001001 0
07
b101101 5
02
b10111111100 F
b10 :
b10 ;
b110111110 C
b1101000100 L
b1101000100 H
b1100100110 J
b1101011100 O
b1001 I
b1100101111 K
#16080000
0.
#16085000
b111 T
b1000 &
b1000 U
b111 Z
b10001001 "
b10001001 Y
1.
#16086000
1R
b1100100 8
b1100100 Q
19
b11001000 0
17
b1100100 5
12
b10111111101 F
b11 :
b0 ;
b1101000101 L
b1101000101 H
b1000 I
b1100100111 J
#16090000
0.
#16095000
b1000 T
b0 S
b1000 Z
b11001000 "
b11001000 Y
b1000 &
b1000 U
b10000 [
1.
#16096000
b1101100 8
b1101100 Q
b110111 0
b1101100 5
b10111111110 F
b1111101 >
b100 :
b1 ;
b110111111 C
b1101000110 L
b1101000110 H
b1100101000 J
b1101011101 O
b1000 I
b1100110000 K
#16100000
0.
#16105000
b1 S
b1001 T
b10001 [
b1000 &
b1000 U
b1001 Z
b110111 "
b110111 Y
1.
#16106000
0P
04
b1110 8
b1110 Q
0/
03
b1110 5
01
b10111111111 F
b1111110 >
b101 :
b10 ;
b111000000 C
b1101000111 L
b1101000111 H
b1100101001 J
b1101011110 O
b1000 I
b1100110001 K
#16110000
0.
#16115000
b10 S
b1001 &
b1001 U
b10010 [
1.
#16116000
1P
14
b11101010 8
b11101010 Q
1/
b10110010 0
13
b11101010 5
11
b11000000000 F
b0 :
b11 ;
b1101011111 O
b1001 I
b1100110010 K
#16120000
0.
#16125000
b11 S
b1010 T
b10011 [
b1001 &
b1001 U
b1010 Z
b10110010 "
b10110010 Y
1.
#16126000
0P
04
b101111 8
b101111 Q
0/
03
b101111 5
01
b11000000001 F
b10001110 ?
b1 :
b100 ;
b111000001 C
b1101001000 L
b1101001000 H
b1100101010 J
b1101100000 O
b1001 I
b1100110011 K
#16130000
0.
#16135000
b100 S
b1010 &
b1010 U
b10100 [
1.
#16136000
1P
14
b11100000 8
b11100000 Q
1/
b110000 0
13
b11100000 5
11
b11000000010 F
b10001111 ?
b0 :
b101 ;
b1101100001 O
b1010 I
b1100110100 K
#16140000
0.
#16145000
b101 S
b1011 T
b10101 [
b1010 &
b1010 U
b1011 Z
b110000 "
b110000 Y
1.
#16146000
b11111001 8
b11111001 Q
b10111111 0
b11111001 5
b11000000011 F
b10010000 ?
b1 :
b110 ;
b111000010 C
b1101001001 L
b1101001001 H
b1100101011 J
b1101100010 O
b1010 I
b1100110101 K
#16150000
0.
#16155000
b1100 T
b110 S
b1100 Z
b10111111 "
b10111111 Y
b1010 &
b1010 U
b10110 [
1.
#16156000
0P
04
b11101001 8
b11101001 Q
0/
03
b11101001 5
01
b11000000100 F
b10010001 ?
b10 :
b111 ;
b111000011 C
b1101001010 L
b1101001010 H
b1100101100 J
b1101100011 O
b1010 I
b1100110110 K
#16160000
0.
#16165000
b111 S
b1011 &
b1011 U
b10111 [
1.
#16166000
1P
14
b101101 8
b101101 Q
1/
b101100 0
13
b101101 5
11
b11000000101 F
b10010010 ?
b0 :
b1000 ;
b1101100100 O
b1011 I
b1100110111 K
#16170000
0.
#16175000
b1101 T
b1000 S
b1101 Z
b101100 "
b101100 Y
b1011 &
b1011 U
b11000 [
1.
#16176000
0R
b11011000 8
b11011000 Q
09
b10100 0
07
b11011000 5
02
b11000000110 F
b10010011 ?
b1 :
b1001 ;
b111000100 C
b1101001011 L
b1101001011 H
b1100101101 J
b1101100101 O
b1011 I
b1100111000 K
#16180000
0.
#16185000
b1110 T
b1010 &
b1010 U
b1110 Z
b10100 "
b10100 Y
1.
#16186000
b11111110 8
b11111110 Q
b11000010 0
b11111110 5
b11000000111 F
b10 :
b0 ;
b1101001100 L
b1101001100 H
b1010 I
b1100101110 J
#16190000
0.
#16195000
b1111 T
b1001 &
b1001 U
b1111 Z
b11000010 "
b11000010 Y
1.
#16196000
b1101110 8
b1101110 Q
b1100100 0
b1101110 5
b11000001000 F
b11 :
b1101001101 L
b1101001101 H
b1001 I
b1100101111 J
#16200000
0.
#16205000
b0 T
b1000 &
b1000 U
b10000 Z
b1100100 "
b1100100 Y
1.
#16206000
b1110100 8
b1110100 Q
b1101100 0
b1110100 5
b11000001001 F
b1111111 >
b100 :
b1101001110 L
b1101001110 H
b1000 I
b1100110000 J
#16210000
0.
#16215000
b1 T
b111 &
b111 U
b10001 Z
b1101100 "
b1101100 Y
1.
#16216000
1R
b1000000 8
b1000000 Q
19
b1110 0
17
b1000000 5
12
b11000001010 F
b10000000 >
b101 :
b1101001111 L
b1101001111 H
b111 I
b1100110001 J
#16220000
0.
#16225000
b1001 S
b10 T
b11001 [
b111 &
b111 U
b10010 Z
b1110 "
b1110 Y
1.
#16226000
b111101 8
b111101 Q
b11101010 0
b111101 5
b11000001011 F
b10000001 >
b110 :
b1 ;
b111000101 C
b1101010000 L
b1101010000 H
b1100110010 J
b1101100110 O
b111 I
b1100111001 K
#16230000
0.
#16235000
b11 T
b1010 S
b10011 Z
b11101010 "
b11101010 Y
b111 &
b111 U
b11010 [
1.
#16236000
0R
b1110 8
b1110 Q
09
b101111 0
07
b1110 5
02
b11000001100 F
b10000010 >
b111 :
b10 ;
b111000110 C
b1101010001 L
b1101010001 H
b1100110011 J
b1101100111 O
b111 I
b1100111010 K
#16240000
0.
#16245000
b100 T
b110 &
b110 U
b10100 Z
b101111 "
b101111 Y
1.
#16246000
1R
b1111110 8
b1111110 Q
19
b11100000 0
17
b1111110 5
12
b11000001101 F
b10000011 >
b1000 :
b0 ;
b1101010010 L
b1101010010 H
b110 I
b1100110100 J
#16250000
0.
#16255000
b101 T
b1011 S
b10101 Z
b11100000 "
b11100000 Y
b110 &
b110 U
b11011 [
1.
#16256000
0P
04
b10011000 8
b10011000 Q
0/
03
b10011000 5
01
b11000001110 F
b10000100 >
b1001 :
b1 ;
b111000111 C
b1101010011 L
b1101010011 H
b1100110101 J
b1101101000 O
b110 I
b1100111011 K
#16260000
0.
#16265000
b1100 S
b111 &
b111 U
b11100 [
1.
#16266000
1P
0R
14
b10110000 8
b10110000 Q
09
1/
b11111001 0
13
07
b10110000 5
11
02
b11000001111 F
b0 :
b10 ;
b1101101001 O
b111 I
b1100111100 K
#16270000
0.
#16275000
b110 T
b110 &
b110 U
b10110 Z
b11111001 "
b11111001 Y
1.
#16276000
b10001010 8
b10001010 Q
b11101001 0
b10001010 5
b11000010000 F
b1 :
b0 ;
b1101010100 L
b1101010100 H
b110 I
b1100110110 J
#16280000
0.
#16285000
b111 T
b101 &
b101 U
b10111 Z
b11101001 "
b11101001 Y
1.
#16286000
b11000101 8
b11000101 Q
b101101 0
b11000101 5
b11000010001 F
b10 :
b1101010101 L
b1101010101 H
b101 I
b1100110111 J
#16290000
0.
#16295000
b1000 T
b100 &
b100 U
b11000 Z
b101101 "
b101101 Y
1.
#16296000
0P
04
b1101101 8
b1101101 Q
0/
03
b1101101 5
01
b11000010010 F
b11 :
b1101010110 L
b1101010110 H
b100 I
b1100111000 J
#16300000
0.
#16305000
1.
#16306000
1P
1R
14
b11001 8
b11001 Q
19
1/
b1000000 0
13
17
b11001 5
11
12
b11000010011 F
b0 :
#16310000
0.
#16315000
b1001 T
b1101 S
b11001 Z
b1000000 "
b1000000 Y
b100 &
b100 U
b11101 [
1.
#16316000
0P
04
b1110101 8
b1110101 Q
0/
03
b1110101 5
01
b11000010100 F
b1 :
b1 ;
b111001000 C
b1101010111 L
b1101010111 H
b1100111001 J
b1101101010 O
b100 I
b1100111101 K
#16320000
0.
#16325000
b1110 S
b101 &
b101 U
b11110 [
1.
#16326000
b100 8
b100 Q
b100 5
b11000010101 F
b0 :
b10 ;
b1101101011 O
b101 I
b1100111110 K
#16330000
0.
#16335000
b1111 S
b110 &
b110 U
b11111 [
1.
#16336000
1P
14
b10101010 8
b10101010 Q
1/
b111101 0
13
b10101010 5
11
b11000010110 F
b11 ;
b1101101100 O
b110 I
b1100111111 K
#16340000
0.
#16345000
b0 S
b1010 T
b0 [
b110 &
b110 U
b11010 Z
b111101 "
b111101 Y
1.
#16346000
0R
b11100101 8
b11100101 Q
09
b1111110 0
07
b11100101 5
02
b11000010111 F
b10010100 ?
b1 :
b100 ;
b111001001 C
b1101011000 L
b1101011000 H
b1100111010 J
b1101101101 O
b110 I
b1101000000 K
#16350000
0.
#16355000
b1011 T
b101 &
b101 U
b11011 Z
b1111110 "
b1111110 Y
1.
#16356000
0P
04
b11101011 8
b11101011 Q
0/
03
b11101011 5
01
b11000011000 F
b10 :
b0 ;
b1101011001 L
b1101011001 H
b101 I
b1100111011 J
#16360000
0.
#16365000
1.
#16366000
1P
1R
14
b10100000 8
b10100000 Q
19
1/
b10011000 0
13
17
b10100000 5
11
12
b11000011001 F
b0 :
#16370000
0.
#16375000
b1100 T
b1 S
b11100 Z
b10011000 "
b10011000 Y
b101 &
b101 U
b1 [
1.
#16376000
0P
0R
04
b11101100 8
b11101100 Q
09
0/
03
07
b11101100 5
01
02
b11000011010 F
b1 :
b1 ;
b111001010 C
b1101011010 L
b1101011010 H
b1100111100 J
b1101101110 O
b101 I
b1101000001 K
#16380000
0.
#16385000
1.
#16386000
1P
14
b11101001 8
b11101001 Q
1/
b11001 0
13
b11101001 5
11
b11000011011 F
b0 :
b0 ;
#16390000
0.
#16395000
b1101 T
b100 &
b100 U
b11101 Z
b11001 "
b11001 Y
1.
#16396000
0P
1R
04
b1011111 8
b1011111 Q
19
0/
03
17
b1011111 5
01
12
b11000011100 F
b1 :
b1101011011 L
b1101011011 H
b100 I
b1100111101 J
#16400000
0.
#16405000
b10 S
b101 &
b101 U
b10 [
1.
#16406000
b10011011 8
b10011011 Q
b10011011 5
b11000011101 F
b0 :
b1 ;
b1101101111 O
b101 I
b1101000010 K
#16410000
0.
#16415000
b11 S
b110 &
b110 U
b11 [
1.
#16416000
0R
b10100111 8
b10100111 Q
09
07
b10100111 5
02
b11000011110 F
b10 ;
b1101110000 O
b110 I
b1101000011 K
#16420000
0.
#16425000
1.
#16426000
1R
b10111001 8
b10111001 Q
19
17
b10111001 5
12
b11000011111 F
b0 ;
#16430000
0.
#16435000
b100 S
b111 &
b111 U
b100 [
1.
#16436000
b1000010 8
b1000010 Q
b1000010 5
b11000100000 F
b1 ;
b1101110001 O
b111 I
b1101000100 K
#16440000
0.
#16445000
b101 S
b1000 &
b1000 U
b101 [
1.
#16446000
0R
b11100 8
b11100 Q
09
07
b11100 5
02
b11000100001 F
b10 ;
b1101110010 O
b1000 I
b1101000101 K
#16450000
0.
#16455000
1.
#16456000
1R
b11011011 8
b11011011 Q
19
17
b11011011 5
12
b11000100010 F
b0 ;
#16460000
0.
#16465000
b110 S
b1001 &
b1001 U
b110 [
1.
#16466000
0R
b111 8
b111 Q
09
07
b111 5
02
b11000100011 F
b1 ;
b1101110011 O
b1001 I
b1101000110 K
#16470000
0.
#16475000
1.
#16476000
1R
b1 8
b1 Q
19
17
b1 5
12
b11000100100 F
b0 ;
#16480000
0.
#16485000
b111 S
b1010 &
b1010 U
b111 [
1.
#16486000
1P
14
b1100011 8
b1100011 Q
1/
b1110101 0
13
b1100011 5
11
b11000100101 F
b1 ;
b1101110100 O
b1010 I
b1101000111 K
#16490000
0.
#16495000
b1110 T
b1000 S
b11110 Z
b1110101 "
b1110101 Y
b1010 &
b1010 U
b1000 [
1.
#16496000
0R
b10100110 8
b10100110 Q
09
b100 0
07
b10100110 5
02
b11000100110 F
b1 :
b10 ;
b111001011 C
b1101011100 L
b1101011100 H
b1100111110 J
b1101110101 O
b1010 I
b1101001000 K
#16500000
0.
#16505000
b1111 T
b1001 &
b1001 U
b11111 Z
b100 "
b100 Y
1.
#16506000
1R
b1000001 8
b1000001 Q
19
b10101010 0
17
b1000001 5
12
b11000100111 F
b10 :
b0 ;
b1101011101 L
b1101011101 H
b1001 I
b1100111111 J
#16510000
0.
#16515000
b0 T
b1001 S
b0 Z
b10101010 "
b10101010 Y
b1001 &
b1001 U
b1001 [
1.
#16516000
0P
04
b10101011 8
b10101011 Q
0/
03
b10101011 5
01
b11000101000 F
b11 :
b1 ;
b111001100 C
b1101011110 L
b1101011110 H
b1101000000 J
b1101110110 O
b1001 I
b1101001001 K
#16520000
0.
#16525000
b1010 S
b1010 &
b1010 U
b1010 [
1.
#16526000
b10111001 8
b10111001 Q
b10111001 5
b11000101001 F
b0 :
b10 ;
b1101110111 O
b1010 I
b1101001010 K
#16530000
0.
#16535000
b1011 S
b1011 &
b1011 U
b1011 [
1.
#16536000
b11101010 8
b11101010 Q
b11101010 5
b11000101010 F
b11 ;
b1101111000 O
b1011 I
b1101001011 K
#16540000
0.
#16545000
b1100 S
b1100 &
b1100 U
b1100 [
1.
#16546000
b1011110 8
b1011110 Q
b1011110 5
b11000101011 F
b10010101 ?
b100 ;
b1101111001 O
b1100 I
b1101001100 K
#16550000
0.
#16555000
b1101 S
b1101 &
b1101 U
b1101 [
1.
#16556000
1P
14
b111001 8
b111001 Q
1/
b10100000 0
13
b111001 5
11
b11000101100 F
b10010110 ?
b101 ;
b1101111010 O
b1101 I
b1101001101 K
#16560000
0.
#16565000
b1110 S
b1 T
b1110 [
b1101 &
b1101 U
b1 Z
b10100000 "
b10100000 Y
1.
#16566000
0P
04
b10111111 8
b10111111 Q
0/
03
b10111111 5
01
b11000101101 F
b10010111 ?
b1 :
b110 ;
b111001101 C
b1101011111 L
b1101011111 H
b1101000001 J
b1101111011 O
b1101 I
b1101001110 K
#16570000
0.
#16575000
b1111 S
b1110 &
b1110 U
b1111 [
1.
#16576000
b11010101 8
b11010101 Q
b11010101 5
b11000101110 F
b10011000 ?
b0 :
b111 ;
b1101111100 O
b1110 I
b1101001111 K
#16580000
0.
#16585000
b0 S
1'
b1111 &
b1111 U
b10000 [
1.
#16586000
1P
0R
14
b10011000 8
b10011000 Q
09
1/
b1011111 0
13
07
b10011000 5
11
02
b11000101111 F
b10011001 ?
b1000 ;
b10101011 =
b1101111101 O
b1111 I
b1101010000 K
#16590000
0.
#16595000
b10 T
0'
b1110 &
b1110 U
b10 Z
b1011111 "
b1011111 Y
1.
#16596000
0P
04
b111011 8
b111011 Q
0/
03
b111011 5
01
b11000110000 F
b1 :
b0 ;
b1101100000 L
b1101100000 H
b1110 I
b1101000010 J
#16600000
0.
#16605000
1.
#16606000
1P
14
b10101 8
b10101 Q
1/
b10011011 0
13
b10101 5
11
b11000110001 F
b0 :
#16610000
0.
#16615000
b11 T
b1101 &
b1101 U
b11 Z
b10011011 "
b10011011 Y
1.
#16616000
0P
04
b1010 8
b1010 Q
0/
03
b1010 5
01
b11000110010 F
b1 :
b1101100001 L
b1101100001 H
b1101 I
b1101000011 J
#16620000
0.
#16625000
1.
#16626000
b1110011 8
b1110011 Q
b1110011 5
b11000110011 F
b0 :
#16630000
0.
#16635000
1.
#16636000
1P
14
b1111001 8
b1111001 Q
1/
b10111001 0
13
b1111001 5
11
b11000110100 F
#16640000
0.
#16645000
b100 T
b1100 &
b1100 U
b100 Z
b10111001 "
b10111001 Y
1.
#16646000
0P
04
b1001011 8
b1001011 Q
0/
03
b1001011 5
01
b11000110101 F
b1 :
b1101100010 L
b1101100010 H
b1100 I
b1101000100 J
#16650000
0.
#16655000
1.
#16656000
1P
14
b10111000 8
b10111000 Q
1/
b1000010 0
13
b10111000 5
11
b11000110110 F
b0 :
#16660000
0.
#16665000
b101 T
b1011 &
b1011 U
b101 Z
b1000010 "
b1000010 Y
1.
#16666000
1R
b1011111 8
b1011111 Q
19
b11011011 0
17
b1011111 5
12
b11000110111 F
b1 :
b1101100011 L
b1101100011 H
b1011 I
b1101000101 J
#16670000
0.
#16675000
b110 T
b1 S
b110 Z
b11011011 "
b11011011 Y
b1011 &
b1011 U
b10001 [
1.
#16676000
b10111111 8
b10111111 Q
b1 0
b10111111 5
b11000111000 F
b10 :
b1 ;
b111001110 C
b1101100100 L
b1101100100 H
b1101000110 J
b1101111110 O
b1011 I
b1101010001 K
#16680000
0.
#16685000
b10 S
b111 T
b10010 [
b1011 &
b1011 U
b111 Z
b1 "
b1 Y
1.
#16686000
0P
0R
04
b10011001 8
b10011001 Q
09
0/
03
07
b10011001 5
01
02
b11000111001 F
b11 :
b10 ;
b111001111 C
b1101100101 L
b1101100101 H
b1101000111 J
b1101111111 O
b1011 I
b1101010010 K
#16690000
0.
#16695000
1.
#16696000
1P
1R
14
b11001011 8
b11001011 Q
19
1/
b1100011 0
13
17
b11001011 5
11
12
b11000111010 F
b0 :
b0 ;
#16700000
0.
#16705000
b11 S
b1000 T
b10011 [
b1011 &
b1011 U
b1000 Z
b1100011 "
b1100011 Y
1.
#16706000
0P
0R
04
b11010110 8
b11010110 Q
09
0/
03
07
b11010110 5
01
02
b11000111011 F
b1 :
b1 ;
b111010000 C
b1101100110 L
b1101100110 H
b1101001000 J
b1110000000 O
b1011 I
b1101010011 K
#16710000
0.
#16715000
1.
#16716000
b11011111 8
b11011111 Q
b11011111 5
b11000111100 F
b0 :
b0 ;
#16720000
0.
#16725000
1.
#16726000
1R
b10111101 8
b10111101 Q
19
17
b10111101 5
12
b11000111101 F
#16730000
0.
#16735000
b100 S
b1100 &
b1100 U
b10100 [
1.
#16736000
b100010 8
b100010 Q
b100010 5
b11000111110 F
b1 ;
b1110000001 O
b1100 I
b1101010100 K
#16740000
0.
#16745000
b101 S
b1101 &
b1101 U
b10101 [
1.
#16746000
1P
0R
14
b10101101 8
b10101101 Q
09
1/
b1000001 0
13
07
b10101101 5
11
02
b11000111111 F
b10 ;
b1110000010 O
b1101 I
b1101010101 K
#16750000
0.
#16755000
b1001 T
b1100 &
b1100 U
b1001 Z
b1000001 "
b1000001 Y
1.
#16756000
0P
04
b10101110 8
b10101110 Q
0/
03
b10101110 5
01
b11001000000 F
b1 :
b0 ;
b1101100111 L
b1101100111 H
b1100 I
b1101001001 J
#16760000
0.
#16765000
1.
#16766000
1R
b10011 8
b10011 Q
19
17
b10011 5
12
b11001000001 F
b0 :
#16770000
0.
#16775000
b110 S
b1101 &
b1101 U
b10110 [
1.
#16776000
b1100011 8
b1100011 Q
b1100011 5
b11001000010 F
b1 ;
b1110000011 O
b1101 I
b1101010110 K
#16780000
0.
#16785000
b111 S
b1110 &
b1110 U
b10111 [
1.
#16786000
1P
0R
14
b10010 8
b10010 Q
09
1/
b10101011 0
13
07
b10010 5
11
02
b11001000011 F
b10 ;
b1110000100 O
b1110 I
b1101010111 K
#16790000
0.
#16795000
b1010 T
b1101 &
b1101 U
b1010 Z
b10101011 "
b10101011 Y
1.
#16796000
1R
b1111011 8
b1111011 Q
19
b10111001 0
17
b1111011 5
12
b11001000100 F
b1 :
b0 ;
b1101101000 L
b1101101000 H
b1101 I
b1101001010 J
#16800000
0.
#16805000
b1000 S
b1011 T
b11000 [
b1101 &
b1101 U
b1011 Z
b10111001 "
b10111001 Y
1.
#16806000
0P
04
b10110111 8
b10110111 Q
0/
03
b10110111 5
01
b11001000101 F
b10 :
b1 ;
b111010001 C
b1101101001 L
b1101101001 H
b1101001011 J
b1110000101 O
b1101 I
b1101011000 K
#16810000
0.
#16815000
b1001 S
b1110 &
b1110 U
b11001 [
1.
#16816000
0R
b11010111 8
b11010111 Q
09
07
b11010111 5
02
b11001000110 F
b0 :
b10 ;
b1110000110 O
b1110 I
b1101011001 K
#16820000
0.
#16825000
1.
#16826000
b1101001 8
b1101001 Q
b1101001 5
b11001000111 F
b0 ;
#16830000
0.
#16835000
1.
#16836000
1R
b1001010 8
b1001010 Q
19
17
b1001010 5
12
b11001001000 F
#16840000
0.
#16845000
b1010 S
1'
b1111 &
b1111 U
b11010 [
1.
#16846000
b1000100 8
b1000100 Q
b1000100 5
b11001001001 F
b1 ;
b10101100 =
b1110000111 O
b1111 I
b1101011010 K
#16850000
0.
#16855000
0R
1$
b1011 S
0'
b10000 &
b10000 U
b11011 [
1.
#16856000
1P
14
b1110001 8
b1110001 Q
09
1/
b11101010 0
13
07
b1110001 5
11
02
b11001001010 F
b10 ;
b1001110 A
b1110001000 O
b10000 I
b1101011011 K
#16860000
0.
#16865000
0$
b1100 T
1'
b1111 &
b1111 U
b1100 Z
b11101010 "
b11101010 Y
1.
#16866000
1R
b11111001 8
b11111001 Q
19
b1011110 0
17
b11111001 5
12
b11001001011 F
b1 :
b0 ;
b10101101 =
b1101101010 L
b1101101010 H
b1111 I
b1101001100 J
#16870000
0.
#16875000
b1101 T
b1100 S
b1101 Z
b1011110 "
b1011110 Y
1'
b1111 &
b1111 U
b11100 [
1.
#16876000
0P
0R
04
b11001110 8
b11001110 Q
09
0/
03
07
b11001110 5
01
02
b11001001100 F
b10 :
b1 ;
b111010010 C
b10101110 =
b1101101011 L
b1101101011 H
b1101001101 J
b1110001001 O
b1111 I
b1101011100 K
#16880000
0.
#16885000
1.
#16886000
1R
b10001011 8
b10001011 Q
19
17
b10001011 5
12
b11001001101 F
b0 :
b0 ;
b10101111 =
#16890000
0.
#16895000
0R
1$
b1101 S
0'
b10000 &
b10000 U
b11101 [
1.
#16896000
1P
14
b11100011 8
b11100011 Q
1/
b111001 0
13
07
b11100011 5
11
b11001001110 F
b1 ;
b1001111 A
b1110001010 O
b10000 I
b1101011101 K
#16900000
0.
#16905000
1R
0$
b1110 T
1'
b1111 &
b1111 U
b1110 Z
b111001 "
b111001 Y
1#
1.
#16906000
0R
b11101 8
b11101 Q
09
b10111111 0
b11101 5
02
b11001001111 F
b1 :
b0 ;
b11001 D
b10110000 =
b1101101100 L
b1101101100 H
b1111 I
b1101001110 J
b101110 E
b101110 G
#16910000
0.
#16915000
b1111 T
0#
0'
b1110 &
b1110 U
b1111 Z
b10111111 "
b10111111 Y
1.
#16916000
0P
1R
04
b11110001 8
b11110001 Q
19
0/
03
17
b11110001 5
01
12
b11001010000 F
b10 :
b1101101101 L
b1101101101 H
b1110 I
b1101001111 J
#16920000
0.
#16925000
b1110 S
1'
b1111 &
b1111 U
b11110 [
1.
#16926000
b1010011 8
b1010011 Q
b1010011 5
b11001010001 F
b0 :
b1 ;
b10110001 =
b1110001011 O
b1111 I
b1101011110 K
#16930000
0.
#16935000
0R
1$
b1111 S
0'
b10000 &
b10000 U
b11111 [
1.
#16936000
b1100110 8
b1100110 Q
07
b1100110 5
b11001010010 F
b10 ;
b1010000 A
b1110001100 O
b10000 I
b1101011111 K
#16940000
0.
#16945000
1#
1.
#16946000
b1110011 8
b1110011 Q
b1110011 5
b11001010011 F
b0 ;
b1010001 A
b101111 E
b101111 G
#16950000
0.
#16955000
1.
#16956000
b1101001 8
b1101001 Q
09
b1101001 5
02
b11001010100 F
b1010010 A
b110000 E
b110000 G
#16960000
0.
#16965000
0#
1.
#16966000
1P
14
b11101101 8
b11101101 Q
1/
b11010101 0
13
b11101101 5
11
b11001010101 F
b1010011 A
#16970000
0.
#16975000
0$
b0 T
1'
b1111 &
b1111 U
b10000 Z
b11010101 "
b11010101 Y
1.
#16976000
b10011011 8
b10011011 Q
b1011111 0
b10011011 5
b11001010110 F
b1 :
b10110010 =
b1101101110 L
b1101101110 H
b1111 I
b1101010000 J
#16980000
0.
#16985000
b1 T
0'
b1110 &
b1110 U
b10001 Z
b1011111 "
b1011111 Y
1.
#16986000
0P
1R
04
b110011 8
b110011 Q
19
0/
03
17
b110011 5
01
12
b11001010111 F
b10 :
b1101101111 L
b1101101111 H
b1110 I
b1101010001 J
#16990000
0.
#16995000
b0 S
1'
b1111 &
b1111 U
b0 [
1.
#16996000
b10011010 8
b10011010 Q
b10011010 5
b11001011000 F
b0 :
b1 ;
b10110011 =
b1110001101 O
b1111 I
b1101100000 K
#17000000
0.
#17005000
0R
1$
b1 S
0'
b10000 &
b10000 U
b1 [
1.
#17006000
1P
14
b111111 8
b111111 Q
09
1/
b10111111 0
13
07
b111111 5
11
02
b11001011001 F
b10 ;
b1010100 A
b1110001110 O
b10000 I
b1101100001 K
#17010000
0.
#17015000
0$
b10 T
1'
b1111 &
b1111 U
b10010 Z
b10111111 "
b10111111 Y
1.
#17016000
b10100001 8
b10100001 Q
b11001011 0
b10100001 5
b11001011010 F
b1 :
b0 ;
b10110100 =
b1101110000 L
b1101110000 H
b1111 I
b1101010010 J
#17020000
0.
#17025000
b11 T
0'
b1110 &
b1110 U
b10011 Z
b11001011 "
b11001011 Y
1.
#17026000
0P
04
b10101111 8
b10101111 Q
0/
03
b10101111 5
01
b11001011011 F
b10 :
b1101110001 L
b1101110001 H
b1110 I
b1101010011 J
#17030000
0.
#17035000
1.
#17036000
1R
b11001111 8
b11001111 Q
19
17
b11001111 5
12
b11001011100 F
b0 :
#17040000
0.
#17045000
b10 S
1'
b1111 &
b1111 U
b10 [
1.
#17046000
1P
0R
14
b10010010 8
b10010010 Q
09
1/
b10111101 0
13
07
b10010010 5
11
02
b11001011101 F
b1 ;
b10110101 =
b1110001111 O
b1111 I
b1101100010 K
#17050000
0.
#17055000
b100 T
0'
b1110 &
b1110 U
b10100 Z
b10111101 "
b10111101 Y
1.
#17056000
0P
1R
04
b1010011 8
b1010011 Q
19
0/
03
17
b1010011 5
01
12
b11001011110 F
b1 :
b0 ;
b1101110010 L
b1101110010 H
b1110 I
b1101010100 J
#17060000
0.
#17065000
b11 S
1'
b1111 &
b1111 U
b11 [
1.
#17066000
1P
0R
14
b10100001 8
b10100001 Q
09
1/
b100010 0
13
07
b10100001 5
11
02
b11001011111 F
b0 :
b1 ;
b10110110 =
b1110010000 O
b1111 I
b1101100011 K
#17070000
0.
#17075000
b101 T
0'
b1110 &
b1110 U
b10101 Z
b100010 "
b100010 Y
1.
#17076000
0P
04
b10001010 8
b10001010 Q
0/
03
b10001010 5
01
b11001100000 F
b1 :
b0 ;
b1101110011 L
b1101110011 H
b1110 I
b1101010101 J
#17080000
0.
#17085000
1.
#17086000
b110100 8
b110100 Q
b110100 5
b11001100001 F
b0 :
#17090000
0.
#17095000
1.
#17096000
1P
1R
14
b111101 8
b111101 Q
19
1/
b10011 0
13
17
b111101 5
11
12
b11001100010 F
#17100000
0.
#17105000
b100 S
b110 T
b100 [
b1110 &
b1110 U
b10110 Z
b10011 "
b10011 Y
1.
#17106000
0P
0R
04
b11001100 8
b11001100 Q
09
0/
03
07
b11001100 5
01
02
b11001100011 F
b1 :
b1 ;
b111010011 C
b1101110100 L
b1101110100 H
b1101010110 J
b1110010001 O
b1110 I
b1101100100 K
#17110000
0.
#17115000
1.
#17116000
b1110110 8
b1110110 Q
b1110110 5
b11001100100 F
b0 :
b0 ;
#17120000
0.
#17125000
1.
#17126000
1R
b11001010 8
b11001010 Q
19
17
b11001010 5
12
b11001100101 F
#17130000
0.
#17135000
b101 S
1'
b1111 &
b1111 U
b101 [
1.
#17136000
1P
0R
14
b11000100 8
b11000100 Q
09
1/
b1100011 0
13
07
b11000100 5
11
02
b11001100110 F
b1 ;
b10110111 =
b1110010010 O
b1111 I
b1101100101 K
#17140000
0.
#17145000
b111 T
0'
b1110 &
b1110 U
b10111 Z
b1100011 "
b1100011 Y
1.
#17146000
1R
b1101 8
b1101 Q
19
b1111011 0
17
b1101 5
12
b11001100111 F
b1 :
b0 ;
b1101110101 L
b1101110101 H
b1110 I
b1101010111 J
#17150000
0.
#17155000
b1000 T
b110 S
b11000 Z
b1111011 "
b1111011 Y
0'
b1110 &
b1110 U
b110 [
1.
#17156000
0R
b110001 8
b110001 Q
09
b10110111 0
07
b110001 5
02
b11001101000 F
b10 :
b1 ;
b111010100 C
b1101110110 L
b1101110110 H
b1101011000 J
b1110010011 O
b1110 I
b1101100110 K
#17160000
0.
#17165000
b1001 T
b1101 &
b1101 U
b11001 Z
b10110111 "
b10110111 Y
1.
#17166000
0P
1R
04
b11011011 8
b11011011 Q
19
0/
03
17
b11011011 5
01
12
b11001101001 F
b11 :
b0 ;
b1101110111 L
b1101110111 H
b1101 I
b1101011001 J
#17170000
0.
#17175000
b111 S
b1110 &
b1110 U
b111 [
1.
#17176000
1P
0R
14
b10001110 8
b10001110 Q
09
1/
b1001010 0
13
07
b10001110 5
11
02
b11001101010 F
b0 :
b1 ;
b1110010100 O
b1110 I
b1101100111 K
#17180000
0.
#17185000
b1010 T
b1101 &
b1101 U
b11010 Z
b1001010 "
b1001010 Y
1.
#17186000
b11101111 8
b11101111 Q
b1000100 0
b11101111 5
b11001101011 F
b1 :
b0 ;
b1101111000 L
b1101111000 H
b1101 I
b1101011010 J
#17190000
0.
#17195000
b1011 T
b1100 &
b1100 U
b11011 Z
b1000100 "
b1000100 Y
1.
#17196000
b101 8
b101 Q
b11111001 0
b101 5
b11001101100 F
b10 :
b1101111001 L
b1101111001 H
b1100 I
b1101011011 J
#17200000
0.
#17205000
b1100 T
b1011 &
b1011 U
b11100 Z
b11111001 "
b11111001 Y
1.
#17206000
0P
1R
04
b11111010 8
b11111010 Q
19
0/
03
17
b11111010 5
01
12
b11001101101 F
b11 :
b1101111010 L
b1101111010 H
b1011 I
b1101011100 J
#17210000
0.
#17215000
b1000 S
b1100 &
b1100 U
b1000 [
1.
#17216000
1P
14
b11111 8
b11111 Q
1/
b10001011 0
13
b11111 5
11
b11001101110 F
b0 :
b1 ;
b1110010101 O
b1100 I
b1101101000 K
#17220000
0.
#17225000
b1001 S
b1101 T
b1001 [
b1100 &
b1100 U
b11101 Z
b10001011 "
b10001011 Y
1.
#17226000
0R
b1010101 8
b1010101 Q
09
b11110001 0
07
b1010101 5
02
b11001101111 F
b1 :
b10 ;
b111010101 C
b1101111011 L
b1101111011 H
b1101011101 J
b1110010110 O
b1100 I
b1101101001 K
#17230000
0.
#17235000
b1110 T
b1011 &
b1011 U
b11110 Z
b11110001 "
b11110001 Y
1.
#17236000
0P
1R
04
b111101 8
b111101 Q
19
0/
03
17
b111101 5
01
12
b11001110000 F
b10 :
b0 ;
b1101111100 L
b1101111100 H
b1011 I
b1101011110 J
#17240000
0.
#17245000
b1010 S
b1100 &
b1100 U
b1010 [
1.
#17246000
1P
14
b10001110 8
b10001110 Q
1/
b1010011 0
13
b10001110 5
11
b11001110001 F
b0 :
b1 ;
b1110010111 O
b1100 I
b1101101010 K
#17250000
0.
#17255000
b1111 T
b1011 S
b11111 Z
b1010011 "
b1010011 Y
b1100 &
b1100 U
b1011 [
1.
#17256000
b1001010 8
b1001010 Q
b110011 0
b1001010 5
b11001110010 F
b1 :
b10 ;
b111010110 C
b1101111101 L
b1101111101 H
b1101011111 J
b1110011000 O
b1100 I
b1101101011 K
#17260000
0.
#17265000
b1100 S
b0 T
b1100 [
b1100 &
b1100 U
b0 Z
b110011 "
b110011 Y
1.
#17266000
0R
b11001010 8
b11001010 Q
09
b10011010 0
07
b11001010 5
02
b11001110011 F
b10 :
b11 ;
b111010111 C
b1101111110 L
b1101111110 H
b1101100000 J
b1110011001 O
b1100 I
b1101101100 K
#17270000
0.
#17275000
b1 T
b1011 &
b1011 U
b1 Z
b10011010 "
b10011010 Y
1.
#17276000
1R
b10111000 8
b10111000 Q
19
b11001111 0
17
b10111000 5
12
b11001110100 F
b11 :
b0 ;
b1101111111 L
b1101111111 H
b1011 I
b1101100001 J
#17280000
0.
#17285000
b1101 S
b10 T
b1101 [
b1011 &
b1011 U
b10 Z
b11001111 "
b11001111 Y
1.
#17286000
0P
0R
04
b10110 8
b10110 Q
09
0/
03
07
b10110 5
01
02
b11001110101 F
b10000101 >
b100 :
b1 ;
b111011000 C
b1110000000 L
b1110000000 H
b1101100010 J
b1110011010 O
b1011 I
b1101101101 K
#17290000
0.
#17295000
1.
#17296000
1P
1R
14
b11010010 8
b11010010 Q
19
1/
b1010011 0
13
17
b11010010 5
11
12
b11001110110 F
b0 :
b0 ;
#17300000
0.
#17305000
b1110 S
b11 T
b1110 [
b1011 &
b1011 U
b11 Z
b1010011 "
b1010011 Y
1.
#17306000
b10010100 8
b10010100 Q
b111101 0
b10010100 5
b11001110111 F
b1 :
b1 ;
b111011001 C
b1110000001 L
b1110000001 H
b1101100011 J
b1110011011 O
b1011 I
b1101101110 K
#17310000
0.
#17315000
b100 T
b1111 S
b100 Z
b111101 "
b111101 Y
b1011 &
b1011 U
b1111 [
1.
#17316000
0R
b11011010 8
b11011010 Q
09
b11001010 0
07
b11011010 5
02
b11001111000 F
b10 :
b10 ;
b111011010 C
b1110000010 L
b1110000010 H
b1101100100 J
b1110011100 O
b1011 I
b1101101111 K
#17320000
0.
#17325000
b101 T
b1010 &
b1010 U
b101 Z
b11001010 "
b11001010 Y
1.
#17326000
0P
1R
04
b10000111 8
b10000111 Q
19
0/
03
17
b10000111 5
01
12
b11001111001 F
b11 :
b0 ;
b1110000011 L
b1110000011 H
b1010 I
b1101100101 J
#17330000
0.
#17335000
b0 S
b1011 &
b1011 U
b10000 [
1.
#17336000
0R
b1101100 8
b1101100 Q
09
07
b1101100 5
02
b11001111010 F
b0 :
b1 ;
b1110011101 O
b1011 I
b1101110000 K
#17340000
0.
#17345000
1.
#17346000
b10010001 8
b10010001 Q
b10010001 5
b11001111011 F
b0 ;
#17350000
0.
#17355000
1.
#17356000
1P
1R
14
b11111110 8
b11111110 Q
19
1/
b1101 0
13
17
b11111110 5
11
12
b11001111100 F
#17360000
0.
#17365000
b1 S
b110 T
b10001 [
b1011 &
b1011 U
b110 Z
b1101 "
b1101 Y
1.
#17366000
0P
0R
04
b11111111 8
b11111111 Q
09
0/
03
07
b11111111 5
01
02
b11001111101 F
b1 :
b1 ;
b111011011 C
b1110000100 L
b1110000100 H
b1101100110 J
b1110011110 O
b1011 I
b1101110001 K
#17370000
0.
#17375000
1.
#17376000
1P
14
b11111100 8
b11111100 Q
1/
b11011011 0
13
b11111100 5
11
b11001111110 F
b0 :
b0 ;
#17380000
0.
#17385000
b111 T
b1010 &
b1010 U
b111 Z
b11011011 "
b11011011 Y
1.
#17386000
0P
1R
04
b10001001 8
b10001001 Q
19
0/
03
17
b10001001 5
01
12
b11001111111 F
b1 :
b1110000101 L
b1110000101 H
b1010 I
b1101100111 J
#17390000
0.
#17395000
b10 S
b1011 &
b1011 U
b10010 [
1.
#17396000
0R
b11111 8
b11111 Q
09
07
b11111 5
02
b11010000000 F
b0 :
b1 ;
b1110011111 O
b1011 I
b1101110010 K
#17400000
0.
#17405000
1.
#17406000
1P
14
b11111011 8
b11111011 Q
1/
b11111010 0
13
b11111011 5
11
b11010000001 F
b0 ;
#17410000
0.
#17415000
b1000 T
b1010 &
b1010 U
b1000 Z
b11111010 "
b11111010 Y
1.
#17416000
0P
04
b10111001 8
b10111001 Q
0/
03
b10111001 5
01
b11010000010 F
b1 :
b1110000110 L
b1110000110 H
b1010 I
b1101101000 J
#17420000
0.
#17425000
1.
#17426000
b1100011 8
b1100011 Q
b1100011 5
b11010000011 F
b0 :
#17430000
0.
#17435000
1.
#17436000
1P
14
b111010 8
b111010 Q
1/
b11111 0
13
b111010 5
11
b11010000100 F
#17440000
0.
#17445000
b1001 T
b1001 &
b1001 U
b1001 Z
b11111 "
b11111 Y
1.
#17446000
0P
04
b11010101 8
b11010101 Q
0/
03
b11010101 5
01
b11010000101 F
b1 :
b1110000111 L
b1110000111 H
b1001 I
b1101101001 J
#17450000
0.
#17455000
1.
#17456000
b10010010 8
b10010010 Q
b10010010 5
b11010000110 F
b0 :
#17460000
0.
#17465000
1.
#17466000
b1111111 8
b1111111 Q
b1111111 5
b11010000111 F
#17470000
0.
#17475000
1.
#17476000
1P
1R
14
b10110100 8
b10110100 Q
19
1/
b111101 0
13
17
b10110100 5
11
12
b11010001000 F
#17480000
0.
#17485000
b11 S
b1010 T
b10011 [
b1001 &
b1001 U
b1010 Z
b111101 "
b111101 Y
1.
#17486000
0R
b100001 8
b100001 Q
09
b10001110 0
07
b100001 5
02
b11010001001 F
b1 :
b1 ;
b111011100 C
b1110001000 L
b1110001000 H
b1101101010 J
b1110100000 O
b1001 I
b1101110011 K
#17490000
0.
#17495000
b1011 T
b1000 &
b1000 U
b1011 Z
b10001110 "
b10001110 Y
1.
#17496000
0P
04
b10 8
b10 Q
0/
03
b10 5
01
b11010001010 F
b10 :
b0 ;
b1110001001 L
b1110001001 H
b1000 I
b1101101011 J
#17500000
0.
#17505000
1.
#17506000
1R
b11101 8
b11101 Q
19
17
b11101 5
12
b11010001011 F
b0 :
#17510000
0.
#17515000
b100 S
b1001 &
b1001 U
b10100 [
1.
#17516000
1P
14
b11000011 8
b11000011 Q
1/
b1001010 0
13
b11000011 5
11
b11010001100 F
b1 ;
b1110100001 O
b1001 I
b1101110100 K
#17520000
0.
#17525000
b101 S
b1100 T
b10101 [
b1001 &
b1001 U
b1100 Z
b1001010 "
b1001010 Y
1.
#17526000
b111101 8
b111101 Q
b10111000 0
b111101 5
b11010001101 F
b1 :
b10 ;
b111011101 C
b1110001010 L
b1110001010 H
b1101101100 J
b1110100010 O
b1001 I
b1101110101 K
#17530000
0.
#17535000
b1101 T
b110 S
b1101 Z
b10111000 "
b10111000 Y
b1001 &
b1001 U
b10110 [
1.
#17536000
b110010 8
b110010 Q
b11010010 0
b110010 5
b11010001110 F
b10 :
b11 ;
b111011110 C
b1110001011 L
b1110001011 H
b1101101101 J
b1110100011 O
b1001 I
b1101110110 K
#17540000
0.
#17545000
b111 S
b1110 T
b10111 [
b1001 &
b1001 U
b1110 Z
b11010010 "
b11010010 Y
1.
#17546000
b10010001 8
b10010001 Q
b10010100 0
b10010001 5
b11010001111 F
b10011010 ?
b11 :
b100 ;
b111011111 C
b1110001100 L
b1110001100 H
b1101101110 J
b1110100100 O
b1001 I
b1101110111 K
#17550000
0.
#17555000
b1111 T
b1000 S
b1111 Z
b10010100 "
b10010100 Y
b1001 &
b1001 U
b11000 [
1.
#17556000
0R
b10011111 8
b10011111 Q
09
b10000111 0
07
b10011111 5
02
b11010010000 F
b10000110 >
b10011011 ?
b100 :
b101 ;
b111100000 C
b1110001101 L
b1110001101 H
b1101101111 J
b1110100101 O
b1001 I
b1101111000 K
#17560000
0.
#17565000
b0 T
b1000 &
b1000 U
b10000 Z
b10000111 "
b10000111 Y
1.
#17566000
1R
b101111 8
b101111 Q
19
b11111110 0
17
b101111 5
12
b11010010001 F
b10000111 >
b101 :
b0 ;
b1110001110 L
b1110001110 H
b1000 I
b1101110000 J
#17570000
0.
#17575000
b1 T
b1001 S
b10001 Z
b11111110 "
b11111110 Y
b1000 &
b1000 U
b11001 [
1.
#17576000
b1101 8
b1101 Q
b10001001 0
b1101 5
b11010010010 F
b10001000 >
b110 :
b1 ;
b111100001 C
b1110001111 L
b1110001111 H
b1101110001 J
b1110100110 O
b1000 I
b1101111001 K
#17580000
0.
#17585000
b1010 S
b10 T
b11010 [
b1000 &
b1000 U
b10010 Z
b10001001 "
b10001001 Y
1.
#17586000
0P
04
b10100100 8
b10100100 Q
0/
03
b10100100 5
01
b11010010011 F
b10001001 >
b111 :
b10 ;
b111100010 C
b1110010000 L
b1110010000 H
b1101110010 J
b1110100111 O
b1000 I
b1101111010 K
#17590000
0.
#17595000
b1011 S
b1001 &
b1001 U
b11011 [
1.
#17596000
1P
14
b111 8
b111 Q
1/
b10110100 0
13
b111 5
11
b11010010100 F
b0 :
b11 ;
b1110101000 O
b1001 I
b1101111011 K
#17600000
0.
#17605000
b1100 S
b11 T
b11100 [
b1001 &
b1001 U
b10011 Z
b10110100 "
b10110100 Y
1.
#17606000
b10010010 8
b10010010 Q
b11101 0
b10010010 5
b11010010101 F
b10011100 ?
b1 :
b100 ;
b111100011 C
b1110010001 L
b1110010001 H
b1101110011 J
b1110101001 O
b1001 I
b1101111100 K
#17610000
0.
#17615000
b100 T
b1101 S
b10100 Z
b11101 "
b11101 Y
b1001 &
b1001 U
b11101 [
1.
#17616000
0R
b10101010 8
b10101010 Q
09
b11000011 0
07
b10101010 5
02
b11010010110 F
b10011101 ?
b10 :
b101 ;
b111100100 C
b1110010010 L
b1110010010 H
b1101110100 J
b1110101010 O
b1001 I
b1101111101 K
#17620000
0.
#17625000
b101 T
b1000 &
b1000 U
b10101 Z
b11000011 "
b11000011 Y
1.
#17626000
1R
b1110010 8
b1110010 Q
19
b111101 0
17
b1110010 5
12
b11010010111 F
b11 :
b0 ;
b1110010011 L
b1110010011 H
b1000 I
b1101110101 J
#17630000
0.
#17635000
b110 T
b1110 S
b10110 Z
b111101 "
b111101 Y
b1000 &
b1000 U
b11110 [
1.
#17636000
b1000111 8
b1000111 Q
b110010 0
b1000111 5
b11010011000 F
b10001010 >
b100 :
b1 ;
b111100101 C
b1110010100 L
b1110010100 H
b1101110110 J
b1110101011 O
b1000 I
b1101111110 K
#17640000
0.
#17645000
b1111 S
b111 T
b11111 [
b1000 &
b1000 U
b10111 Z
b110010 "
b110010 Y
1.
#17646000
0R
b1000011 8
b1000011 Q
09
b10010001 0
07
b1000011 5
02
b11010011001 F
b10001011 >
b101 :
b10 ;
b111100110 C
b1110010101 L
b1110010101 H
b1101110111 J
b1110101100 O
b1000 I
b1101111111 K
#17650000
0.
#17655000
b1000 T
b111 &
b111 U
b11000 Z
b10010001 "
b10010001 Y
1.
#17656000
0P
1R
04
b110101 8
b110101 Q
19
0/
03
17
b110101 5
01
12
b11010011010 F
b10001100 >
b110 :
b0 ;
b1110010110 L
b1110010110 H
b111 I
b1101111000 J
#17660000
0.
#17665000
b0 S
b1000 &
b1000 U
b0 [
1.
#17666000
b10011010 8
b10011010 Q
b10011010 5
b11010011011 F
b0 :
b1 ;
b1110101101 O
b1000 I
b1110000000 K
#17670000
0.
#17675000
b1 S
b1001 &
b1001 U
b1 [
1.
#17676000
0R
b11100111 8
b11100111 Q
09
07
b11100111 5
02
b11010011100 F
b10 ;
b1110101110 O
b1001 I
b1110000001 K
#17680000
0.
#17685000
1.
#17686000
b100 8
b100 Q
b100 5
b11010011101 F
b0 ;
#17690000
0.
#17695000
1.
#17696000
1P
1R
14
b101101 8
b101101 Q
19
1/
b101111 0
13
17
b101101 5
11
12
b11010011110 F
#17700000
0.
#17705000
b10 S
b1001 T
b10 [
b1001 &
b1001 U
b11001 Z
b101111 "
b101111 Y
1.
#17706000
0P
04
b10010100 8
b10010100 Q
0/
03
b10010100 5
01
b11010011111 F
b1 :
b1 ;
b111100111 C
b1110010111 L
b1110010111 H
b1101111001 J
b1110101111 O
b1001 I
b1110000010 K
#17710000
0.
#17715000
b11 S
b1010 &
b1010 U
b11 [
1.
#17716000
1P
0R
14
b10100000 8
b10100000 Q
09
1/
b1101 0
13
07
b10100000 5
11
02
b11010100000 F
b0 :
b10 ;
b1110110000 O
b1010 I
b1110000011 K
#17720000
0.
#17725000
b1010 T
b1001 &
b1001 U
b11010 Z
b1101 "
b1101 Y
1.
#17726000
1R
b1000000 8
b1000000 Q
19
b10100100 0
17
b1000000 5
12
b11010100001 F
b1 :
b0 ;
b1110011000 L
b1110011000 H
b1001 I
b1101111010 J
#17730000
0.
#17735000
b1011 T
b100 S
b11011 Z
b10100100 "
b10100100 Y
b1001 &
b1001 U
b100 [
1.
#17736000
b10110011 8
b10110011 Q
b111 0
b10110011 5
b11010100010 F
b10 :
b1 ;
b111101000 C
b1110011001 L
b1110011001 H
b1101111011 J
b1110110001 O
b1001 I
b1110000100 K
#17740000
0.
#17745000
b101 S
b1100 T
b101 [
b1001 &
b1001 U
b11100 Z
b111 "
b111 Y
1.
#17746000
0P
0R
04
b10000011 8
b10000011 Q
09
0/
03
07
b10000011 5
01
02
b11010100011 F
b11 :
b10 ;
b111101001 C
b1110011010 L
b1110011010 H
b1101111100 J
b1110110010 O
b1001 I
b1110000101 K
#17750000
0.
#17755000
1.
#17756000
1P
14
b111110 8
b111110 Q
1/
b10010010 0
13
b111110 5
11
b11010100100 F
b0 :
b0 ;
#17760000
0.
#17765000
b1101 T
b1000 &
b1000 U
b11101 Z
b10010010 "
b10010010 Y
1.
#17766000
1R
b10110010 8
b10110010 Q
19
b1110010 0
17
b10110010 5
12
b11010100101 F
b1 :
b1110011011 L
b1110011011 H
b1000 I
b1101111101 J
#17770000
0.
#17775000
b1110 T
b110 S
b11110 Z
b1110010 "
b1110010 Y
b1000 &
b1000 U
b110 [
1.
#17776000
0R
b110010 8
b110010 Q
09
b1000111 0
07
b110010 5
02
b11010100110 F
b10 :
b1 ;
b111101010 C
b1110011100 L
b1110011100 H
b1101111110 J
b1110110011 O
b1000 I
b1110000110 K
#17780000
0.
#17785000
b1111 T
b111 &
b111 U
b11111 Z
b1000111 "
b1000111 Y
1.
#17786000
b11001100 8
b11001100 Q
b110101 0
b11001100 5
b11010100111 F
b11 :
b0 ;
b1110011101 L
b1110011101 H
b111 I
b1101111111 J
#17790000
0.
#17795000
b0 T
b110 &
b110 U
b0 Z
b110101 "
b110101 Y
1.
#17796000
0P
1R
04
b10010001 8
b10010001 Q
19
0/
03
17
b10010001 5
01
12
b11010101000 F
b10001101 >
b100 :
b1110011110 L
b1110011110 H
b110 I
b1110000000 J
#17800000
0.
#17805000
b111 S
b111 &
b111 U
b111 [
1.
#17806000
1P
0R
14
b10010101 8
b10010101 Q
09
1/
b10011010 0
13
07
b10010101 5
11
02
b11010101001 F
b0 :
b1 ;
b1110110100 O
b111 I
b1110000111 K
#17810000
0.
#17815000
b1 T
b110 &
b110 U
b1 Z
b10011010 "
b10011010 Y
1.
#17816000
1R
b10011100 8
b10011100 Q
19
b101101 0
17
b10011100 5
12
b11010101010 F
b1 :
b0 ;
b1110011111 L
b1110011111 H
b110 I
b1110000001 J
#17820000
0.
#17825000
b1000 S
b10 T
b1000 [
b110 &
b110 U
b10 Z
b101101 "
b101101 Y
1.
#17826000
b1011110 8
b1011110 Q
b10010100 0
b1011110 5
b11010101011 F
b10 :
b1 ;
b111101011 C
b1110100000 L
b1110100000 H
b1110000010 J
b1110110101 O
b110 I
b1110001000 K
#17830000
0.
#17835000
b11 T
b1001 S
b11 Z
b10010100 "
b10010100 Y
b110 &
b110 U
b1001 [
1.
#17836000
0R
b10011001 8
b10011001 Q
09
b1000000 0
07
b10011001 5
02
b11010101100 F
b11 :
b10 ;
b111101100 C
b1110100001 L
b1110100001 H
b1110000011 J
b1110110110 O
b110 I
b1110001001 K
#17840000
0.
#17845000
b100 T
b101 &
b101 U
b100 Z
b1000000 "
b1000000 Y
1.
#17846000
b10100100 8
b10100100 Q
b10110011 0
b10100100 5
b11010101101 F
b10001110 >
b100 :
b0 ;
b1110100010 L
b1110100010 H
b101 I
b1110000100 J
#17850000
0.
#17855000
b101 T
b100 &
b100 U
b101 Z
b10110011 "
b10110011 Y
1.
#17856000
b1111 8
b1111 Q
b10110010 0
b1111 5
b11010101110 F
b10001111 >
b101 :
b1110100011 L
b1110100011 H
b100 I
b1110000101 J
#17860000
0.
#17865000
b110 T
b11 &
b11 U
b110 Z
b10110010 "
b10110010 Y
1.
#17866000
b1011101 8
b1011101 Q
b10010001 0
b1011101 5
b11010101111 F
b10010000 >
b110 :
b1110100100 L
b1110100100 H
b11 I
b1110000110 J
#17870000
0.
#17875000
b111 T
b10 &
b10 U
b111 Z
b10010001 "
b10010001 Y
1.
#17876000
b10000001 8
b10000001 Q
b10011100 0
b10000001 5
b11010110000 F
b10010001 >
b111 :
b1110100101 L
b1110100101 H
b10 I
b1110000111 J
#17880000
0.
#17885000
b1000 T
1(
b1 &
b1 U
b1000 Z
b10011100 "
b10011100 Y
1.
#17886000
0P
04
b11111100 8
b11111100 Q
0/
03
b11111100 5
01
b11010110001 F
b10010010 >
b1000 :
b110110 <
b1110100110 L
b1110100110 H
b1 I
b1110001000 J
#17890000
0.
#17895000
1.
#17896000
b10010000 8
b10010000 Q
b10010000 5
b11010110010 F
b0 :
b110111 <
#17900000
0.
#17905000
1.
#17906000
b10101011 8
b10101011 Q
b10101011 5
b11010110011 F
b111000 <
#17910000
0.
#17915000
1.
#17916000
1R
b100000 8
b100000 Q
19
17
b100000 5
12
b11010110100 F
b111001 <
#17920000
0.
#17925000
b1010 S
0(
b10 &
b10 U
b1010 [
1.
#17926000
0R
b11000100 8
b11000100 Q
09
07
b11000100 5
02
b11010110101 F
b1 ;
b1110110111 O
b10 I
b1110001010 K
#17930000
0.
#17935000
1.
#17936000
1P
14
b111011 8
b111011 Q
1/
b1011110 0
13
b111011 5
11
b11010110110 F
b0 ;
#17940000
0.
#17945000
b1001 T
1(
b1 &
b1 U
b1001 Z
b1011110 "
b1011110 Y
1.
#17946000
0P
04
b1111001 8
b1111001 Q
0/
03
b1111001 5
01
b11010110111 F
b1 :
b111010 <
b1110100111 L
b1110100111 H
b1 I
b1110001001 J
#17950000
0.
#17955000
1.
#17956000
1R
b11000 8
b11000 Q
19
17
b11000 5
12
b11010111000 F
b0 :
b111011 <
#17960000
0.
#17965000
b1011 S
0(
b10 &
b10 U
b1011 [
1.
#17966000
b11110 8
b11110 Q
b11110 5
b11010111001 F
b1 ;
b1110111000 O
b10 I
b1110001011 K
#17970000
0.
#17975000
b1100 S
b11 &
b11 U
b1100 [
1.
#17976000
0R
b10000 8
b10000 Q
09
07
b10000 5
02
b11010111010 F
b10 ;
b1110111001 O
b11 I
b1110001100 K
#17980000
0.
#17985000
1.
#17986000
1P
14
b11100000 8
b11100000 Q
1/
b100000 0
13
b11100000 5
11
b11010111011 F
b0 ;
#17990000
0.
#17995000
b1010 T
b10 &
b10 U
b1010 Z
b100000 "
b100000 Y
1.
#17996000
0P
1R
04
b10110001 8
b10110001 Q
19
0/
03
17
b10110001 5
01
12
b11010111100 F
b1 :
b1110101000 L
b1110101000 H
b10 I
b1110001010 J
#18000000
0.
#18005000
b1101 S
b11 &
b11 U
b1101 [
1.
#18006000
b10111110 8
b10111110 Q
b10111110 5
b11010111101 F
b0 :
b1 ;
b1110111010 O
b11 I
b1110001101 K
#18010000
0.
#18015000
b1110 S
b100 &
b100 U
b1110 [
1.
#18016000
0R
b111111 8
b111111 Q
09
07
b111111 5
02
b11010111110 F
b10 ;
b1110111011 O
b100 I
b1110001110 K
#18020000
0.
#18025000
1.
#18026000
1P
14
b101100 8
b101100 Q
1/
b11000 0
13
b101100 5
11
b11010111111 F
b0 ;
#18030000
0.
#18035000
b1011 T
b11 &
b11 U
b1011 Z
b11000 "
b11000 Y
1.
#18036000
1R
b101111 8
b101111 Q
19
b11110 0
17
b101111 5
12
b11011000000 F
b1 :
b1110101001 L
b1110101001 H
b11 I
b1110001011 J
#18040000
0.
#18045000
b1111 S
b1100 T
b1111 [
b11 &
b11 U
b1100 Z
b11110 "
b11110 Y
1.
#18046000
0P
0R
04
b110110 8
b110110 Q
09
0/
03
07
b110110 5
01
02
b11011000001 F
b10 :
b1 ;
b111101101 C
b1110101010 L
b1110101010 H
b1110001100 J
b1110111100 O
b11 I
b1110001111 K
#18050000
0.
#18055000
1.
#18056000
b10010010 8
b10010010 Q
b10010010 5
b11011000010 F
b0 :
b0 ;
#18060000
0.
#18065000
1.
#18066000
1P
14
b1010010 8
b1010010 Q
1/
b10110001 0
13
b1010010 5
11
b11011000011 F
#18070000
0.
#18075000
b1101 T
b10 &
b10 U
b1101 Z
b10110001 "
b10110001 Y
1.
#18076000
0P
1R
04
b100011 8
b100011 Q
19
0/
03
17
b100011 5
01
12
b11011000100 F
b1 :
b1110101011 L
b1110101011 H
b10 I
b1110001101 J
#18080000
0.
#18085000
b0 S
b11 &
b11 U
b10000 [
1.
#18086000
0R
b11010010 8
b11010010 Q
09
07
b11010010 5
02
b11011000101 F
b0 :
b1 ;
b1110111101 O
b11 I
b1110010000 K
#18090000
0.
#18095000
1.
#18096000
1R
b1100011 8
b1100011 Q
19
17
b1100011 5
12
b11011000110 F
b0 ;
#18100000
0.
#18105000
b1 S
b100 &
b100 U
b10001 [
1.
#18106000
1P
0R
14
b11000000 8
b11000000 Q
09
1/
b10111110 0
13
07
b11000000 5
11
02
b11011000111 F
b1 ;
b1110111110 O
b100 I
b1110010001 K
#18110000
0.
#18115000
b1110 T
b11 &
b11 U
b1110 Z
b10111110 "
b10111110 Y
1.
#18116000
0P
1R
04
b11110101 8
b11110101 Q
19
0/
03
17
b11110101 5
01
12
b11011001000 F
b1 :
b0 ;
b1110101100 L
b1110101100 H
b11 I
b1110001110 J
#18120000
0.
#18125000
b10 S
b100 &
b100 U
b10010 [
1.
#18126000
b10010010 8
b10010010 Q
b10010010 5
b11011001001 F
b0 :
b1 ;
b1110111111 O
b100 I
b1110010010 K
#18130000
0.
#18135000
b11 S
b101 &
b101 U
b10011 [
1.
#18136000
1P
0R
14
b111001 8
b111001 Q
09
1/
b101111 0
13
07
b111001 5
11
02
b11011001010 F
b10 ;
b1111000000 O
b101 I
b1110010011 K
#18140000
0.
#18145000
b1111 T
b100 &
b100 U
b1111 Z
b101111 "
b101111 Y
1.
#18146000
b10000111 8
b10000111 Q
b100011 0
b10000111 5
b11011001011 F
b1 :
b0 ;
b1110101101 L
b1110101101 H
b100 I
b1110001111 J
#18150000
0.
#18155000
b0 T
b11 &
b11 U
b10000 Z
b100011 "
b100011 Y
1.
#18156000
b11000011 8
b11000011 Q
b1100011 0
b11000011 5
b11011001100 F
b10 :
b1110101110 L
b1110101110 H
b11 I
b1110010000 J
#18160000
0.
#18165000
b1 T
b10 &
b10 U
b10001 Z
b1100011 "
b1100011 Y
1.
#18166000
b10010111 8
b10010111 Q
b11110101 0
b10010111 5
b11011001101 F
b11 :
b1110101111 L
b1110101111 H
b10 I
b1110010001 J
#18170000
0.
#18175000
b10 T
1(
b1 &
b1 U
b10010 Z
b11110101 "
b11110101 Y
1.
#18176000
1R
b11111000 8
b11111000 Q
19
b10010010 0
17
b11111000 5
12
b11011001110 F
b10010011 >
b100 :
b111100 <
b1110110000 L
b1110110000 H
b1 I
b1110010010 J
#18180000
0.
#18185000
b100 S
b11 T
b10100 [
0%
1(
b1 &
b1 U
b10011 Z
b10010010 "
b10010010 Y
1.
#18186000
b10000100 8
b10000100 Q
b11111000 0
b10000100 5
b11011001111 F
b10010100 >
b101 :
b1 ;
b111101110 C
b111101 <
b1110110001 L
b1110110001 H
b1110010011 J
b1111000001 O
b1 I
b1110010100 K
#18190000
0.
#18195000
b100 T
b101 S
b10100 Z
b11111000 "
b11111000 Y
1(
b1 &
b1 U
b10101 [
1.
#18196000
0P
04
b111001 8
b111001 Q
0/
03
b111001 5
01
b11011010000 F
b10010101 >
b110 :
b10 ;
b111101111 C
b111110 <
b1110110010 L
b1110110010 H
b1110010100 J
b1111000010 O
b1 I
b1110010101 K
#18200000
0.
#18205000
b110 S
0(
b10 &
b10 U
b10110 [
1.
#18206000
1P
0R
14
b10111 8
b10111 Q
09
1/
b10000100 0
13
07
b10111 5
11
02
b11011010001 F
b0 :
b11 ;
b1111000011 O
b10 I
b1110010110 K
#18210000
0.
#18215000
b101 T
1(
b1 &
b1 U
b10101 Z
b10000100 "
b10000100 Y
1.
#18216000
0P
1R
04
b1000001 8
b1000001 Q
19
0/
03
17
b1000001 5
01
12
b11011010010 F
b1 :
b0 ;
b111111 <
b1110110011 L
b1110110011 H
b1 I
b1110010101 J
#18220000
0.
#18225000
b111 S
0(
b10 &
b10 U
b10111 [
1.
#18226000
b11 8
b11 Q
b11 5
b11011010011 F
b0 :
b1 ;
b1111000100 O
b10 I
b1110010111 K
#18230000
0.
#18235000
b1000 S
b11 &
b11 U
b11000 [
1.
#18236000
1P
14
b11111100 8
b11111100 Q
1/
b111001 0
13
b11111100 5
11
b11011010100 F
b10 ;
b1111000101 O
b11 I
b1110011000 K
#18240000
0.
#18245000
b1001 S
b110 T
b11001 [
b11 &
b11 U
b10110 Z
b111001 "
b111001 Y
1.
#18246000
b10101111 8
b10101111 Q
b1000001 0
b10101111 5
b11011010101 F
b1 :
b11 ;
b111110000 C
b1110110100 L
b1110110100 H
b1110010110 J
b1111000110 O
b11 I
b1110011001 K
#18250000
0.
#18255000
b111 T
b1010 S
b10111 Z
b1000001 "
b1000001 Y
b11 &
b11 U
b11010 [
1.
#18256000
b1100110 8
b1100110 Q
b11 0
b1100110 5
b11011010110 F
b10011110 ?
b10 :
b100 ;
b111110001 C
b1110110101 L
b1110110101 H
b1110010111 J
b1111000111 O
b11 I
b1110011010 K
#18260000
0.
#18265000
b1011 S
b1000 T
b11011 [
b11 &
b11 U
b11000 Z
b11 "
b11 Y
1.
#18266000
0P
0R
04
b10010 8
b10010 Q
09
0/
03
07
b10010 5
01
02
b11011010111 F
b10011111 ?
b11 :
b101 ;
b111110010 C
b1110110110 L
b1110110110 H
b1110011000 J
b1111001000 O
b11 I
b1110011011 K
#18270000
0.
#18275000
1.
#18276000
1R
b11101100 8
b11101100 Q
19
17
b11101100 5
12
b11011011000 F
b0 :
b0 ;
#18280000
0.
#18285000
b1100 S
b100 &
b100 U
b11100 [
1.
#18286000
b10100011 8
b10100011 Q
b10100011 5
b11011011001 F
b1 ;
b1111001001 O
b100 I
b1110011100 K
#18290000
0.
#18295000
b1101 S
b101 &
b101 U
b11101 [
1.
#18296000
0R
b11111 8
b11111 Q
09
07
b11111 5
02
b11011011010 F
b10 ;
b1111001010 O
b101 I
b1110011101 K
#18300000
0.
#18305000
1.
#18306000
b1111000 8
b1111000 Q
b1111000 5
b11011011011 F
b0 ;
#18310000
0.
#18315000
1.
#18316000
1P
14
b101110 8
b101110 Q
1/
b11111100 0
13
b101110 5
11
b11011011100 F
#18320000
0.
#18325000
b1001 T
b100 &
b100 U
b11001 Z
b11111100 "
b11111100 Y
1.
#18326000
b1100101 8
b1100101 Q
b10101111 0
b1100101 5
b11011011101 F
b1 :
b1110110111 L
b1110110111 H
b100 I
b1110011001 J
#18330000
0.
#18335000
b1010 T
b11 &
b11 U
b11010 Z
b10101111 "
b10101111 Y
1.
#18336000
0P
1R
04
b11011010 8
b11011010 Q
19
0/
03
17
b11011010 5
01
12
b11011011110 F
b10 :
b1110111000 L
b1110111000 H
b11 I
b1110011010 J
#18340000
0.
#18345000
b1110 S
b100 &
b100 U
b11110 [
1.
#18346000
b11111010 8
b11111010 Q
b11111010 5
b11011011111 F
b0 :
b1 ;
b1111001011 O
b100 I
b1110011110 K
#18350000
0.
#18355000
b1111 S
b101 &
b101 U
b11111 [
1.
#18356000
1P
14
b11011000 8
b11011000 Q
1/
b1100110 0
13
b11011000 5
11
b11011100000 F
b10 ;
b1111001100 O
b101 I
b1110011111 K
#18360000
0.
#18365000
b0 S
b1011 T
b0 [
b101 &
b101 U
b11011 Z
b1100110 "
b1100110 Y
1.
#18366000
b1101110 8
b1101110 Q
b11101100 0
b1101110 5
b11011100001 F
b1 :
b11 ;
b111110011 C
b1110111001 L
b1110111001 H
b1110011011 J
b1111001101 O
b101 I
b1110100000 K
#18370000
0.
#18375000
b1100 T
b1 S
b11100 Z
b11101100 "
b11101100 Y
b101 &
b101 U
b1 [
1.
#18376000
0R
b1001100 8
b1001100 Q
09
b10100011 0
07
b1001100 5
02
b11011100010 F
b10100000 ?
b10 :
b100 ;
b111110100 C
b1110111010 L
b1110111010 H
b1110011100 J
b1111001110 O
b101 I
b1110100001 K
#18380000
0.
#18385000
b1101 T
b100 &
b100 U
b11101 Z
b10100011 "
b10100011 Y
1.
#18386000
0P
1R
04
b1110010 8
b1110010 Q
19
0/
03
17
b1110010 5
01
12
b11011100011 F
b11 :
b0 ;
b1110111011 L
b1110111011 H
b100 I
b1110011101 J
#18390000
0.
#18395000
b10 S
b101 &
b101 U
b10 [
1.
#18396000
1P
14
b10110111 8
b10110111 Q
1/
b11011010 0
13
b10110111 5
11
b11011100100 F
b0 :
b1 ;
b1111001111 O
b101 I
b1110100010 K
#18400000
0.
#18405000
b11 S
b1110 T
b11 [
b101 &
b101 U
b11110 Z
b11011010 "
b11011010 Y
1.
#18406000
0P
04
b1000110 8
b1000110 Q
0/
03
b1000110 5
01
b11011100101 F
b1 :
b10 ;
b111110101 C
b1110111100 L
b1110111100 H
b1110011110 J
b1111010000 O
b101 I
b1110100011 K
#18410000
0.
#18415000
b100 S
b110 &
b110 U
b100 [
1.
#18416000
0R
b10101101 8
b10101101 Q
09
07
b10101101 5
02
b11011100110 F
b0 :
b11 ;
b1111010001 O
b110 I
b1110100100 K
#18420000
0.
#18425000
1.
#18426000
b11011111 8
b11011111 Q
b11011111 5
b11011100111 F
b0 ;
#18430000
0.
#18435000
1.
#18436000
1P
14
b1110110 8
b1110110 Q
1/
b11111010 0
13
b1110110 5
11
b11011101000 F
#18440000
0.
#18445000
b1111 T
b101 &
b101 U
b11111 Z
b11111010 "
b11111010 Y
1.
#18446000
1R
b1010000 8
b1010000 Q
19
b11011000 0
17
b1010000 5
12
b11011101001 F
b1 :
b1110111101 L
b1110111101 H
b101 I
b1110011111 J
#18450000
0.
#18455000
b0 T
b101 S
b0 Z
b11011000 "
b11011000 Y
b101 &
b101 U
b101 [
1.
#18456000
0P
04
b10111110 8
b10111110 Q
0/
03
b10111110 5
01
b11011101010 F
b10 :
b1 ;
b111110110 C
b1110111110 L
b1110111110 H
b1110100000 J
b1111010010 O
b101 I
b1110100101 K
#18460000
0.
#18465000
b110 S
b110 &
b110 U
b110 [
1.
#18466000
1P
0R
14
b1101010 8
b1101010 Q
09
1/
b1101110 0
13
07
b1101010 5
11
02
b11011101011 F
b0 :
b10 ;
b1111010011 O
b110 I
b1110100110 K
#18470000
0.
#18475000
b1 T
b101 &
b101 U
b1 Z
b1101110 "
b1101110 Y
1.
#18476000
b101011 8
b101011 Q
b1110010 0
b101011 5
b11011101100 F
b1 :
b0 ;
b1110111111 L
b1110111111 H
b101 I
b1110100001 J
#18480000
0.
#18485000
b10 T
b100 &
b100 U
b10 Z
b1110010 "
b1110010 Y
1.
#18486000
1R
b10011111 8
b10011111 Q
19
b10110111 0
17
b10011111 5
12
b11011101101 F
b10 :
b1111000000 L
b1111000000 H
b100 I
b1110100010 J
#18490000
0.
#18495000
b11 T
b111 S
b11 Z
b10110111 "
b10110111 Y
b100 &
b100 U
b111 [
1.
#18496000
0R
b1111001 8
b1111001 Q
09
b1000110 0
07
b1111001 5
02
b11011101110 F
b11 :
b1 ;
b111110111 C
b1111000001 L
b1111000001 H
b1110100011 J
b1111010100 O
b100 I
b1110100111 K
#18500000
0.
#18505000
b100 T
b11 &
b11 U
b100 Z
b1000110 "
b1000110 Y
1.
#18506000
0P
04
b1001 8
b1001 Q
0/
03
b1001 5
01
b11011101111 F
b10010110 >
b100 :
b0 ;
b1111000010 L
b1111000010 H
b11 I
b1110100100 J
#18510000
0.
#18515000
1.
#18516000
b1000 8
b1000 Q
b1000 5
b11011110000 F
b0 :
#18520000
0.
#18525000
1.
#18526000
1P
1R
14
b11111110 8
b11111110 Q
19
1/
b1010000 0
13
17
b11111110 5
11
12
b11011110001 F
#18530000
0.
#18535000
b101 T
b1000 S
b101 Z
b1010000 "
b1010000 Y
b11 &
b11 U
b1000 [
1.
#18536000
b11011 8
b11011 Q
b10111110 0
b11011 5
b11011110010 F
b1 :
b1 ;
b111111000 C
b1111000011 L
b1111000011 H
b1110100101 J
b1111010101 O
b11 I
b1110101000 K
#18540000
0.
#18545000
b1001 S
b110 T
b1001 [
b11 &
b11 U
b110 Z
b10111110 "
b10111110 Y
1.
#18546000
b1001100 8
b1001100 Q
b10011111 0
b1001100 5
b11011110011 F
b10 :
b10 ;
b111111001 C
b1111000100 L
b1111000100 H
b1110100110 J
b1111010110 O
b11 I
b1110101001 K
#18550000
0.
#18555000
b111 T
b1010 S
b111 Z
b10011111 "
b10011111 Y
b11 &
b11 U
b1010 [
1.
#18556000
0P
0R
04
b10111111 8
b10111111 Q
09
0/
03
07
b10111111 5
01
02
b11011110100 F
b11 :
b11 ;
b111111010 C
b1111000101 L
b1111000101 H
b1110100111 J
b1111010111 O
b11 I
b1110101010 K
#18560000
0.
#18565000
1.
#18566000
1P
14
b11101111 8
b11101111 Q
1/
b11111110 0
13
b11101111 5
11
b11011110101 F
b0 :
b0 ;
#18570000
0.
#18575000
b1000 T
b10 &
b10 U
b1000 Z
b11111110 "
b11111110 Y
1.
#18576000
1R
b11011101 8
b11011101 Q
19
b11011 0
17
b11011101 5
12
b11011110110 F
b1 :
b1111000110 L
b1111000110 H
b10 I
b1110101000 J
#18580000
0.
#18585000
b1011 S
b1001 T
b1011 [
0(
b10 &
b10 U
b1001 Z
b11011 "
b11011 Y
1.
#18586000
0R
b1100001 8
b1100001 Q
09
b1001100 0
07
b1100001 5
02
b11011110111 F
b10 :
b1 ;
b111111011 C
b1111000111 L
b1111000111 H
b1110101001 J
b1111011000 O
b10 I
b1110101011 K
#18590000
0.
#18595000
b1010 T
1(
b1 &
b1 U
b1010 Z
b1001100 "
b1001100 Y
1.
#18596000
b11010011 8
b11010011 Q
b11011101 0
b11010011 5
b11011111000 F
b11 :
b0 ;
b1000000 <
b1111001000 L
b1111001000 H
b1 I
b1110101010 J
#18600000
0.
#18605000
b1011 T
0P
1%
0(
b0 &
b0 U
b1011 Z
b11011101 "
b11011101 Y
1.
#18606000
1R
b110110 8
b110110 Q
19
0/
03
17
b110110 5
12
b11011111001 F
b10010111 >
b100 :
b1111 @
b1111001001 L
b1111001001 H
b0 I
b1110101011 J
#18610000
0.
#18615000
b1100 S
1P
1!
0%
1(
b1 &
b1 U
b1100 [
1.
#18616000
0P
04
b10001111 8
b10001111 Q
b10001111 5
01
b11011111010 F
b0 :
b1 ;
b111111100 C
b1000001 <
b1010 B
b1010 N
b1111011001 O
b1 I
b1110101100 K
#18620000
0.
#18625000
b1101 S
0(
b10 &
b10 U
b1101 [
0!
1.
#18626000
b1110001 8
b1110001 Q
b1110001 5
b11011111011 F
b10 ;
b1111011010 O
b10 I
b1110101101 K
#18630000
0.
#18635000
b1110 S
b11 &
b11 U
b1110 [
1.
#18636000
1P
0R
14
b11011110 8
b11011110 Q
09
1/
b110110 0
13
07
b11011110 5
11
02
b11011111100 F
b11 ;
b1111011011 O
b11 I
b1110101110 K
#18640000
0.
#18645000
b1100 T
b10 &
b10 U
b1100 Z
b110110 "
b110110 Y
1.
#18646000
b1001101 8
b1001101 Q
b10001111 0
b1001101 5
b11011111101 F
b1 :
b0 ;
b1111001010 L
b1111001010 H
b10 I
b1110101100 J
#18650000
0.
#18655000
b1101 T
1(
b1 &
b1 U
b1101 Z
b10001111 "
b10001111 Y
1.
#18656000
0P
04
b11101111 8
b11101111 Q
0/
03
b11101111 5
01
b11011111110 F
b10 :
b1000010 <
b1111001011 L
b1111001011 H
b1 I
b1110101101 J
#18660000
0.
#18665000
1.
#18666000
1P
1R
14
b11100000 8
b11100000 Q
19
1/
b1110001 0
13
17
b11100000 5
11
12
b11011111111 F
b0 :
b1000011 <
#18670000
0.
#18675000
b1110 T
b1111 S
b1110 Z
b1110001 "
b1110001 Y
1(
b1 &
b1 U
b1111 [
1.
#18676000
0P
04
b10010010 8
b10010010 Q
0/
03
b10010010 5
01
b11100000000 F
b1 :
b1 ;
b111111101 C
b1000100 <
b1111001100 L
b1111001100 H
b1110101110 J
b1111011100 O
b1 I
b1110101111 K
#18680000
0.
#18685000
b0 S
0(
b10 &
b10 U
b10000 [
1.
#18686000
b11010011 8
b11010011 Q
b11010011 5
b11100000001 F
b0 :
b10 ;
b1111011101 O
b10 I
b1110110000 K
#18690000
0.
#18695000
b1 S
b11 &
b11 U
b10001 [
1.
#18696000
0R
b1011111 8
b1011111 Q
09
07
b1011111 5
02
b11100000010 F
b11 ;
b1111011110 O
b11 I
b1110110001 K
#18700000
0.
#18705000
1.
#18706000
b11 8
b11 Q
b11 5
b11100000011 F
b0 ;
#18710000
0.
#18715000
1.
#18716000
1P
1R
14
b11110100 8
b11110100 Q
19
1/
b11100000 0
13
17
b11110100 5
11
12
b11100000100 F
#18720000
0.
#18725000
b10 S
b1111 T
b10010 [
b11 &
b11 U
b1111 Z
b11100000 "
b11100000 Y
1.
#18726000
b10111001 8
b10111001 Q
b10010010 0
b10111001 5
b11100000101 F
b1 :
b1 ;
b111111110 C
b1111001101 L
b1111001101 H
b1110101111 J
b1111011111 O
b11 I
b1110110010 K
#18730000
0.
#18735000
b0 T
b11 S
b10000 Z
b10010010 "
b10010010 Y
b11 &
b11 U
b10011 [
1.
#18736000
b1100111 8
b1100111 Q
b11010011 0
b1100111 5
b11100000110 F
b10 :
b10 ;
b111111111 C
b1111001110 L
b1111001110 H
b1110110000 J
b1111100000 O
b11 I
b1110110011 K
#18740000
0.
#18745000
b100 S
b1 T
b10100 [
b11 &
b11 U
b10001 Z
b11010011 "
b11010011 Y
1.
#18746000
0P
0R
04
b1101110 8
b1101110 Q
09
0/
03
07
b1101110 5
01
02
b11100000111 F
b11 :
b11 ;
b1000000000 C
b1111001111 L
b1111001111 H
b1110110001 J
b1111100001 O
b11 I
b1110110100 K
#18750000
0.
#18755000
1.
#18756000
1P
1R
14
b11000 8
b11000 Q
19
1/
b11110100 0
13
17
b11000 5
11
12
b11100001000 F
b0 :
b0 ;
#18760000
0.
#18765000
b101 S
b10 T
b10101 [
b11 &
b11 U
b10010 Z
b11110100 "
b11110100 Y
1.
#18766000
0R
b11100000 8
b11100000 Q
09
b10111001 0
07
b11100000 5
02
b11100001001 F
b1 :
b1 ;
b1000000001 C
b1111010000 L
b1111010000 H
b1110110010 J
b1111100010 O
b11 I
b1110110101 K
#18770000
0.
#18775000
b11 T
b10 &
b10 U
b10011 Z
b10111001 "
b10111001 Y
1.
#18776000
0P
04
b11111 8
b11111 Q
0/
03
b11111 5
01
b11100001010 F
b10 :
b0 ;
b1111010001 L
b1111010001 H
b10 I
b1110110011 J
#18780000
0.
#18785000
1.
#18786000
1P
1R
14
b11010100 8
b11010100 Q
19
1/
b1100111 0
13
17
b11010100 5
11
12
b11100001011 F
b0 :
#18790000
0.
#18795000
b100 T
b110 S
b10100 Z
b1100111 "
b1100111 Y
b10 &
b10 U
b10110 [
1.
#18796000
b1100101 8
b1100101 Q
b11000 0
b1100101 5
b11100001100 F
b1 :
b1 ;
b1000000010 C
b1111010010 L
b1111010010 H
b1110110100 J
b1111100011 O
b10 I
b1110110110 K
#18800000
0.
#18805000
b111 S
b101 T
b10111 [
0(
b10 &
b10 U
b10101 Z
b11000 "
b11000 Y
1.
#18806000
0R
b1011100 8
b1011100 Q
09
b11010100 0
07
b1011100 5
02
b11100001101 F
b10 :
b10 ;
b1000000011 C
b1111010011 L
b1111010011 H
b1110110101 J
b1111100100 O
b10 I
b1110110111 K
#18810000
0.
#18815000
b110 T
1(
b1 &
b1 U
b10110 Z
b11010100 "
b11010100 Y
1.
#18816000
1R
b1101011 8
b1101011 Q
19
b1100101 0
17
b1101011 5
12
b11100001110 F
b11 :
b0 ;
b1000101 <
b1111010100 L
b1111010100 H
b1 I
b1110110110 J
#18820000
0.
#18825000
b1000 S
b111 T
b11000 [
0%
1(
b1 &
b1 U
b10111 Z
b1100101 "
b1100101 Y
1.
#18826000
0R
b101111 8
b101111 Q
09
b1101011 0
07
b101111 5
02
b11100001111 F
b10011000 >
b100 :
b1 ;
b1000000100 C
b1000110 <
b1111010101 L
b1111010101 H
b1110110111 J
b1111100101 O
b1 I
b1110111000 K
#18830000
0.
#18835000
b1000 T
0P
1%
0(
b0 &
b0 U
b11000 Z
b1101011 "
b1101011 Y
1.
#18836000
1R
04
b11110 8
b11110 Q
19
0/
03
17
b11110 5
01
12
b11100010000 F
b10011001 >
b101 :
b0 ;
b10000 @
b1111010110 L
b1111010110 H
b0 I
b1110111000 J
#18840000
0.
#18845000
b1001 S
0%
1(
b1 &
b1 U
b11001 [
1.
#18846000
b10001011 8
b10001011 Q
b10001011 5
b11100010001 F
b0 :
b1 ;
b1000111 <
b1111100110 O
b1 I
b1110111001 K
#18850000
0.
#18855000
b1010 S
0(
b10 &
b10 U
b11010 [
1.
#18856000
b10100011 8
b10100011 Q
b10100011 5
b11100010010 F
b10 ;
b1111100111 O
b10 I
b1110111010 K
#18860000
0.
#18865000
b1011 S
b11 &
b11 U
b11011 [
1.
#18866000
1P
0R
14
09
1/
b11110 0
13
07
11
02
b11100010011 F
b11 ;
b1111101000 O
b11 I
b1110111011 K
#18870000
0.
#18875000
b1001 T
b10 &
b10 U
b11001 Z
b11110 "
b11110 Y
1.
#18876000
1R
b10111000 8
b10111000 Q
19
b10001011 0
17
b10111000 5
12
b11100010100 F
b1 :
b0 ;
b1111010111 L
b1111010111 H
b10 I
b1110111001 J
#18880000
0.
#18885000
b1100 S
b1010 T
b11100 [
0(
b10 &
b10 U
b11010 Z
b10001011 "
b10001011 Y
1.
#18886000
0P
0R
04
b10111110 8
b10111110 Q
09
0/
03
07
b10111110 5
01
02
b11100010101 F
b10 :
b1 ;
b1000000101 C
b1111011000 L
b1111011000 H
b1110111010 J
b1111101001 O
b10 I
b1110111100 K
#18890000
0.
#18895000
1.
#18896000
1P
14
b11010 8
b11010 Q
1/
b10100011 0
13
b11010 5
11
b11100010110 F
b0 :
b0 ;
#18900000
0.
#18905000
b1011 T
1(
b1 &
b1 U
b11011 Z
b10100011 "
b10100011 Y
1.
#18906000
b1000110 8
b1000110 Q
b10111000 0
b1000110 5
b11100010111 F
b1 :
b1001000 <
b1111011001 L
b1111011001 H
b1 I
b1110111011 J
#18910000
0.
#18915000
b1100 T
0P
1%
0(
b0 &
b0 U
b11100 Z
b10111000 "
b10111000 Y
1.
#18916000
b1000100 8
b1000100 Q
0/
03
b1000100 5
b11100011000 F
b10 :
b10001 @
b1111011010 L
b1111011010 H
b0 I
b1110111100 J
#18920000
0.
#18925000
1!
1.
#18926000
1R
04
b10111 8
b10111 Q
19
17
b10111 5
01
12
b11100011001 F
b0 :
b10010 @
b1011 B
b1011 N
#18930000
0.
#18935000
b1101 S
0!
0%
1(
b1 &
b1 U
b11101 [
1.
#18936000
1P
0R
14
b10011001 8
b10011001 Q
09
1/
b10111 0
13
07
b10011001 5
11
02
b11100011010 F
b1 ;
b1001001 <
b1111101010 O
b1 I
b1110111101 K
#18940000
0.
#18945000
b1101 T
0P
1%
0(
b0 &
b0 U
b11101 Z
b10111 "
b10111 Y
1.
#18946000
b11010110 8
b11010110 Q
0/
03
b11010110 5
b11100011011 F
b1 :
b0 ;
b10011 @
b1111011011 L
b1111011011 H
b0 I
b1110111101 J
#18950000
0.
#18955000
1!
1.
#18956000
b11101011 8
b11101011 Q
b11101011 5
b11100011100 F
b0 :
b10100 @
b1100 B
b1100 N
#18960000
0.
#18965000
1.
#18966000
1R
04
b11101000 8
b11101000 Q
19
17
b11101000 5
01
12
b11100011101 F
b10101 @
b1101 B
b1101 N
#18970000
0.
#18975000
b1110 S
0!
0%
1(
b1 &
b1 U
b11110 [
1.
#18976000
1P
0R
14
b10111110 8
b10111110 Q
09
1/
b11101000 0
13
07
b10111110 5
11
02
b11100011110 F
b1 ;
b1001010 <
b1111101011 O
b1 I
b1110111110 K
#18980000
0.
#18985000
b1110 T
0P
1%
0(
b0 &
b0 U
b11110 Z
b11101000 "
b11101000 Y
1.
#18986000
1R
b11111101 8
b11111101 Q
19
0/
03
17
b11111101 5
12
b11100011111 F
b1 :
b0 ;
b10110 @
b1111011100 L
b1111011100 H
b0 I
b1110111110 J
#18990000
0.
#18995000
b1111 S
1P
1!
0%
1(
b1 &
b1 U
b11111 [
1.
#18996000
b1000010 8
b1000010 Q
1/
b11111101 0
13
b1000010 5
b11100100000 F
b0 :
b1 ;
b1000000110 C
b1001011 <
b1110 B
b1110 N
b1111101100 O
b1 I
b1110111111 K
#19000000
0.
#19005000
b0 S
b1111 T
b0 [
0%
1(
b1 &
b1 U
b11111 Z
b11111101 "
b11111101 Y
0!
1.
#19006000
b10101101 8
b10101101 Q
b1000010 0
b10101101 5
b11100100001 F
b1 :
b10 ;
b1000000111 C
b1001100 <
b1111011101 L
b1111011101 H
b1110111111 J
b1111101101 O
b1 I
b1111000000 K
#19010000
0.
#19015000
b0 T
b1 S
b0 Z
b1000010 "
b1000010 Y
1(
b1 &
b1 U
b1 [
1.
#19016000
0P
0R
04
b11011001 8
b11011001 Q
09
0/
03
07
b11011001 5
01
02
b11100100010 F
b10 :
b11 ;
b1000001000 C
b1001101 <
b1111011110 L
b1111011110 H
b1111000000 J
b1111101110 O
b1 I
b1111000001 K
#19020000
0.
#19025000
1.
#19026000
1P
1R
14
b10011111 8
b10011111 Q
19
1/
b10101101 0
13
17
b10011111 5
11
12
b11100100011 F
b0 :
b0 ;
b1001110 <
#19030000
0.
#19035000
b1 T
b10 S
b1 Z
b10101101 "
b10101101 Y
1(
b1 &
b1 U
b10 [
1.
#19036000
0R
b0 8
b0 Q
09
b10011111 0
07
b0 5
02
b11100100100 F
b1 :
b1 ;
b1000001001 C
b1001111 <
b1111011111 L
b1111011111 H
b1111000001 J
b1111101111 O
b1 I
b1111000010 K
#19040000
0.
#19045000
b10 T
0P
1%
0(
b0 &
b0 U
b10 Z
b10011111 "
b10011111 Y
1.
#19046000
04
b1110010 8
b1110010 Q
0/
03
b1110010 5
01
b11100100101 F
b10 :
b0 ;
b10111 @
b1111100000 L
b1111100000 H
b0 I
b1111000010 J
#19050000
0.
#19055000
1.
#19056000
1R
14
b10110001 8
b10110001 Q
19
17
b10110001 5
11
12
b11100100110 F
b0 :
b11000 @
#19060000
0.
#19065000
b11 S
1P
0%
1(
b1 &
b1 U
b11 [
1!
1.
#19066000
0R
b1101000 8
b1101000 Q
09
1/
b10110001 0
13
07
b1101000 5
02
b11100100111 F
b1 ;
b1000001010 C
b1010000 <
b1111 B
b1111 N
b1111110000 O
b1 I
b1111000011 K
#19070000
0.
#19075000
b11 T
0P
0!
1%
0(
b0 &
b0 U
b11 Z
b10110001 "
b10110001 Y
1.
#19076000
04
b1001010 8
b1001010 Q
0/
03
b1001010 5
01
b11100101000 F
b1 :
b0 ;
b11001 @
b1111100001 L
b1111100001 H
b0 I
b1111000011 J
#19080000
0.
#19085000
1.
#19086000
1R
14
b110001 8
b110001 Q
19
17
b110001 5
11
12
b11100101001 F
b0 :
b11010 @
#19090000
0.
#19095000
b100 S
1P
1!
0%
1(
b1 &
b1 U
b100 [
1.
#19096000
b1011011 8
b1011011 Q
1/
b110001 0
13
b1011011 5
b11100101010 F
b1 ;
b1000001011 C
b1010001 <
b10000 B
b10000 N
b1111110001 O
b1 I
b1111000100 K
#19100000
0.
#19105000
b101 S
b100 T
b101 [
0%
1(
b1 &
b1 U
b100 Z
b110001 "
b110001 Y
0!
1.
#19106000
0R
b10001111 8
b10001111 Q
09
b1011011 0
07
b10001111 5
02
b11100101011 F
b1 :
b10 ;
b1000001100 C
b1010010 <
b1111100010 L
b1111100010 H
b1111000100 J
b1111110010 O
b1 I
b1111000101 K
#19110000
0.
#19115000
b101 T
0P
1%
0(
b0 &
b0 U
b101 Z
b1011011 "
b1011011 Y
1.
#19116000
1R
b10110011 8
b10110011 Q
19
0/
03
17
b10110011 5
12
b11100101100 F
b10 :
b0 ;
b11011 @
b1111100011 L
b1111100011 H
b0 I
b1111000101 J
#19120000
0.
#19125000
b110 S
1P
0%
1(
b1 &
b1 U
b110 [
1!
1.
#19126000
0R
b10001110 8
b10001110 Q
09
1/
b10110011 0
13
07
b10001110 5
02
b11100101101 F
b0 :
b1 ;
b1000001101 C
b1010011 <
b10001 B
b10001 N
b1111110011 O
b1 I
b1111000110 K
#19130000
0.
#19135000
b110 T
0P
0!
1%
0(
b0 &
b0 U
b110 Z
b10110011 "
b10110011 Y
1.
#19136000
04
b11110001 8
b11110001 Q
0/
03
b11110001 5
01
b11100101110 F
b1 :
b0 ;
b11100 @
b1111100100 L
b1111100100 H
b0 I
b1111000110 J
#19140000
0.
#19145000
1.
#19146000
b1110011 8
b1110011 Q
b1110011 5
b11100101111 F
b0 :
b11101 @
#19150000
0.
#19155000
1.
#19156000
1R
14
b10010101 8
b10010101 Q
19
17
b10010101 5
11
12
b11100110000 F
b11110 @
#19160000
0.
#19165000
b111 S
1P
0%
1(
b1 &
b1 U
b111 [
1!
1.
#19166000
b11110100 8
b11110100 Q
1/
b10010101 0
13
b11110100 5
b11100110001 F
b1 ;
b1000001110 C
b1010100 <
b10010 B
b10010 N
b1111110100 O
b1 I
b1111000111 K
#19170000
0.
#19175000
b111 T
b1000 S
0!
b111 Z
b10010101 "
b10010101 Y
1(
b1 &
b1 U
b1000 [
1.
#19176000
0R
b11101100 8
b11101100 Q
09
b11110100 0
07
b11101100 5
02
b11100110010 F
b1 :
b10 ;
b1000001111 C
b1010101 <
b1111100101 L
b1111100101 H
b1111000111 J
b1111110101 O
b1 I
b1111001000 K
#19180000
0.
#19185000
b1000 T
0P
1%
0(
b0 &
b0 U
b1000 Z
b11110100 "
b11110100 Y
1.
#19186000
04
b10100001 8
b10100001 Q
0/
03
b10100001 5
01
b11100110011 F
b10 :
b0 ;
b11111 @
b1111100110 L
b1111100110 H
b0 I
b1111001000 J
#19190000
0.
#19195000
1.
#19196000
b1100011 8
b1100011 Q
b1100011 5
b11100110100 F
b0 :
b100000 @
#19200000
0.
#19205000
1.
#19206000
b11110010 8
b11110010 Q
b11110010 5
b11100110101 F
b100001 @
#19210000
0.
#19215000
1.
#19216000
1R
b1100101 8
b1100101 Q
19
17
b1100101 5
12
b11100110110 F
b100010 @
#19220000
0.
#19225000
b1001 S
0%
1(
b1 &
b1 U
b1001 [
1.
#19226000
1P
0R
14
b1011101 8
b1011101 Q
09
1/
b1100101 0
13
07
b1011101 5
11
02
b11100110111 F
b1 ;
b1010110 <
b1111110110 O
b1 I
b1111001001 K
#19230000
0.
#19235000
b1001 T
0P
1%
0(
b0 &
b0 U
b1001 Z
b1100101 "
b1100101 Y
1.
#19236000
1R
b100101 8
b100101 Q
19
0/
03
17
b100101 5
12
b11100111000 F
b1 :
b0 ;
b100011 @
b1111100111 L
b1111100111 H
b0 I
b1111001001 J
#19240000
0.
#19245000
b1010 S
1P
0%
1(
b1 &
b1 U
b1010 [
1!
1.
#19246000
0P
04
b1100100 8
b1100100 Q
b1100100 5
01
b11100111001 F
b0 :
b1 ;
b1000010000 C
b1010111 <
b10011 B
b10011 N
b1111110111 O
b1 I
b1111001010 K
#19250000
0.
#19255000
b1011 S
0!
0(
b10 &
b10 U
b1011 [
1.
#19256000
0R
b10000010 8
b10000010 Q
09
07
b10000010 5
02
b11100111010 F
b10 ;
b1111111000 O
b10 I
b1111001011 K
#19260000
0.
#19265000
1.
#19266000
1P
14
b10110000 8
b10110000 Q
1/
b100101 0
13
b10110000 5
11
b11100111011 F
b0 ;
#19270000
0.
#19275000
b1010 T
1(
b1 &
b1 U
b1010 Z
b100101 "
b100101 Y
1.
#19276000
1R
b101100 8
b101100 Q
19
b1100100 0
17
b101100 5
12
b11100111100 F
b1 :
b1011000 <
b1111101000 L
b1111101000 H
b1 I
b1111001010 J
#19280000
0.
#19285000
b1100 S
b1011 T
b1100 [
0%
1(
b1 &
b1 U
b1011 Z
b1100100 "
b1100100 Y
1.
#19286000
b11000000 8
b11000000 Q
b101100 0
b11000000 5
b11100111101 F
b10 :
b1 ;
b1000010001 C
b1011001 <
b1111101001 L
b1111101001 H
b1111001011 J
b1111111001 O
b1 I
b1111001100 K
#19290000
0.
#19295000
b1100 T
b1101 S
b1100 Z
b101100 "
b101100 Y
1(
b1 &
b1 U
b1101 [
1.
#19296000
0P
0R
04
b11010001 8
b11010001 Q
09
0/
03
07
b11010001 5
01
02
b11100111110 F
b11 :
b10 ;
b1000010010 C
b1011010 <
b1111101010 L
b1111101010 H
b1111001100 J
b1111111010 O
b1 I
b1111001101 K
#19300000
0.
#19305000
1.
#19306000
1R
b10101101 8
b10101101 Q
19
17
b10101101 5
12
b11100111111 F
b0 :
b0 ;
b1011011 <
#19310000
0.
#19315000
b1110 S
0(
b10 &
b10 U
b1110 [
1.
#19316000
1P
14
b10111001 8
b10111001 Q
1/
b11000000 0
13
b10111001 5
11
b11101000000 F
b1 ;
b1111111011 O
b10 I
b1111001110 K
#19320000
0.
#19325000
b1111 S
b1101 T
b1111 [
0(
b10 &
b10 U
b1101 Z
b11000000 "
b11000000 Y
1.
#19326000
0P
0R
04
b10100001 8
b10100001 Q
09
0/
03
07
b10100001 5
01
02
b11101000001 F
b1 :
b10 ;
b1000010011 C
b1111101011 L
b1111101011 H
b1111001101 J
b1111111100 O
b10 I
b1111001111 K
#19330000
0.
#19335000
1.
#19336000
b1010000 8
b1010000 Q
b1010000 5
b11101000010 F
b0 :
b0 ;
#19340000
0.
#19345000
1.
#19346000
1P
14
b1011100 8
b1011100 Q
1/
b10101101 0
13
b1011100 5
11
b11101000011 F
#19350000
0.
#19355000
b1110 T
1(
b1 &
b1 U
b1110 Z
b10101101 "
b10101101 Y
1.
#19356000
0P
1R
04
b101100 8
b101100 Q
19
0/
03
17
b101100 5
01
12
b11101000100 F
b1 :
b1011100 <
b1111101100 L
b1111101100 H
b1 I
b1111001110 J
#19360000
0.
#19365000
b0 S
0(
b10 &
b10 U
b10000 [
1.
#19366000
1P
14
b1010101 8
b1010101 Q
1/
b10111001 0
13
b1010101 5
11
b11101000101 F
b0 :
b1 ;
b1111111101 O
b10 I
b1111010000 K
#19370000
0.
#19375000
b1111 T
b1 S
b1111 Z
b10111001 "
b10111001 Y
b10 &
b10 U
b10001 [
1.
#19376000
b1111010 8
b1111010 Q
b101100 0
b1111010 5
b11101000110 F
b1 :
b10 ;
b1000010100 C
b1111101101 L
b1111101101 H
b1111001111 J
b1111111110 O
b10 I
b1111010001 K
#19380000
0.
#19385000
b10 S
b0 T
b10010 [
0(
b10 &
b10 U
b10000 Z
b101100 "
b101100 Y
1.
#19386000
0P
04
b10001010 8
b10001010 Q
0/
03
b10001010 5
01
b11101000111 F
b10 :
b11 ;
b1000010101 C
b1111101110 L
b1111101110 H
b1111010000 J
b1111111111 O
b10 I
b1111010010 K
#19390000
0.
#19395000
b11 S
b11 &
b11 U
b10011 [
1.
#19396000
1P
0R
14
b11100111 8
b11100111 Q
09
1/
b1010101 0
13
07
b11100111 5
11
02
b11101001000 F
b10100001 ?
b0 :
b100 ;
b10000000000 O
b11 I
b1111010011 K
#19400000
0.
#19405000
b1 T
b10 &
b10 U
b10001 Z
b1010101 "
b1010101 Y
1.
#19406000
0P
1R
04
b10000 8
b10000 Q
19
0/
03
17
b10000 5
01
12
b11101001001 F
b1 :
b0 ;
b1111101111 L
b1111101111 H
b10 I
b1111010001 J
#19410000
0.
#19415000
b100 S
b11 &
b11 U
b10100 [
1.
#19416000
b1111101 8
b1111101 Q
b1111101 5
b11101001010 F
b0 :
b1 ;
b10000000001 O
b11 I
b1111010100 K
#19420000
0.
#19425000
b101 S
b100 &
b100 U
b10101 [
1.
#19426000
1P
0R
14
b1100000 8
b1100000 Q
09
1/
b1111010 0
13
07
b1100000 5
11
02
b11101001011 F
b10 ;
b10000000010 O
b100 I
b1111010101 K
#19430000
0.
#19435000
b10 T
b11 &
b11 U
b10010 Z
b1111010 "
b1111010 Y
1.
#19436000
0P
1R
04
b0 8
b0 Q
19
0/
03
17
b0 5
01
12
b11101001100 F
b1 :
b0 ;
b1111110000 L
b1111110000 H
b11 I
b1111010010 J
#19440000
0.
#19445000
b110 S
b100 &
b100 U
b10110 [
1.
#19446000
1P
14
b1111 8
b1111 Q
1/
b10001010 0
13
b1111 5
11
b11101001101 F
b0 :
b1 ;
b10000000011 O
b100 I
b1111010110 K
#19450000
0.
#19455000
b11 T
b111 S
b10011 Z
b10001010 "
b10001010 Y
b100 &
b100 U
b10111 [
1.
#19456000
0P
04
b1111110 8
b1111110 Q
0/
03
b1111110 5
01
b11101001110 F
b1 :
b10 ;
b1000010110 C
b1111110001 L
b1111110001 H
b1111010011 J
b10000000100 O
b100 I
b1111010111 K
#19460000
0.
#19465000
b1000 S
b101 &
b101 U
b11000 [
1.
#19466000
1P
14
b10001101 8
b10001101 Q
1/
b10000 0
13
b10001101 5
11
b11101001111 F
b0 :
b11 ;
b10000000101 O
b101 I
b1111011000 K
#19470000
0.
#19475000
b100 T
b1001 S
b10100 Z
b10000 "
b10000 Y
b101 &
b101 U
b11001 [
1.
#19476000
0P
04
b1110010 8
b1110010 Q
0/
03
b1110010 5
01
b11101010000 F
b10100010 ?
b1 :
b100 ;
b1000010111 C
b1111110010 L
b1111110010 H
b1111010100 J
b10000000110 O
b101 I
b1111011001 K
#19480000
0.
#19485000
b1010 S
b110 &
b110 U
b11010 [
1.
#19486000
1P
0R
14
b11001011 8
b11001011 Q
09
1/
b1111101 0
13
07
b11001011 5
11
02
b11101010001 F
b10100011 ?
b0 :
b101 ;
b10000000111 O
b110 I
b1111011010 K
#19490000
0.
#19495000
b101 T
b101 &
b101 U
b10101 Z
b1111101 "
b1111101 Y
1.
#19496000
0P
1R
04
b10010011 8
b10010011 Q
19
0/
03
17
b10010011 5
01
12
b11101010010 F
b1 :
b0 ;
b1111110011 L
b1111110011 H
b101 I
b1111010101 J
#19500000
0.
#19505000
b1011 S
b110 &
b110 U
b11011 [
1.
#19506000
b1011010 8
b1011010 Q
b1011010 5
b11101010011 F
b0 :
b1 ;
b10000001000 O
b110 I
b1111011011 K
#19510000
0.
#19515000
b1100 S
b111 &
b111 U
b11100 [
1.
#19516000
1P
0R
14
b1101000 8
b1101000 Q
09
1/
b0 0
13
07
b1101000 5
11
02
b11101010100 F
b10 ;
b10000001001 O
b111 I
b1111011100 K
#19520000
0.
#19525000
b110 T
b110 &
b110 U
b10110 Z
b0 "
b0 Y
1.
#19526000
0P
1R
04
b11111100 8
b11111100 Q
19
0/
03
17
b11111100 5
01
12
b11101010101 F
b1 :
b0 ;
b1111110100 L
b1111110100 H
b110 I
b1111010110 J
#19530000
0.
#19535000
b1101 S
b111 &
b111 U
b11101 [
1.
#19536000
1P
0R
14
b11010010 8
b11010010 Q
09
1/
b1111 0
13
07
b11010010 5
11
02
b11101010110 F
b0 :
b1 ;
b10000001010 O
b111 I
b1111011101 K
#19540000
0.
#19545000
b111 T
b110 &
b110 U
b10111 Z
b1111 "
b1111 Y
1.
#19546000
1R
b11111110 8
b11111110 Q
19
b1111110 0
17
b11111110 5
12
b11101010111 F
b1 :
b0 ;
b1111110101 L
b1111110101 H
b110 I
b1111010111 J
#19550000
0.
#19555000
b1000 T
b1110 S
b11000 Z
b1111110 "
b1111110 Y
b110 &
b110 U
b11110 [
1.
#19556000
0R
b11001000 8
b11001000 Q
09
b10001101 0
07
b11001000 5
02
b11101011000 F
b10 :
b1 ;
b1000011000 C
b1111110110 L
b1111110110 H
b1111011000 J
b10000001011 O
b110 I
b1111011110 K
#19560000
0.
#19565000
b1001 T
b101 &
b101 U
b11001 Z
b10001101 "
b10001101 Y
1.
#19566000
0P
1R
04
b10101 8
b10101 Q
19
0/
03
17
b10101 5
01
12
b11101011001 F
b11 :
b0 ;
b1111110111 L
b1111110111 H
b101 I
b1111011001 J
#19570000
0.
#19575000
b1111 S
b110 &
b110 U
b11111 [
1.
#19576000
1P
14
b10011011 8
b10011011 Q
1/
b1110010 0
13
b10011011 5
11
b11101011010 F
b0 :
b1 ;
b10000001100 O
b110 I
b1111011111 K
#19580000
0.
#19585000
b0 S
b1010 T
b0 [
b110 &
b110 U
b11010 Z
b1110010 "
b1110010 Y
1.
#19586000
b10 8
b10 Q
b10010011 0
b10 5
b11101011011 F
b1 :
b10 ;
b1000011001 C
b1111111000 L
b1111111000 H
b1111011010 J
b10000001101 O
b110 I
b1111100000 K
#19590000
0.
#19595000
b1011 T
b1 S
b11011 Z
b10010011 "
b10010011 Y
b110 &
b110 U
b1 [
1.
#19596000
b100011 8
b100011 Q
b1011010 0
b100011 5
b11101011100 F
b10 :
b11 ;
b1000011010 C
b1111111001 L
b1111111001 H
b1111011011 J
b10000001110 O
b110 I
b1111100001 K
#19600000
0.
#19605000
b10 S
b1100 T
b10 [
b110 &
b110 U
b11100 Z
b1011010 "
b1011010 Y
1.
#19606000
b1111111 8
b1111111 Q
b11111100 0
b1111111 5
b11101011101 F
b10100100 ?
b11 :
b100 ;
b1000011011 C
b1111111010 L
b1111111010 H
b1111011100 J
b10000001111 O
b110 I
b1111100010 K
#19610000
0.
#19615000
b1101 T
b11 S
b11101 Z
b11111100 "
b11111100 Y
b110 &
b110 U
b11 [
1.
#19616000
0R
b11111110 8
b11111110 Q
09
b11111110 0
07
b11111110 5
02
b11101011110 F
b10011010 >
b10100101 ?
b100 :
b101 ;
b1000011100 C
b1111111011 L
b1111111011 H
b1111011101 J
b10000010000 O
b110 I
b1111100011 K
#19620000
0.
#19625000
b1110 T
b101 &
b101 U
b11110 Z
b11111110 "
b11111110 Y
1.
#19626000
b10000110 8
b10000110 Q
b10101 0
b10000110 5
b11101011111 F
b10011011 >
b101 :
b0 ;
b1111111100 L
b1111111100 H
b101 I
b1111011110 J
#19630000
0.
#19635000
b1111 T
b100 &
b100 U
b11111 Z
b10101 "
b10101 Y
1.
#19636000
0P
1R
04
b10110010 8
b10110010 Q
19
0/
03
17
b10110010 5
01
12
b11101100000 F
b10011100 >
b110 :
b1111111101 L
b1111111101 H
b100 I
b1111011111 J
#19640000
0.
#19645000
b100 S
b101 &
b101 U
b100 [
1.
#19646000
1P
0R
14
b10101110 8
b10101110 Q
09
1/
b10011011 0
13
07
b10101110 5
11
02
b11101100001 F
b0 :
b1 ;
b10000010001 O
b101 I
b1111100100 K
#19650000
0.
#19655000
b0 T
b100 &
b100 U
b0 Z
b10011011 "
b10011011 Y
1.
#19656000
b11101001 8
b11101001 Q
b10 0
b11101001 5
b11101100010 F
b1 :
b0 ;
b1111111110 L
b1111111110 H
b100 I
b1111100000 J
#19660000
0.
#19665000
b1 T
b11 &
b11 U
b1 Z
b10 "
b10 Y
1.
#19666000
b11001110 8
b11001110 Q
b100011 0
b11001110 5
b11101100011 F
b10 :
b1111111111 L
b1111111111 H
b11 I
b1111100001 J
#19670000
0.
#19675000
b10 T
b10 &
b10 U
b10 Z
b100011 "
b100011 Y
1.
#19676000
0P
1R
04
b11110111 8
b11110111 Q
19
0/
03
17
b11110111 5
01
12
b11101100100 F
b11 :
b10000000000 L
b10000000000 H
b10 I
b1111100010 J
#19680000
0.
#19685000
b101 S
b11 &
b11 U
b101 [
1.
#19686000
1P
14
b11100001 8
b11100001 Q
1/
b1111111 0
13
b11100001 5
11
b11101100101 F
b0 :
b1 ;
b10000010010 O
b11 I
b1111100101 K
#19690000
0.
#19695000
b11 T
b110 S
b11 Z
b1111111 "
b1111111 Y
b11 &
b11 U
b110 [
1.
#19696000
0P
04
b1111011 8
b1111011 Q
0/
03
b1111011 5
01
b11101100110 F
b1 :
b10 ;
b1000011101 C
b10000000001 L
b10000000001 H
b1111100011 J
b10000010011 O
b11 I
b1111100110 K
#19700000
0.
#19705000
b111 S
b100 &
b100 U
b111 [
1.
#19706000
b1001000 8
b1001000 Q
b1001000 5
b11101100111 F
b0 :
b11 ;
b10000010100 O
b100 I
b1111100111 K
#19710000
0.
#19715000
b1000 S
b101 &
b101 U
b1000 [
1.
#19716000
1P
0R
14
b110111 8
b110111 Q
09
1/
b10110010 0
13
07
b110111 5
11
02
b11101101000 F
b10100110 ?
b100 ;
b10000010101 O
b101 I
b1111101000 K
#19720000
0.
#19725000
b100 T
b100 &
b100 U
b100 Z
b10110010 "
b10110010 Y
1.
#19726000
b100010 8
b100010 Q
b11110111 0
b100010 5
b11101101001 F
b1 :
b0 ;
b10000000010 L
b10000000010 H
b100 I
b1111100100 J
#19730000
0.
#19735000
b101 T
b11 &
b11 U
b101 Z
b11110111 "
b11110111 Y
1.
#19736000
1R
b10011100 8
b10011100 Q
19
b11100001 0
17
b10011100 5
12
b11101101010 F
b10 :
b10000000011 L
b10000000011 H
b11 I
b1111100101 J
#19740000
0.
#19745000
b1001 S
b110 T
b1001 [
b11 &
b11 U
b110 Z
b11100001 "
b11100001 Y
1.
#19746000
0P
0R
04
b1010 8
b1010 Q
09
0/
03
07
b1010 5
01
02
b11101101011 F
b11 :
b1 ;
b1000011110 C
b10000000100 L
b10000000100 H
b1111100110 J
b10000010110 O
b11 I
b1111101001 K
#19750000
0.
#19755000
1.
#19756000
1P
14
b11100101 8
b11100101 Q
1/
b1111011 0
13
b11100101 5
11
b11101101100 F
b0 :
b0 ;
#19760000
0.
#19765000
b111 T
b10 &
b10 U
b111 Z
b1111011 "
b1111011 Y
1.
#19766000
0P
1R
04
b11010110 8
b11010110 Q
19
0/
03
17
b11010110 5
01
12
b11101101101 F
b1 :
b10000000101 L
b10000000101 H
b10 I
b1111100111 J
#19770000
0.
#19775000
b1010 S
b11 &
b11 U
b1010 [
1.
#19776000
1P
0R
14
b11001100 8
b11001100 Q
09
1/
b1001000 0
13
07
b11001100 5
11
02
b11101101110 F
b0 :
b1 ;
b10000010111 O
b11 I
b1111101010 K
#19780000
0.
#19785000
b1000 T
b10 &
b10 U
b1000 Z
b1001000 "
b1001000 Y
1.
#19786000
1R
b1110010 8
b1110010 Q
19
b10011100 0
17
b1110010 5
12
b11101101111 F
b1 :
b0 ;
b10000000110 L
b10000000110 H
b10 I
b1111101000 J
#19790000
0.
#19795000
b1001 T
b1011 S
b1001 Z
b10011100 "
b10011100 Y
b10 &
b10 U
b1011 [
1.
#19796000
0R
b10101001 8
b10101001 Q
09
b11010110 0
07
b10101001 5
02
b11101110000 F
b10 :
b1 ;
b1000011111 C
b10000000111 L
b10000000111 H
b1111101001 J
b10000011000 O
b10 I
b1111101011 K
#19800000
0.
#19805000
b1010 T
1(
b1 &
b1 U
b1010 Z
b11010110 "
b11010110 Y
1.
#19806000
b11111110 8
b11111110 Q
b1110010 0
b11111110 5
b11101110001 F
b11 :
b0 ;
b1011101 <
b10000001000 L
b10000001000 H
b1 I
b1111101010 J
#19810000
0.
#19815000
b1011 T
0P
1%
0(
b0 &
b0 U
b1011 Z
b1110010 "
b1110010 Y
1.
#19816000
1R
04
b11000010 8
b11000010 Q
19
0/
03
17
b11000010 5
01
12
b11101110010 F
b10011101 >
b100 :
b100100 @
b10000001001 L
b10000001001 H
b0 I
b1111101011 J
#19820000
0.
#19825000
b1100 S
0%
1(
b1 &
b1 U
b1100 [
1.
#19826000
b1100000 8
b1100000 Q
b1100000 5
b11101110011 F
b0 :
b1 ;
b1011110 <
b10000011001 O
b1 I
b1111101100 K
#19830000
0.
#19835000
b1101 S
0(
b10 &
b10 U
b1101 [
1.
#19836000
b10011011 8
b10011011 Q
b10011011 5
b11101110100 F
b10 ;
b10000011010 O
b10 I
b1111101101 K
#19840000
0.
#19845000
b1110 S
b11 &
b11 U
b1110 [
1.
#19846000
b11101001 8
b11101001 Q
b11101001 5
b11101110101 F
b11 ;
b10000011011 O
b11 I
b1111101110 K
#19850000
0.
#19855000
b1111 S
b100 &
b100 U
b1111 [
1.
#19856000
b1000000 8
b1000000 Q
b1000000 5
b11101110110 F
b10100111 ?
b100 ;
b10000011100 O
b100 I
b1111101111 K
#19860000
0.
#19865000
b0 S
b101 &
b101 U
b10000 [
1.
#19866000
1P
0R
14
b111110 8
b111110 Q
09
1/
b11000010 0
13
07
b111110 5
11
02
b11101110111 F
b10101000 ?
b101 ;
b10000011101 O
b101 I
b1111110000 K
#19870000
0.
#19875000
b1100 T
b100 &
b100 U
b1100 Z
b11000010 "
b11000010 Y
1.
#19876000
1R
b11101010 8
b11101010 Q
19
b1100000 0
17
b11101010 5
12
b11101111000 F
b1 :
b0 ;
b10000001010 L
b10000001010 H
b100 I
b1111101100 J
#19880000
0.
#19885000
b1 S
b1101 T
b10001 [
b100 &
b100 U
b1101 Z
b1100000 "
b1100000 Y
1.
#19886000
0P
0R
04
b0 8
b0 Q
09
0/
03
07
b0 5
01
02
b11101111001 F
b10 :
b1 ;
b1000100000 C
b10000001011 L
b10000001011 H
b1111101101 J
b10000011110 O
b100 I
b1111110001 K
#19890000
0.
#19895000
1.
#19896000
1P
1R
14
b1000000 8
b1000000 Q
19
1/
b10011011 0
13
17
b1000000 5
11
12
b11101111010 F
b0 :
b0 ;
#19900000
0.
#19905000
b10 S
b1110 T
b10010 [
b100 &
b100 U
b1110 Z
b10011011 "
b10011011 Y
1.
#19906000
0R
b11001100 8
b11001100 Q
09
b11101001 0
07
b11001100 5
02
b11101111011 F
b1 :
b1 ;
b1000100001 C
b10000001100 L
b10000001100 H
b1111101110 J
b10000011111 O
b100 I
b1111110010 K
#19910000
0.
#19915000
b1111 T
b11 &
b11 U
b1111 Z
b11101001 "
b11101001 Y
1.
#19916000
1R
b0 8
b0 Q
19
b1000000 0
17
b0 5
12
b11101111100 F
b10 :
b0 ;
b10000001101 L
b10000001101 H
b11 I
b1111101111 J
#19920000
0.
#19925000
b11 S
b0 T
b10011 [
b11 &
b11 U
b10000 Z
b1000000 "
b1000000 Y
1.
#19926000
0P
04
b11101001 8
b11101001 Q
0/
03
b11101001 5
01
b11101111101 F
b11 :
b1 ;
b1000100010 C
b10000001110 L
b10000001110 H
b1111110000 J
b10000100000 O
b11 I
b1111110011 K
#19930000
0.
#19935000
b100 S
b100 &
b100 U
b10100 [
1.
#19936000
0R
b1101000 8
b1101000 Q
09
07
b1101000 5
02
b11101111110 F
b0 :
b10 ;
b10000100001 O
b100 I
b1111110100 K
#19940000
0.
#19945000
1.
#19946000
b1011101 8
b1011101 Q
b1011101 5
b11101111111 F
b0 ;
#19950000
0.
#19955000
1.
#19956000
1P
14
b11010111 8
b11010111 Q
1/
b11101010 0
13
b11010111 5
11
b11110000000 F
#19960000
0.
#19965000
b1 T
b11 &
b11 U
b10001 Z
b11101010 "
b11101010 Y
1.
#19966000
0P
1R
04
b110001 8
b110001 Q
19
0/
03
17
b110001 5
01
12
b11110000001 F
b1 :
b10000001111 L
b10000001111 H
b11 I
b1111110001 J
#19970000
0.
#19975000
b101 S
b100 &
b100 U
b10101 [
1.
#19976000
1P
0R
14
b1010101 8
b1010101 Q
09
1/
b1000000 0
13
07
b1010101 5
11
02
b11110000010 F
b0 :
b1 ;
b10000100010 O
b100 I
b1111110101 K
#19980000
0.
#19985000
b10 T
b11 &
b11 U
b10010 Z
b1000000 "
b1000000 Y
1.
#19986000
b11 8
b11 Q
b0 0
b11 5
b11110000011 F
b1 :
b0 ;
b10000010000 L
b10000010000 H
b11 I
b1111110010 J
#19990000
0.
#19995000
b11 T
b10 &
b10 U
b10011 Z
b0 "
b0 Y
1.
#19996000
0P
04
b1001 8
b1001 Q
0/
03
b1001 5
01
b11110000100 F
b10 :
b10000010001 L
b10000010001 H
b10 I
b1111110011 J
#20000000
0.
#20005000
1.
#20006000
1R
b110010 8
b110010 Q
19
17
b110010 5
12
b11110000101 F
b0 :
#20010000
0.
#20015000
b110 S
b11 &
b11 U
b10110 [
1.
#20016000
1P
14
b111001 8
b111001 Q
1/
b11101001 0
13
b111001 5
11
b11110000110 F
b1 ;
b10000100011 O
b11 I
b1111110110 K
#20020000
0.
#20025000
b111 S
b100 T
b10111 [
b11 &
b11 U
b10100 Z
b11101001 "
b11101001 Y
1.
#20026000
0R
b11010101 8
b11010101 Q
09
b110001 0
07
b11010101 5
02
b11110000111 F
b1 :
b10 ;
b1000100011 C
b10000010010 L
b10000010010 H
b1111110100 J
b10000100100 O
b11 I
b1111110111 K
#20030000
0.
#20035000
b101 T
b10 &
b10 U
b10101 Z
b110001 "
b110001 Y
1.
#20036000
b11101101 8
b11101101 Q
b110010 0
b11101101 5
b11110001000 F
b10 :
b0 ;
b10000010011 L
b10000010011 H
b10 I
b1111110101 J
#20040000
0.
#20045000
b110 T
1(
b1 &
b1 U
b10110 Z
b110010 "
b110010 Y
1.
#20046000
0P
1R
04
b11101010 8
b11101010 Q
19
0/
03
17
b11101010 5
01
12
b11110001001 F
b11 :
b1011111 <
b10000010100 L
b10000010100 H
b1 I
b1111110110 J
#20050000
0.
#20055000
b1000 S
0(
b10 &
b10 U
b11000 [
1.
#20056000
1P
14
b11011010 8
b11011010 Q
1/
b111001 0
13
b11011010 5
11
b11110001010 F
b0 :
b1 ;
b10000100101 O
b10 I
b1111111000 K
#20060000
0.
#20065000
b1001 S
b111 T
b11001 [
0(
b10 &
b10 U
b10111 Z
b111001 "
b111001 Y
1.
#20066000
0P
04
b1001010 8
b1001010 Q
0/
03
b1001010 5
01
b11110001011 F
b1 :
b10 ;
b1000100100 C
b10000010101 L
b10000010101 H
b1111110111 J
b10000100110 O
b10 I
b1111111001 K
#20070000
0.
#20075000
b1010 S
b11 &
b11 U
b11010 [
1.
#20076000
1P
14
b10101000 8
b10101000 Q
1/
b11101010 0
13
b10101000 5
11
b11110001100 F
b0 :
b11 ;
b10000100111 O
b11 I
b1111111010 K
#20080000
0.
#20085000
b1011 S
b1000 T
b11011 [
b11 &
b11 U
b11000 Z
b11101010 "
b11101010 Y
1.
#20086000
0P
04
b11110100 8
b11110100 Q
0/
03
b11110100 5
01
b11110001101 F
b10101001 ?
b1 :
b100 ;
b1000100101 C
b10000010110 L
b10000010110 H
b1111111000 J
b10000101000 O
b11 I
b1111111011 K
#20090000
0.
#20095000
b1100 S
b100 &
b100 U
b11100 [
1.
#20096000
1P
14
b11100101 8
b11100101 Q
1/
b11011010 0
13
b11100101 5
11
b11110001110 F
b10101010 ?
b0 :
b101 ;
b10000101001 O
b100 I
b1111111100 K
#20100000
0.
#20105000
b1101 S
b1001 T
b11101 [
b100 &
b100 U
b11001 Z
b11011010 "
b11011010 Y
1.
#20106000
b1010101 8
b1010101 Q
b1001010 0
b1010101 5
b11110001111 F
b10101011 ?
b1 :
b110 ;
b1000100110 C
b10000010111 L
b10000010111 H
b1111111001 J
b10000101010 O
b100 I
b1111111101 K
#20110000
0.
#20115000
b1010 T
b1110 S
b11010 Z
b1001010 "
b1001010 Y
b100 &
b100 U
b11110 [
1.
#20116000
0R
b11000 8
b11000 Q
09
b10101000 0
07
b11000 5
02
b11110010000 F
b10101100 ?
b10 :
b111 ;
b1000100111 C
b10000011000 L
b10000011000 H
b1111111010 J
b10000101011 O
b100 I
b1111111110 K
#20120000
0.
#20125000
b1011 T
b11 &
b11 U
b11011 Z
b10101000 "
b10101000 Y
1.
#20126000
0P
1R
04
b11010101 8
b11010101 Q
19
0/
03
17
b11010101 5
01
12
b11110010001 F
b11 :
b0 ;
b10000011001 L
b10000011001 H
b11 I
b1111111011 J
#20130000
0.
#20135000
b1111 S
b100 &
b100 U
b11111 [
1.
#20136000
1P
14
b110001 8
b110001 Q
1/
b11110100 0
13
b110001 5
11
b11110010010 F
b0 :
b1 ;
b10000101100 O
b100 I
b1111111111 K
#20140000
0.
#20145000
b0 S
b1100 T
b0 [
b100 &
b100 U
b11100 Z
b11110100 "
b11110100 Y
1.
#20146000
b10111110 8
b10111110 Q
b11100101 0
b10111110 5
b11110010011 F
b1 :
b10 ;
b1000101000 C
b10000011010 L
b10000011010 H
b1111111100 J
b10000101101 O
b100 I
b10000000000 K
#20150000
0.
#20155000
b1101 T
b1 S
b11101 Z
b11100101 "
b11100101 Y
b100 &
b100 U
b1 [
1.
#20156000
0R
b11111010 8
b11111010 Q
09
b1010101 0
07
b11111010 5
02
b11110010100 F
b10 :
b11 ;
b1000101001 C
b10000011011 L
b10000011011 H
b1111111101 J
b10000101110 O
b100 I
b10000000001 K
#20160000
0.
#20165000
b1110 T
b11 &
b11 U
b11110 Z
b1010101 "
b1010101 Y
1.
#20166000
1R
b1100011 8
b1100011 Q
19
b11010101 0
17
b1100011 5
12
b11110010101 F
b11 :
b0 ;
b10000011100 L
b10000011100 H
b11 I
b1111111110 J
#20170000
0.
#20175000
b1111 T
b10 S
b11111 Z
b11010101 "
b11010101 Y
b11 &
b11 U
b10 [
1.
#20176000
0R
b1011011 8
b1011011 Q
09
b110001 0
07
b1011011 5
02
b11110010110 F
b10011110 >
b100 :
b1 ;
b1000101010 C
b10000011101 L
b10000011101 H
b1111111111 J
b10000101111 O
b11 I
b10000000010 K
#20180000
0.
#20185000
b0 T
b10 &
b10 U
b0 Z
b110001 "
b110001 Y
1.
#20186000
b11101100 8
b11101100 Q
b10111110 0
b11101100 5
b11110010111 F
b10011111 >
b101 :
b0 ;
b10000011110 L
b10000011110 H
b10 I
b10000000000 J
#20190000
0.
#20195000
b1 T
1(
b1 &
b1 U
b1 Z
b10111110 "
b10111110 Y
1.
#20196000
1R
b10110011 8
b10110011 Q
19
b1100011 0
17
b10110011 5
12
b11110011000 F
b10100000 >
b110 :
b1100000 <
b10000011111 L
b10000011111 H
b1 I
b10000000001 J
#20200000
0.
#20205000
b11 S
b10 T
b11 [
0%
1(
b1 &
b1 U
b10 Z
b1100011 "
b1100011 Y
1.
#20206000
0P
0R
04
b11010101 8
b11010101 Q
09
0/
03
07
b11010101 5
01
02
b11110011001 F
b10100001 >
b111 :
b1 ;
b1000101011 C
b1100001 <
b10000100000 L
b10000100000 H
b10000000010 J
b10000110000 O
b1 I
b10000000011 K
#20210000
0.
#20215000
1.
#20216000
1P
14
b11011100 8
b11011100 Q
1/
b10110011 0
13
b11011100 5
11
b11110011010 F
b0 :
b0 ;
b1100010 <
#20220000
0.
#20225000
b11 T
0P
1%
0(
b0 &
b0 U
b11 Z
b10110011 "
b10110011 Y
1.
#20226000
1R
b1001 8
b1001 Q
19
0/
03
17
b1001 5
12
b11110011011 F
b1 :
b100101 @
b10000100001 L
b10000100001 H
b0 I
b10000000011 J
#20230000
0.
#20235000
b100 S
1P
1!
0%
1(
b1 &
b1 U
b100 [
1.
#20236000
0R
b10011101 8
b10011101 Q
09
1/
b1001 0
13
07
b10011101 5
02
b11110011100 F
b0 :
b1 ;
b1000101100 C
b1100011 <
b10100 B
b10100 N
b10000110001 O
b1 I
b10000000100 K
#20240000
0.
#20245000
b100 T
0P
1%
0(
b0 &
b0 U
b100 Z
b1001 "
b1001 Y
0!
1.
#20246000
1R
04
b11011111 8
b11011111 Q
19
0/
03
17
b11011111 5
01
12
b11110011101 F
b1 :
b0 ;
b100110 @
b10000100010 L
b10000100010 H
b0 I
b10000000100 J
#20250000
0.
#20255000
b101 S
0%
1(
b1 &
b1 U
b101 [
1.
#20256000
1P
0R
14
b1111101 8
b1111101 Q
09
1/
b11011111 0
13
07
b1111101 5
11
02
b11110011110 F
b0 :
b1 ;
b1100100 <
b10000110010 O
b1 I
b10000000101 K
#20260000
0.
#20265000
b101 T
0P
1%
0(
b0 &
b0 U
b101 Z
b11011111 "
b11011111 Y
1.
#20266000
1R
b111111 8
b111111 Q
19
0/
03
17
b111111 5
12
b11110011111 F
b1 :
b0 ;
b100111 @
b10000100011 L
b10000100011 H
b0 I
b10000000101 J
#20270000
0.
#20275000
b110 S
1P
1!
0%
1(
b1 &
b1 U
b110 [
1.
#20276000
0P
0R
04
b10111010 8
b10111010 Q
09
07
b10111010 5
01
02
b11110100000 F
b0 :
b1 ;
b1000101101 C
b1100101 <
b10101 B
b10101 N
b10000110011 O
b1 I
b10000000110 K
#20280000
0.
#20285000
0!
1.
#20286000
1P
14
b11100000 8
b11100000 Q
1/
b111111 0
13
b11100000 5
11
b11110100001 F
b0 ;
b1100110 <
#20290000
0.
#20295000
b110 T
0P
1%
0(
b0 &
b0 U
b110 Z
b111111 "
b111111 Y
1.
#20296000
1R
04
b11001111 8
b11001111 Q
19
0/
03
17
b11001111 5
01
12
b11110100010 F
b1 :
b101000 @
b10000100100 L
b10000100100 H
b0 I
b10000000110 J
#20300000
0.
#20305000
b111 S
0%
1(
b1 &
b1 U
b111 [
1.
#20306000
1P
0R
14
b10000101 8
b10000101 Q
09
1/
b11001111 0
13
07
b10000101 5
11
02
b11110100011 F
b0 :
b1 ;
b1100111 <
b10000110100 O
b1 I
b10000000111 K
#20310000
0.
#20315000
b111 T
0P
1%
0(
b0 &
b0 U
b111 Z
b11001111 "
b11001111 Y
1.
#20316000
1R
b111001 8
b111001 Q
19
0/
03
17
b111001 5
12
b11110100100 F
b1 :
b0 ;
b101001 @
b10000100101 L
b10000100101 H
b0 I
b10000000111 J
#20320000
0.
#20325000
b1000 S
1P
0%
1(
b1 &
b1 U
b1000 [
1!
1.
#20326000
0R
b11111111 8
b11111111 Q
09
1/
b111001 0
13
07
b11111111 5
02
b11110100101 F
b0 :
b1 ;
b1000101110 C
b1101000 <
b10110 B
b10110 N
b10000110101 O
b1 I
b10000001000 K
#20330000
0.
#20335000
b1000 T
0P
0!
1%
0(
b0 &
b0 U
b1000 Z
b111001 "
b111001 Y
1.
#20336000
1R
04
b110 8
b110 Q
19
0/
03
17
b110 5
01
12
b11110100110 F
b1 :
b0 ;
b101010 @
b10000100110 L
b10000100110 H
b0 I
b10000001000 J
#20340000
0.
#20345000
b1001 S
0%
1(
b1 &
b1 U
b1001 [
1.
#20346000
0R
b11111 8
b11111 Q
09
07
b11111 5
02
b11110100111 F
b0 :
b1 ;
b1101001 <
b10000110110 O
b1 I
b10000001001 K
#20350000
0.
#20355000
1.
#20356000
b100111 8
b100111 Q
b100111 5
b11110101000 F
b0 ;
b1101010 <
#20360000
0.
#20365000
1.
#20366000
1P
14
b11000111 8
b11000111 Q
1/
b110 0
13
b11000111 5
11
b11110101001 F
b1101011 <
#20370000
0.
#20375000
b1001 T
0P
1%
0(
b0 &
b0 U
b1001 Z
b110 "
b110 Y
1.
#20376000
04
b1101000 8
b1101000 Q
0/
03
b1101000 5
01
b11110101010 F
b1 :
b101011 @
b10000100111 L
b10000100111 H
b0 I
b10000001001 J
#20380000
0.
#20385000
1.
#20386000
14
b11011010 8
b11011010 Q
b11011010 5
11
b11110101011 F
b0 :
b101100 @
#20390000
0.
#20395000
1!
1.
#20396000
04
b111001 8
b111001 Q
b111001 5
01
b11110101100 F
b101101 @
b10111 B
b10111 N
#20400000
0.
#20405000
0!
1.
#20406000
1R
b10011000 8
b10011000 Q
19
17
b10011000 5
12
b11110101101 F
b101110 @
#20410000
0.
#20415000
b1010 S
0%
1(
b1 &
b1 U
b1010 [
1.
#20416000
1P
0R
14
b11101 8
b11101 Q
09
1/
b10011000 0
13
07
b11101 5
11
02
b11110101110 F
b1 ;
b1101100 <
b10000110111 O
b1 I
b10000001010 K
#20420000
0.
#20425000
b1010 T
0P
1%
0(
b0 &
b0 U
b1010 Z
b10011000 "
b10011000 Y
1.
#20426000
1R
04
b10100010 8
b10100010 Q
19
0/
03
17
b10100010 5
01
12
b11110101111 F
b1 :
b0 ;
b101111 @
b10000101000 L
b10000101000 H
b0 I
b10000001010 J
#20430000
0.
#20435000
b1011 S
0%
1(
b1 &
b1 U
b1011 [
1.
#20436000
1P
0R
14
b10001000 8
b10001000 Q
09
1/
b10100010 0
13
07
b10001000 5
11
02
b11110110000 F
b0 :
b1 ;
b1101101 <
b10000111000 O
b1 I
b10000001011 K
#20440000
0.
#20445000
b1011 T
0P
1%
0(
b0 &
b0 U
b1011 Z
b10100010 "
b10100010 Y
1.
#20446000
1R
04
b11111001 8
b11111001 Q
19
0/
03
17
b11111001 5
01
12
b11110110001 F
b1 :
b0 ;
b110000 @
b10000101001 L
b10000101001 H
b0 I
b10000001011 J
#20450000
0.
#20455000
b1100 S
0%
1(
b1 &
b1 U
b1100 [
1.
#20456000
1P
14
b100000 8
b100000 Q
1/
b11111001 0
13
b100000 5
11
b11110110010 F
b0 :
b1 ;
b1101110 <
b10000111001 O
b1 I
b10000001100 K
#20460000
0.
#20465000
b1101 S
b1100 T
b1101 [
0%
1(
b1 &
b1 U
b1100 Z
b11111001 "
b11111001 Y
1.
#20466000
0P
04
b11111110 8
b11111110 Q
0/
03
b11111110 5
01
b11110110011 F
b1 :
b10 ;
b1000101111 C
b1101111 <
b10000101010 L
b10000101010 H
b10000001100 J
b10000111010 O
b1 I
b10000001101 K
#20470000
0.
#20475000
b1110 S
0(
b10 &
b10 U
b1110 [
1.
#20476000
1P
14
b10110100 8
b10110100 Q
1/
b100000 0
13
b10110100 5
11
b11110110100 F
b0 :
b11 ;
b10000111011 O
b10 I
b10000001110 K
#20480000
0.
#20485000
b1111 S
b1101 T
b1111 [
0(
b10 &
b10 U
b1101 Z
b100000 "
b100000 Y
1.
#20486000
0P
0R
04
b10110000 8
b10110000 Q
09
0/
03
07
b10110000 5
01
02
b11110110101 F
b10101101 ?
b1 :
b100 ;
b1000110000 C
b10000101011 L
b10000101011 H
b10000001101 J
b10000111100 O
b10 I
b10000001111 K
#20490000
0.
#20495000
1.
#20496000
b10011010 8
b10011010 Q
b10011010 5
b11110110110 F
b0 :
b0 ;
#20500000
0.
#20505000
1.
#20506000
1P
14
b10010101 8
b10010101 Q
1/
b11111110 0
13
b10010101 5
11
b11110110111 F
#20510000
0.
#20515000
b1110 T
1(
b1 &
b1 U
b1110 Z
b11111110 "
b11111110 Y
1.
#20516000
0P
1R
04
b10111010 8
b10111010 Q
19
0/
03
17
b10111010 5
01
12
b11110111000 F
b1 :
b1110000 <
b10000101100 L
b10000101100 H
b1 I
b10000001110 J
#20520000
0.
#20525000
b0 S
0(
b10 &
b10 U
b10000 [
1.
#20526000
b100010 8
b100010 Q
b100010 5
b11110111001 F
b0 :
b1 ;
b10000111101 O
b10 I
b10000010000 K
#20530000
0.
#20535000
b1 S
b11 &
b11 U
b10001 [
1.
#20536000
1P
14
b11100010 8
b11100010 Q
1/
b10110100 0
13
b11100010 5
11
b11110111010 F
b10 ;
b10000111110 O
b11 I
b10000010001 K
#20540000
0.
#20545000
b10 S
b1111 T
b10010 [
b11 &
b11 U
b1111 Z
b10110100 "
b10110100 Y
1.
#20546000
0P
0R
04
b10110000 8
b10110000 Q
09
0/
03
07
b10110000 5
01
02
b11110111011 F
b1 :
b11 ;
b1000110001 C
b10000101101 L
b10000101101 H
b10000001111 J
b10000111111 O
b11 I
b10000010010 K
#20550000
0.
#20555000
1.
#20556000
1R
b10000010 8
b10000010 Q
19
17
b10000010 5
12
b11110111100 F
b0 :
b0 ;
#20560000
0.
#20565000
b11 S
b100 &
b100 U
b10011 [
1.
#20566000
b1011101 8
b1011101 Q
b1011101 5
b11110111101 F
b1 ;
b10001000000 O
b100 I
b10000010011 K
#20570000
0.
#20575000
b100 S
b101 &
b101 U
b10100 [
1.
#20576000
1P
0R
14
b11111000 8
b11111000 Q
09
1/
b10111010 0
13
07
b11111000 5
11
02
b11110111110 F
b10 ;
b10001000001 O
b101 I
b10000010100 K
#20580000
0.
#20585000
b0 T
b100 &
b100 U
b10000 Z
b10111010 "
b10111010 Y
1.
#20586000
1R
b1111000 8
b1111000 Q
19
b100010 0
17
b1111000 5
12
b11110111111 F
b1 :
b0 ;
b10000101110 L
b10000101110 H
b100 I
b10000010000 J
#20590000
0.
#20595000
b1 T
b101 S
b10001 Z
b100010 "
b100010 Y
b100 &
b100 U
b10101 [
1.
#20596000
0P
0R
04
b11011101 8
b11011101 Q
09
0/
03
07
b11011101 5
01
02
b11111000000 F
b10 :
b1 ;
b1000110010 C
b10000101111 L
b10000101111 H
b10000010001 J
b10001000010 O
b100 I
b10000010101 K
#20600000
0.
#20605000
1.
#20606000
b11010000 8
b11010000 Q
b11010000 5
b11111000001 F
b0 :
b0 ;
#20610000
0.
#20615000
1.
#20616000
1P
14
b11110 8
b11110 Q
1/
b11100010 0
13
b11110 5
11
b11111000010 F
#20620000
0.
#20625000
b10 T
b11 &
b11 U
b10010 Z
b11100010 "
b11100010 Y
1.
#20626000
1R
b1011011 8
b1011011 Q
19
b10000010 0
17
b1011011 5
12
b11111000011 F
b1 :
b10000110000 L
b10000110000 H
b11 I
b10000010010 J
#20630000
0.
#20635000
b11 T
b110 S
b10011 Z
b10000010 "
b10000010 Y
b11 &
b11 U
b10110 [
1.
#20636000
0P
04
b10001001 8
b10001001 Q
0/
03
b10001001 5
01
b11111000100 F
b10 :
b1 ;
b1000110011 C
b10000110001 L
b10000110001 H
b10000010011 J
b10001000011 O
b11 I
b10000010110 K
#20640000
0.
#20645000
b111 S
b100 &
b100 U
b10111 [
1.
#20646000
b10011011 8
b10011011 Q
b10011011 5
b11111000101 F
b0 :
b10 ;
b10001000100 O
b100 I
b10000010111 K
#20650000
0.
#20655000
b1000 S
b101 &
b101 U
b11000 [
1.
#20656000
1P
0R
14
b0 8
b0 Q
09
1/
b1011101 0
13
07
b0 5
11
02
b11111000110 F
b11 ;
b10001000101 O
b101 I
b10000011000 K
#20660000
0.
#20665000
b100 T
b100 &
b100 U
b10100 Z
b1011101 "
b1011101 Y
1.
#20666000
1R
b11010001 8
b11010001 Q
19
b1111000 0
17
b11010001 5
12
b11111000111 F
b1 :
b0 ;
b10000110010 L
b10000110010 H
b100 I
b10000010100 J
#20670000
0.
#20675000
b101 T
b1001 S
b10101 Z
b1111000 "
b1111000 Y
b100 &
b100 U
b11001 [
1.
#20676000
0R
b1110011 8
b1110011 Q
09
b1011011 0
07
b1110011 5
02
b11111001000 F
b10 :
b1 ;
b1000110100 C
b10000110011 L
b10000110011 H
b10000010101 J
b10001000110 O
b100 I
b10000011001 K
#20680000
0.
#20685000
b110 T
b11 &
b11 U
b10110 Z
b1011011 "
b1011011 Y
1.
#20686000
0P
04
b11110101 8
b11110101 Q
0/
03
b11110101 5
01
b11111001001 F
b11 :
b0 ;
b10000110100 L
b10000110100 H
b11 I
b10000010110 J
#20690000
0.
#20695000
1.
#20696000
1P
14
b10000000 8
b10000000 Q
1/
b10001001 0
13
b10000000 5
11
b11111001010 F
b0 :
#20700000
0.
#20705000
b111 T
b10 &
b10 U
b10111 Z
b10001001 "
b10001001 Y
1.
#20706000
1R
b1101111 8
b1101111 Q
19
b10011011 0
17
b1101111 5
12
b11111001011 F
b1 :
b10000110101 L
b10000110101 H
b10 I
b10000010111 J
#20710000
0.
#20715000
b1000 T
b1010 S
b11000 Z
b10011011 "
b10011011 Y
b10 &
b10 U
b11010 [
1.
#20716000
0P
04
b110110 8
b110110 Q
0/
03
b110110 5
01
b11111001100 F
b10 :
b1 ;
b1000110101 C
b10000110110 L
b10000110110 H
b10000011000 J
b10001000111 O
b10 I
b10000011010 K
#20720000
0.
#20725000
b1011 S
b11 &
b11 U
b11011 [
1.
#20726000
b1101 8
b1101 Q
b1101 5
b11111001101 F
b0 :
b10 ;
b10001001000 O
b11 I
b10000011011 K
#20730000
0.
#20735000
b1100 S
b100 &
b100 U
b11100 [
1.
#20736000
1P
0R
14
b10101 8
b10101 Q
09
1/
b11010001 0
13
07
b10101 5
11
02
b11111001110 F
b11 ;
b10001001001 O
b100 I
b10000011100 K
#20740000
0.
#20745000
b1001 T
b11 &
b11 U
b11001 Z
b11010001 "
b11010001 Y
1.
#20746000
1R
b1 8
b1 Q
19
b1101111 0
17
b1 5
12
b11111001111 F
b1 :
b0 ;
b10000110111 L
b10000110111 H
b11 I
b10000011001 J
#20750000
0.
#20755000
b1010 T
b1101 S
b11010 Z
b1101111 "
b1101111 Y
b11 &
b11 U
b11101 [
1.
#20756000
b1010 \
b11111010000 F
b10 :
b1 ;
b1000110110 C
b10000111000 L
b10000111000 H
b10000011010 J
b10001001010 O
b11 I
b10000011101 K
